资源表,资源排序,是否仪表盘主记录,周次,周范围,数据覆盖,solution名称,solution路径,英文名称,中英日URL,匹配路径别名,落地页访问量,独立访客数,会话数,平均停留时长秒,参与率,跳出率,主要流量来源,页面浏览事件_page_view,滚动事件_scroll,用户互动_user_engagement,关键事件_keyEvents,关键事件数_GA_conversions,关键事件转化率,滚动率_scroll_page_view,互动率_user_engagement_page_view,会话关键事件率,CTA状态,表单提交状态,一键加购状态,销售跟进状态,社媒平台数据状态,GA已接入口径,数据状态,官网总访问量,solution页面总访问量,CTA总点击量,表单提交总数,社媒总曝光量,增长最快solution,表单转化率,CTA点击率,解决方案独立访客数,解决方案会话数,GA关键事件总数,GA关键事件转化率,已接入事件口径,数据说明,最新周次,关键事件数(GA conversions),页面浏览事件(page_view),滚动事件(scroll),首次访问(first_visit),会话开始(session_start),用户互动(user_engagement),关键事件(keyEvents),页面访问量,CTA,表单提交(leads),一键加购,销售跟进数,页面->CTA转化率,CTA->表单转化率,访问层_page_view,滚动层_scroll,互动层_user_engagement,GA会话数,滚动率_scroll/page_view,互动率_user_engagement/page_view,关键事件转化率_keyEvents/page_view,会话关键事件率_keyEvents/session_start,GA已接入漏斗事件,缺失埋点说明,周期开始,周期结束,渠道,用户数,浏览量,转化数,转化率,平均会话时长秒,渠道排序,业务判断,建议动作,页面路径,页面标题,平均互动秒,关键事件触发次数,主要事件,页面类型/内容主题,平台,粉丝数,发帖数,曝光/播放,互动数,互动率,点击数,网站会话数,网站用户数,最佳内容类型,适合继续投入,建议UTM渠道参数,备注
00_多维仪表盘主表,00-0001,是,2026-06-29,2026-06-29 至 2026-07-05,2026-06-30 至 2026-07-05,语音采集与分析,/solutions/voicecollectionanalysis,Voice Collection and Analysis,https://www.seeedstudio.com.cn/solutions/voicecollectionanalysis | https://www.seeed.cc/solutions/voicecollectionanalysis | https://www.seeed.co.jp/solutions/voicecollectionanalysis,/solutions/voicecollectionanalysis | /voicecollectionanalysis | /respeaker-clip-wearable-ai-recorder.html | /blog/2026/02/03/from-hearing-clearly-to-understanding-sound-how-respeaker-brings-voice-ai-into-real-world-scenarios/,7896,2740,2919,38.49,94.00%,6.00%,Email,0,0,0,0,151,5.17%,0.00%,0.00%,5.17%,GA4未发现可验证CTA事件,GA4未发现可验证表单事件,GA4未发现可验证加购事件,未接入CRM/销售跟进数据,平台后台数据未接入；GA4仅可观察Organic Social网站会话,page_view / scroll / first_visit / session_start / user_engagement / keyEvents,有GA页面数据,,,,,,,,,,,,,,,,,,,,,,,,,,,,,,,,,,,,,,,,,,,,,,,,,,,,,,,,,,,,,,,,,,,,,
00_多维仪表盘主表,00-0002,是,2026-06-29,2026-06-29 至 2026-07-05,2026-06-30 至 2026-07-05,智能仓储管理,/solutions/smart-warehouse-management,Smart Warehouse Management,https://www.seeedstudio.com.cn/solutions/smart-warehouse-management | https://www.seeed.cc/solutions/smart-warehouse-management | https://www.seeed.co.jp/solutions/smart-warehouse-management,/solutions/smart-warehouse-management | /smart-warehouse-management,0,0,0,0.00,0.00%,0.00%,GA4本周未命中,0,0,0,0,0,0.00%,0.00%,0.00%,0.00%,GA4未发现可验证CTA事件,GA4未发现可验证表单事件,GA4未发现可验证加购事件,未接入CRM/销售跟进数据,平台后台数据未接入；GA4仅可观察Organic Social网站会话,page_view / scroll / first_visit / session_start / user_engagement / keyEvents,GA4本周未命中该方案页,,,,,,,,,,,,,,,,,,,,,,,,,,,,,,,,,,,,,,,,,,,,,,,,,,,,,,,,,,,,,,,,,,,,,
00_多维仪表盘主表,00-0003,是,2026-06-29,2026-06-29 至 2026-07-05,2026-06-30 至 2026-07-05,智能视频分析,/solutions/intelligent-video-analytics,Intelligent Video Analytics,https://www.seeedstudio.com.cn/solutions/intelligent-video-analytics | https://www.seeed.cc/solutions/intelligent-video-analytics | https://www.seeed.co.jp/solutions/intelligent-video-analytics,/solutions/intelligent-video-analytics | /intelligent-video-analytics | /intelligent-video-analytics,44,16,21,19.38,85.71%,14.29%,Paid Search,0,0,0,0,0,0.00%,0.00%,0.00%,0.00%,GA4未发现可验证CTA事件,GA4未发现可验证表单事件,GA4未发现可验证加购事件,未接入CRM/销售跟进数据,平台后台数据未接入；GA4仅可观察Organic Social网站会话,page_view / scroll / first_visit / session_start / user_engagement / keyEvents,有GA页面数据,,,,,,,,,,,,,,,,,,,,,,,,,,,,,,,,,,,,,,,,,,,,,,,,,,,,,,,,,,,,,,,,,,,,,
00_多维仪表盘主表,00-0004,是,2026-06-29,2026-06-29 至 2026-07-05,2026-06-30 至 2026-07-05,室内外定位,/solutions/indoor-outdoor-positioning,Indoor and Outdoor Positioning,https://www.seeedstudio.com.cn/solutions/indoor-outdoor-positioning | https://www.seeed.cc/solutions/indoor-outdoor-positioning | https://www.seeed.co.jp/solutions/indoor-outdoor-positioning,/solutions/indoor-outdoor-positioning | /indoor-outdoor-positioning | /sensecap-t1000-tracker | /Positioning-Tracker-c-2495.html,365,160,172,39.03,93.60%,6.40%,Organic Search,0,0,0,0,0,0.00%,0.00%,0.00%,0.00%,GA4未发现可验证CTA事件,GA4未发现可验证表单事件,GA4未发现可验证加购事件,未接入CRM/销售跟进数据,平台后台数据未接入；GA4仅可观察Organic Social网站会话,page_view / scroll / first_visit / session_start / user_engagement / keyEvents,有GA页面数据,,,,,,,,,,,,,,,,,,,,,,,,,,,,,,,,,,,,,,,,,,,,,,,,,,,,,,,,,,,,,,,,,,,,,
00_多维仪表盘主表,00-0005,是,2026-06-29,2026-06-29 至 2026-07-05,2026-06-30 至 2026-07-05,对话式语音 AI,/solutions/conversational-voice-ai,Conversational Voice AI,https://www.seeedstudio.com.cn/solutions/conversational-voice-ai | https://www.seeed.cc/solutions/conversational-voice-ai | https://www.seeed.co.jp/solutions/conversational-voice-ai,/solutions/conversational-voice-ai | /conversational-voice-ai | /Home-Assistant-Voice-p-6998.html | /ReSpeaker-Lite-Voice-Assistant-Kit-p-5929.html,3616,1418,1529,36.24,87.38%,12.62%,Referral,0,0,0,0,88,5.76%,0.00%,0.00%,5.76%,GA4未发现可验证CTA事件,GA4未发现可验证表单事件,GA4未发现可验证加购事件,未接入CRM/销售跟进数据,平台后台数据未接入；GA4仅可观察Organic Social网站会话,page_view / scroll / first_visit / session_start / user_engagement / keyEvents,有GA页面数据,,,,,,,,,,,,,,,,,,,,,,,,,,,,,,,,,,,,,,,,,,,,,,,,,,,,,,,,,,,,,,,,,,,,,
00_多维仪表盘主表,00-0006,是,2026-06-29,2026-06-29 至 2026-07-05,2026-06-30 至 2026-07-05,环境监测,/solutions/environment-monitoring,Environment Monitoring,https://www.seeedstudio.com.cn/solutions/environment-monitoring | https://www.seeed.cc/solutions/environment-monitoring | https://www.seeed.co.jp/solutions/environment-monitoring,/solutions/environment-monitoring | /environment-monitoring | /industries/environment-monitoring | /Environment-Monitoring-c-2535.html | /blog/environment-monitoring/,60,34,36,19.53,91.67%,8.33%,Organic Search,0,0,0,0,0,0.00%,0.00%,0.00%,0.00%,GA4未发现可验证CTA事件,GA4未发现可验证表单事件,GA4未发现可验证加购事件,未接入CRM/销售跟进数据,平台后台数据未接入；GA4仅可观察Organic Social网站会话,page_view / scroll / first_visit / session_start / user_engagement / keyEvents,有GA页面数据,,,,,,,,,,,,,,,,,,,,,,,,,,,,,,,,,,,,,,,,,,,,,,,,,,,,,,,,,,,,,,,,,,,,,
00_多维仪表盘主表,00-0007,是,2026-06-29,2026-06-29 至 2026-07-05,2026-06-30 至 2026-07-05,楼宇能源改造,/solutions/building-energy-retrofit,Building Energy Retrofit,https://www.seeedstudio.com.cn/solutions/building-energy-retrofit | https://www.seeed.cc/solutions/building-energy-retrofit | https://www.seeed.co.jp/solutions/building-energy-retrofit,/solutions/building-energy-retrofit | /building-energy-retrofit | /blog/2024/05/14/introducing-recomputer-r1000-an-industrial-edge-iot-gateway-powered-by-raspberry-pi-ideal-for-smart-building-and-energy-management/,0,0,0,0.00,0.00%,0.00%,GA4本周未命中,0,0,0,0,0,0.00%,0.00%,0.00%,0.00%,GA4未发现可验证CTA事件,GA4未发现可验证表单事件,GA4未发现可验证加购事件,未接入CRM/销售跟进数据,平台后台数据未接入；GA4仅可观察Organic Social网站会话,page_view / scroll / first_visit / session_start / user_engagement / keyEvents,GA4本周未命中该方案页,,,,,,,,,,,,,,,,,,,,,,,,,,,,,,,,,,,,,,,,,,,,,,,,,,,,,,,,,,,,,,,,,,,,,
00_多维仪表盘主表,00-0008,是,2026-06-29,2026-06-29 至 2026-07-05,2026-06-30 至 2026-07-05,智能畜牧养殖,/solutions/smart-livestock-farming,Smart Livestock Farming,https://www.seeedstudio.com.cn/solutions/smart-livestock-farming | https://www.seeed.cc/solutions/smart-livestock-farming | https://www.seeed.co.jp/solutions/smart-livestock-farming,/solutions/smart-livestock-farming | /smart-livestock-farming | /Farming-Environment-Monitoring.html,14,4,4,3.50,100.00%,0.00%,Direct,0,0,0,0,0,0.00%,0.00%,0.00%,0.00%,GA4未发现可验证CTA事件,GA4未发现可验证表单事件,GA4未发现可验证加购事件,未接入CRM/销售跟进数据,平台后台数据未接入；GA4仅可观察Organic Social网站会话,page_view / scroll / first_visit / session_start / user_engagement / keyEvents,有GA页面数据,,,,,,,,,,,,,,,,,,,,,,,,,,,,,,,,,,,,,,,,,,,,,,,,,,,,,,,,,,,,,,,,,,,,,
00_多维仪表盘主表,00-0009,是,2026-06-29,2026-06-29 至 2026-07-05,2026-06-30 至 2026-07-05,智慧农业传感,/solutions/smart-agriculture-sensing,Smart Agriculture Sensing,https://www.seeedstudio.com.cn/solutions/smart-agriculture-sensing | https://www.seeed.cc/solutions/smart-agriculture-sensing | https://www.seeed.co.jp/solutions/smart-agriculture-sensing,/solutions/smart-agriculture-sensing | /smart-agriculture-sensing | /Wireless-Smart-Agriculture-Kit-Outdoor-p-4950.html,19,4,4,135.25,100.00%,0.00%,Direct,0,0,0,0,0,0.00%,0.00%,0.00%,0.00%,GA4未发现可验证CTA事件,GA4未发现可验证表单事件,GA4未发现可验证加购事件,未接入CRM/销售跟进数据,平台后台数据未接入；GA4仅可观察Organic Social网站会话,page_view / scroll / first_visit / session_start / user_engagement / keyEvents,有GA页面数据,,,,,,,,,,,,,,,,,,,,,,,,,,,,,,,,,,,,,,,,,,,,,,,,,,,,,,,,,,,,,,,,,,,,,
00_多维仪表盘主表,00-0010,是,2026-06-29,2026-06-29 至 2026-07-05,2026-06-30 至 2026-07-05,校园安全管理,/solutions/campus-safety-management,Campus Safety Management,https://www.seeedstudio.com.cn/solutions/campus-safety-management | https://www.seeed.cc/solutions/campus-safety-management | https://www.seeed.co.jp/solutions/campus-safety-management,/solutions/campus-safety-management | /campus-safety-management | /lorawan-safety-badge,0,0,0,0.00,0.00%,0.00%,GA4本周未命中,0,0,0,0,0,0.00%,0.00%,0.00%,0.00%,GA4未发现可验证CTA事件,GA4未发现可验证表单事件,GA4未发现可验证加购事件,未接入CRM/销售跟进数据,平台后台数据未接入；GA4仅可观察Organic Social网站会话,page_view / scroll / first_visit / session_start / user_engagement / keyEvents,GA4本周未命中该方案页,,,,,,,,,,,,,,,,,,,,,,,,,,,,,,,,,,,,,,,,,,,,,,,,,,,,,,,,,,,,,,,,,,,,,
00_多维仪表盘主表,00-0011,是,2026-06-29,2026-06-29 至 2026-07-05,2026-06-30 至 2026-07-05,应急响应,/solutions/hazard-response,Hazard Response,https://www.seeedstudio.com.cn/solutions/hazard-response | https://www.seeed.cc/solutions/hazard-response | https://www.seeed.co.jp/solutions/hazard-response,/solutions/hazard-response | /hazard-response | /Mission-Pack.html | /blog/2023/11/29/hazard-response-mission-pack-october-workshops-recap/,6,3,3,6.00,66.67%,33.33%,Unassigned,0,0,0,0,0,0.00%,0.00%,0.00%,0.00%,GA4未发现可验证CTA事件,GA4未发现可验证表单事件,GA4未发现可验证加购事件,未接入CRM/销售跟进数据,平台后台数据未接入；GA4仅可观察Organic Social网站会话,page_view / scroll / first_visit / session_start / user_engagement / keyEvents,有GA页面数据,,,,,,,,,,,,,,,,,,,,,,,,,,,,,,,,,,,,,,,,,,,,,,,,,,,,,,,,,,,,,,,,,,,,,
00_多维仪表盘主表,00-0012,是,2026-06-29,2026-06-29 至 2026-07-05,2026-06-30 至 2026-07-05,楼宇能源管理,/solutions/building-energy-management,Building Energy Management,https://www.seeedstudio.com.cn/solutions/building-energy-management | https://www.seeed.cc/solutions/building-energy-management | https://www.seeed.co.jp/solutions/building-energy-management,/solutions/building-energy-management | /building-energy-management | /Energy-Shield.html | /blog/2024/05/14/introducing-recomputer-r1000-an-industrial-edge-iot-gateway-powered-by-raspberry-pi-ideal-for-smart-building-and-energy-management/,36,18,18,7.39,100.00%,0.00%,Direct,0,0,0,0,0,0.00%,0.00%,0.00%,0.00%,GA4未发现可验证CTA事件,GA4未发现可验证表单事件,GA4未发现可验证加购事件,未接入CRM/销售跟进数据,平台后台数据未接入；GA4仅可观察Organic Social网站会话,page_view / scroll / first_visit / session_start / user_engagement / keyEvents,有GA页面数据,,,,,,,,,,,,,,,,,,,,,,,,,,,,,,,,,,,,,,,,,,,,,,,,,,,,,,,,,,,,,,,,,,,,,
00_多维仪表盘主表,00-0013,是,2026-07-06,2026-07-06 至 2026-07-12,2026-07-06 至 2026-07-12,语音采集与分析,/solutions/voicecollectionanalysis,Voice Collection and Analysis,https://www.seeedstudio.com.cn/solutions/voicecollectionanalysis | https://www.seeed.cc/solutions/voicecollectionanalysis | https://www.seeed.co.jp/solutions/voicecollectionanalysis,/solutions/voicecollectionanalysis | /voicecollectionanalysis | /respeaker-clip-wearable-ai-recorder.html | /blog/2026/02/03/from-hearing-clearly-to-understanding-sound-how-respeaker-brings-voice-ai-into-real-world-scenarios/,7749,3105,3373,33.47,84.46%,15.54%,Email,0,0,0,0,111,3.29%,0.00%,0.00%,3.29%,GA4未发现可验证CTA事件,GA4未发现可验证表单事件,GA4未发现可验证加购事件,未接入CRM/销售跟进数据,平台后台数据未接入；GA4仅可观察Organic Social网站会话,page_view / scroll / first_visit / session_start / user_engagement / keyEvents,有GA页面数据,,,,,,,,,,,,,,,,,,,,,,,,,,,,,,,,,,,,,,,,,,,,,,,,,,,,,,,,,,,,,,,,,,,,,
00_多维仪表盘主表,00-0014,是,2026-07-06,2026-07-06 至 2026-07-12,2026-07-06 至 2026-07-12,智能仓储管理,/solutions/smart-warehouse-management,Smart Warehouse Management,https://www.seeedstudio.com.cn/solutions/smart-warehouse-management | https://www.seeed.cc/solutions/smart-warehouse-management | https://www.seeed.co.jp/solutions/smart-warehouse-management,/solutions/smart-warehouse-management | /smart-warehouse-management,0,0,0,0.00,0.00%,0.00%,GA4本周未命中,0,0,0,0,0,0.00%,0.00%,0.00%,0.00%,GA4未发现可验证CTA事件,GA4未发现可验证表单事件,GA4未发现可验证加购事件,未接入CRM/销售跟进数据,平台后台数据未接入；GA4仅可观察Organic Social网站会话,page_view / scroll / first_visit / session_start / user_engagement / keyEvents,GA4本周未命中该方案页,,,,,,,,,,,,,,,,,,,,,,,,,,,,,,,,,,,,,,,,,,,,,,,,,,,,,,,,,,,,,,,,,,,,,
00_多维仪表盘主表,00-0015,是,2026-07-06,2026-07-06 至 2026-07-12,2026-07-06 至 2026-07-12,智能视频分析,/solutions/intelligent-video-analytics,Intelligent Video Analytics,https://www.seeedstudio.com.cn/solutions/intelligent-video-analytics | https://www.seeed.cc/solutions/intelligent-video-analytics | https://www.seeed.co.jp/solutions/intelligent-video-analytics,/solutions/intelligent-video-analytics | /intelligent-video-analytics | /intelligent-video-analytics,25,12,14,23.86,100.00%,0.00%,Paid Search,0,0,0,0,0,0.00%,0.00%,0.00%,0.00%,GA4未发现可验证CTA事件,GA4未发现可验证表单事件,GA4未发现可验证加购事件,未接入CRM/销售跟进数据,平台后台数据未接入；GA4仅可观察Organic Social网站会话,page_view / scroll / first_visit / session_start / user_engagement / keyEvents,有GA页面数据,,,,,,,,,,,,,,,,,,,,,,,,,,,,,,,,,,,,,,,,,,,,,,,,,,,,,,,,,,,,,,,,,,,,,
00_多维仪表盘主表,00-0016,是,2026-07-06,2026-07-06 至 2026-07-12,2026-07-06 至 2026-07-12,室内外定位,/solutions/indoor-outdoor-positioning,Indoor and Outdoor Positioning,https://www.seeedstudio.com.cn/solutions/indoor-outdoor-positioning | https://www.seeed.cc/solutions/indoor-outdoor-positioning | https://www.seeed.co.jp/solutions/indoor-outdoor-positioning,/solutions/indoor-outdoor-positioning | /indoor-outdoor-positioning | /sensecap-t1000-tracker | /Positioning-Tracker-c-2495.html,362,167,175,35.08,93.14%,6.86%,Organic Search,0,0,0,0,0,0.00%,0.00%,0.00%,0.00%,GA4未发现可验证CTA事件,GA4未发现可验证表单事件,GA4未发现可验证加购事件,未接入CRM/销售跟进数据,平台后台数据未接入；GA4仅可观察Organic Social网站会话,page_view / scroll / first_visit / session_start / user_engagement / keyEvents,有GA页面数据,,,,,,,,,,,,,,,,,,,,,,,,,,,,,,,,,,,,,,,,,,,,,,,,,,,,,,,,,,,,,,,,,,,,,
00_多维仪表盘主表,00-0017,是,2026-07-06,2026-07-06 至 2026-07-12,2026-07-06 至 2026-07-12,对话式语音 AI,/solutions/conversational-voice-ai,Conversational Voice AI,https://www.seeedstudio.com.cn/solutions/conversational-voice-ai | https://www.seeed.cc/solutions/conversational-voice-ai | https://www.seeed.co.jp/solutions/conversational-voice-ai,/solutions/conversational-voice-ai | /conversational-voice-ai | /Home-Assistant-Voice-p-6998.html | /ReSpeaker-Lite-Voice-Assistant-Kit-p-5929.html,4927,1813,1945,24.76,86.02%,13.98%,Referral,0,0,0,0,128,6.58%,0.00%,0.00%,6.58%,GA4未发现可验证CTA事件,GA4未发现可验证表单事件,GA4未发现可验证加购事件,未接入CRM/销售跟进数据,平台后台数据未接入；GA4仅可观察Organic Social网站会话,page_view / scroll / first_visit / session_start / user_engagement / keyEvents,有GA页面数据,,,,,,,,,,,,,,,,,,,,,,,,,,,,,,,,,,,,,,,,,,,,,,,,,,,,,,,,,,,,,,,,,,,,,
00_多维仪表盘主表,00-0018,是,2026-07-06,2026-07-06 至 2026-07-12,2026-07-06 至 2026-07-12,环境监测,/solutions/environment-monitoring,Environment Monitoring,https://www.seeedstudio.com.cn/solutions/environment-monitoring | https://www.seeed.cc/solutions/environment-monitoring | https://www.seeed.co.jp/solutions/environment-monitoring,/solutions/environment-monitoring | /environment-monitoring | /industries/environment-monitoring | /Environment-Monitoring-c-2535.html | /blog/environment-monitoring/,50,31,33,17.48,90.91%,9.09%,Organic Search,0,0,0,0,0,0.00%,0.00%,0.00%,0.00%,GA4未发现可验证CTA事件,GA4未发现可验证表单事件,GA4未发现可验证加购事件,未接入CRM/销售跟进数据,平台后台数据未接入；GA4仅可观察Organic Social网站会话,page_view / scroll / first_visit / session_start / user_engagement / keyEvents,有GA页面数据,,,,,,,,,,,,,,,,,,,,,,,,,,,,,,,,,,,,,,,,,,,,,,,,,,,,,,,,,,,,,,,,,,,,,
00_多维仪表盘主表,00-0019,是,2026-07-06,2026-07-06 至 2026-07-12,2026-07-06 至 2026-07-12,楼宇能源改造,/solutions/building-energy-retrofit,Building Energy Retrofit,https://www.seeedstudio.com.cn/solutions/building-energy-retrofit | https://www.seeed.cc/solutions/building-energy-retrofit | https://www.seeed.co.jp/solutions/building-energy-retrofit,/solutions/building-energy-retrofit | /building-energy-retrofit | /blog/2024/05/14/introducing-recomputer-r1000-an-industrial-edge-iot-gateway-powered-by-raspberry-pi-ideal-for-smart-building-and-energy-management/,0,0,0,0.00,0.00%,0.00%,GA4本周未命中,0,0,0,0,0,0.00%,0.00%,0.00%,0.00%,GA4未发现可验证CTA事件,GA4未发现可验证表单事件,GA4未发现可验证加购事件,未接入CRM/销售跟进数据,平台后台数据未接入；GA4仅可观察Organic Social网站会话,page_view / scroll / first_visit / session_start / user_engagement / keyEvents,GA4本周未命中该方案页,,,,,,,,,,,,,,,,,,,,,,,,,,,,,,,,,,,,,,,,,,,,,,,,,,,,,,,,,,,,,,,,,,,,,
00_多维仪表盘主表,00-0020,是,2026-07-06,2026-07-06 至 2026-07-12,2026-07-06 至 2026-07-12,智能畜牧养殖,/solutions/smart-livestock-farming,Smart Livestock Farming,https://www.seeedstudio.com.cn/solutions/smart-livestock-farming | https://www.seeed.cc/solutions/smart-livestock-farming | https://www.seeed.co.jp/solutions/smart-livestock-farming,/solutions/smart-livestock-farming | /smart-livestock-farming | /Farming-Environment-Monitoring.html,6,1,1,8.00,100.00%,0.00%,Organic Search,0,0,0,0,0,0.00%,0.00%,0.00%,0.00%,GA4未发现可验证CTA事件,GA4未发现可验证表单事件,GA4未发现可验证加购事件,未接入CRM/销售跟进数据,平台后台数据未接入；GA4仅可观察Organic Social网站会话,page_view / scroll / first_visit / session_start / user_engagement / keyEvents,有GA页面数据,,,,,,,,,,,,,,,,,,,,,,,,,,,,,,,,,,,,,,,,,,,,,,,,,,,,,,,,,,,,,,,,,,,,,
00_多维仪表盘主表,00-0021,是,2026-07-06,2026-07-06 至 2026-07-12,2026-07-06 至 2026-07-12,智慧农业传感,/solutions/smart-agriculture-sensing,Smart Agriculture Sensing,https://www.seeedstudio.com.cn/solutions/smart-agriculture-sensing | https://www.seeed.cc/solutions/smart-agriculture-sensing | https://www.seeed.co.jp/solutions/smart-agriculture-sensing,/solutions/smart-agriculture-sensing | /smart-agriculture-sensing | /Wireless-Smart-Agriculture-Kit-Outdoor-p-4950.html,7,2,2,18.50,100.00%,0.00%,Direct,0,0,0,0,0,0.00%,0.00%,0.00%,0.00%,GA4未发现可验证CTA事件,GA4未发现可验证表单事件,GA4未发现可验证加购事件,未接入CRM/销售跟进数据,平台后台数据未接入；GA4仅可观察Organic Social网站会话,page_view / scroll / first_visit / session_start / user_engagement / keyEvents,有GA页面数据,,,,,,,,,,,,,,,,,,,,,,,,,,,,,,,,,,,,,,,,,,,,,,,,,,,,,,,,,,,,,,,,,,,,,
00_多维仪表盘主表,00-0022,是,2026-07-06,2026-07-06 至 2026-07-12,2026-07-06 至 2026-07-12,校园安全管理,/solutions/campus-safety-management,Campus Safety Management,https://www.seeedstudio.com.cn/solutions/campus-safety-management | https://www.seeed.cc/solutions/campus-safety-management | https://www.seeed.co.jp/solutions/campus-safety-management,/solutions/campus-safety-management | /campus-safety-management | /lorawan-safety-badge,17,3,3,40.00,100.00%,0.00%,Organic Search,0,0,0,0,0,0.00%,0.00%,0.00%,0.00%,GA4未发现可验证CTA事件,GA4未发现可验证表单事件,GA4未发现可验证加购事件,未接入CRM/销售跟进数据,平台后台数据未接入；GA4仅可观察Organic Social网站会话,page_view / scroll / first_visit / session_start / user_engagement / keyEvents,有GA页面数据,,,,,,,,,,,,,,,,,,,,,,,,,,,,,,,,,,,,,,,,,,,,,,,,,,,,,,,,,,,,,,,,,,,,,
00_多维仪表盘主表,00-0023,是,2026-07-06,2026-07-06 至 2026-07-12,2026-07-06 至 2026-07-12,应急响应,/solutions/hazard-response,Hazard Response,https://www.seeedstudio.com.cn/solutions/hazard-response | https://www.seeed.cc/solutions/hazard-response | https://www.seeed.co.jp/solutions/hazard-response,/solutions/hazard-response | /hazard-response | /Mission-Pack.html | /blog/2023/11/29/hazard-response-mission-pack-october-workshops-recap/,25,7,8,66.37,100.00%,0.00%,Referral,0,0,0,0,0,0.00%,0.00%,0.00%,0.00%,GA4未发现可验证CTA事件,GA4未发现可验证表单事件,GA4未发现可验证加购事件,未接入CRM/销售跟进数据,平台后台数据未接入；GA4仅可观察Organic Social网站会话,page_view / scroll / first_visit / session_start / user_engagement / keyEvents,有GA页面数据,,,,,,,,,,,,,,,,,,,,,,,,,,,,,,,,,,,,,,,,,,,,,,,,,,,,,,,,,,,,,,,,,,,,,
00_多维仪表盘主表,00-0024,是,2026-07-06,2026-07-06 至 2026-07-12,2026-07-06 至 2026-07-12,楼宇能源管理,/solutions/building-energy-management,Building Energy Management,https://www.seeedstudio.com.cn/solutions/building-energy-management | https://www.seeed.cc/solutions/building-energy-management | https://www.seeed.co.jp/solutions/building-energy-management,/solutions/building-energy-management | /building-energy-management | /Energy-Shield.html | /blog/2024/05/14/introducing-recomputer-r1000-an-industrial-edge-iot-gateway-powered-by-raspberry-pi-ideal-for-smart-building-and-energy-management/,15,8,8,9.62,100.00%,0.00%,Direct,0,0,0,0,0,0.00%,0.00%,0.00%,0.00%,GA4未发现可验证CTA事件,GA4未发现可验证表单事件,GA4未发现可验证加购事件,未接入CRM/销售跟进数据,平台后台数据未接入；GA4仅可观察Organic Social网站会话,page_view / scroll / first_visit / session_start / user_engagement / keyEvents,有GA页面数据,,,,,,,,,,,,,,,,,,,,,,,,,,,,,,,,,,,,,,,,,,,,,,,,,,,,,,,,,,,,,,,,,,,,,
00_多维仪表盘主表,00-0025,是,2026-07-13,2026-07-13 至 2026-07-19,2026-07-13 至 2026-07-19,语音采集与分析,/solutions/voicecollectionanalysis,Voice Collection and Analysis,https://www.seeedstudio.com.cn/solutions/voicecollectionanalysis | https://www.seeed.cc/solutions/voicecollectionanalysis | https://www.seeed.co.jp/solutions/voicecollectionanalysis,/solutions/voicecollectionanalysis | /voicecollectionanalysis | /respeaker-clip-wearable-ai-recorder.html | /blog/2026/02/03/from-hearing-clearly-to-understanding-sound-how-respeaker-brings-voice-ai-into-real-world-scenarios/,4078,1487,1619,32.43,90.92%,9.08%,Organic Search,0,0,0,0,61,3.77%,0.00%,0.00%,3.77%,GA4未发现可验证CTA事件,GA4未发现可验证表单事件,GA4未发现可验证加购事件,未接入CRM/销售跟进数据,平台后台数据未接入；GA4仅可观察Organic Social网站会话,page_view / scroll / first_visit / session_start / user_engagement / keyEvents,有GA页面数据,,,,,,,,,,,,,,,,,,,,,,,,,,,,,,,,,,,,,,,,,,,,,,,,,,,,,,,,,,,,,,,,,,,,,
00_多维仪表盘主表,00-0026,是,2026-07-13,2026-07-13 至 2026-07-19,2026-07-13 至 2026-07-19,智能仓储管理,/solutions/smart-warehouse-management,Smart Warehouse Management,https://www.seeedstudio.com.cn/solutions/smart-warehouse-management | https://www.seeed.cc/solutions/smart-warehouse-management | https://www.seeed.co.jp/solutions/smart-warehouse-management,/solutions/smart-warehouse-management | /smart-warehouse-management,0,0,0,0.00,0.00%,0.00%,GA4本周未命中,0,0,0,0,0,0.00%,0.00%,0.00%,0.00%,GA4未发现可验证CTA事件,GA4未发现可验证表单事件,GA4未发现可验证加购事件,未接入CRM/销售跟进数据,平台后台数据未接入；GA4仅可观察Organic Social网站会话,page_view / scroll / first_visit / session_start / user_engagement / keyEvents,GA4本周未命中该方案页,,,,,,,,,,,,,,,,,,,,,,,,,,,,,,,,,,,,,,,,,,,,,,,,,,,,,,,,,,,,,,,,,,,,,
00_多维仪表盘主表,00-0027,是,2026-07-13,2026-07-13 至 2026-07-19,2026-07-13 至 2026-07-19,智能视频分析,/solutions/intelligent-video-analytics,Intelligent Video Analytics,https://www.seeedstudio.com.cn/solutions/intelligent-video-analytics | https://www.seeed.cc/solutions/intelligent-video-analytics | https://www.seeed.co.jp/solutions/intelligent-video-analytics,/solutions/intelligent-video-analytics | /intelligent-video-analytics | /intelligent-video-analytics,36,16,19,9.58,84.21%,15.79%,Direct,0,0,0,0,0,0.00%,0.00%,0.00%,0.00%,GA4未发现可验证CTA事件,GA4未发现可验证表单事件,GA4未发现可验证加购事件,未接入CRM/销售跟进数据,平台后台数据未接入；GA4仅可观察Organic Social网站会话,page_view / scroll / first_visit / session_start / user_engagement / keyEvents,有GA页面数据,,,,,,,,,,,,,,,,,,,,,,,,,,,,,,,,,,,,,,,,,,,,,,,,,,,,,,,,,,,,,,,,,,,,,
00_多维仪表盘主表,00-0028,是,2026-07-13,2026-07-13 至 2026-07-19,2026-07-13 至 2026-07-19,室内外定位,/solutions/indoor-outdoor-positioning,Indoor and Outdoor Positioning,https://www.seeedstudio.com.cn/solutions/indoor-outdoor-positioning | https://www.seeed.cc/solutions/indoor-outdoor-positioning | https://www.seeed.co.jp/solutions/indoor-outdoor-positioning,/solutions/indoor-outdoor-positioning | /indoor-outdoor-positioning | /sensecap-t1000-tracker | /Positioning-Tracker-c-2495.html,378,167,183,32.02,91.26%,8.74%,Organic Search,0,0,0,0,0,0.00%,0.00%,0.00%,0.00%,GA4未发现可验证CTA事件,GA4未发现可验证表单事件,GA4未发现可验证加购事件,未接入CRM/销售跟进数据,平台后台数据未接入；GA4仅可观察Organic Social网站会话,page_view / scroll / first_visit / session_start / user_engagement / keyEvents,有GA页面数据,,,,,,,,,,,,,,,,,,,,,,,,,,,,,,,,,,,,,,,,,,,,,,,,,,,,,,,,,,,,,,,,,,,,,
00_多维仪表盘主表,00-0029,是,2026-07-13,2026-07-13 至 2026-07-19,2026-07-13 至 2026-07-19,对话式语音 AI,/solutions/conversational-voice-ai,Conversational Voice AI,https://www.seeedstudio.com.cn/solutions/conversational-voice-ai | https://www.seeed.cc/solutions/conversational-voice-ai | https://www.seeed.co.jp/solutions/conversational-voice-ai,/solutions/conversational-voice-ai | /conversational-voice-ai | /Home-Assistant-Voice-p-6998.html | /ReSpeaker-Lite-Voice-Assistant-Kit-p-5929.html,5080,1883,2005,23.13,85.64%,14.36%,Referral,0,0,0,0,107,5.34%,0.00%,0.00%,5.34%,GA4未发现可验证CTA事件,GA4未发现可验证表单事件,GA4未发现可验证加购事件,未接入CRM/销售跟进数据,平台后台数据未接入；GA4仅可观察Organic Social网站会话,page_view / scroll / first_visit / session_start / user_engagement / keyEvents,有GA页面数据,,,,,,,,,,,,,,,,,,,,,,,,,,,,,,,,,,,,,,,,,,,,,,,,,,,,,,,,,,,,,,,,,,,,,
00_多维仪表盘主表,00-0030,是,2026-07-13,2026-07-13 至 2026-07-19,2026-07-13 至 2026-07-19,环境监测,/solutions/environment-monitoring,Environment Monitoring,https://www.seeedstudio.com.cn/solutions/environment-monitoring | https://www.seeed.cc/solutions/environment-monitoring | https://www.seeed.co.jp/solutions/environment-monitoring,/solutions/environment-monitoring | /environment-monitoring | /industries/environment-monitoring | /Environment-Monitoring-c-2535.html | /blog/environment-monitoring/,74,37,39,19.97,97.44%,2.56%,Unassigned,0,0,0,0,1,2.56%,0.00%,0.00%,2.56%,GA4未发现可验证CTA事件,GA4未发现可验证表单事件,GA4未发现可验证加购事件,未接入CRM/销售跟进数据,平台后台数据未接入；GA4仅可观察Organic Social网站会话,page_view / scroll / first_visit / session_start / user_engagement / keyEvents,有GA页面数据,,,,,,,,,,,,,,,,,,,,,,,,,,,,,,,,,,,,,,,,,,,,,,,,,,,,,,,,,,,,,,,,,,,,,
00_多维仪表盘主表,00-0031,是,2026-07-13,2026-07-13 至 2026-07-19,2026-07-13 至 2026-07-19,楼宇能源改造,/solutions/building-energy-retrofit,Building Energy Retrofit,https://www.seeedstudio.com.cn/solutions/building-energy-retrofit | https://www.seeed.cc/solutions/building-energy-retrofit | https://www.seeed.co.jp/solutions/building-energy-retrofit,/solutions/building-energy-retrofit | /building-energy-retrofit | /blog/2024/05/14/introducing-recomputer-r1000-an-industrial-edge-iot-gateway-powered-by-raspberry-pi-ideal-for-smart-building-and-energy-management/,9,1,3,0.00,100.00%,0.00%,Unassigned,0,0,0,0,0,0.00%,0.00%,0.00%,0.00%,GA4未发现可验证CTA事件,GA4未发现可验证表单事件,GA4未发现可验证加购事件,未接入CRM/销售跟进数据,平台后台数据未接入；GA4仅可观察Organic Social网站会话,page_view / scroll / first_visit / session_start / user_engagement / keyEvents,有GA页面数据,,,,,,,,,,,,,,,,,,,,,,,,,,,,,,,,,,,,,,,,,,,,,,,,,,,,,,,,,,,,,,,,,,,,,
00_多维仪表盘主表,00-0032,是,2026-07-13,2026-07-13 至 2026-07-19,2026-07-13 至 2026-07-19,智能畜牧养殖,/solutions/smart-livestock-farming,Smart Livestock Farming,https://www.seeedstudio.com.cn/solutions/smart-livestock-farming | https://www.seeed.cc/solutions/smart-livestock-farming | https://www.seeed.co.jp/solutions/smart-livestock-farming,/solutions/smart-livestock-farming | /smart-livestock-farming | /Farming-Environment-Monitoring.html,0,0,0,0.00,0.00%,0.00%,GA4本周未命中,0,0,0,0,0,0.00%,0.00%,0.00%,0.00%,GA4未发现可验证CTA事件,GA4未发现可验证表单事件,GA4未发现可验证加购事件,未接入CRM/销售跟进数据,平台后台数据未接入；GA4仅可观察Organic Social网站会话,page_view / scroll / first_visit / session_start / user_engagement / keyEvents,GA4本周未命中该方案页,,,,,,,,,,,,,,,,,,,,,,,,,,,,,,,,,,,,,,,,,,,,,,,,,,,,,,,,,,,,,,,,,,,,,
00_多维仪表盘主表,00-0033,是,2026-07-13,2026-07-13 至 2026-07-19,2026-07-13 至 2026-07-19,智慧农业传感,/solutions/smart-agriculture-sensing,Smart Agriculture Sensing,https://www.seeedstudio.com.cn/solutions/smart-agriculture-sensing | https://www.seeed.cc/solutions/smart-agriculture-sensing | https://www.seeed.co.jp/solutions/smart-agriculture-sensing,/solutions/smart-agriculture-sensing | /smart-agriculture-sensing | /Wireless-Smart-Agriculture-Kit-Outdoor-p-4950.html,0,0,0,0.00,0.00%,0.00%,GA4本周未命中,0,0,0,0,0,0.00%,0.00%,0.00%,0.00%,GA4未发现可验证CTA事件,GA4未发现可验证表单事件,GA4未发现可验证加购事件,未接入CRM/销售跟进数据,平台后台数据未接入；GA4仅可观察Organic Social网站会话,page_view / scroll / first_visit / session_start / user_engagement / keyEvents,GA4本周未命中该方案页,,,,,,,,,,,,,,,,,,,,,,,,,,,,,,,,,,,,,,,,,,,,,,,,,,,,,,,,,,,,,,,,,,,,,
00_多维仪表盘主表,00-0034,是,2026-07-13,2026-07-13 至 2026-07-19,2026-07-13 至 2026-07-19,校园安全管理,/solutions/campus-safety-management,Campus Safety Management,https://www.seeedstudio.com.cn/solutions/campus-safety-management | https://www.seeed.cc/solutions/campus-safety-management | https://www.seeed.co.jp/solutions/campus-safety-management,/solutions/campus-safety-management | /campus-safety-management | /lorawan-safety-badge,0,0,0,0.00,0.00%,0.00%,GA4本周未命中,0,0,0,0,0,0.00%,0.00%,0.00%,0.00%,GA4未发现可验证CTA事件,GA4未发现可验证表单事件,GA4未发现可验证加购事件,未接入CRM/销售跟进数据,平台后台数据未接入；GA4仅可观察Organic Social网站会话,page_view / scroll / first_visit / session_start / user_engagement / keyEvents,GA4本周未命中该方案页,,,,,,,,,,,,,,,,,,,,,,,,,,,,,,,,,,,,,,,,,,,,,,,,,,,,,,,,,,,,,,,,,,,,,
00_多维仪表盘主表,00-0035,是,2026-07-13,2026-07-13 至 2026-07-19,2026-07-13 至 2026-07-19,应急响应,/solutions/hazard-response,Hazard Response,https://www.seeedstudio.com.cn/solutions/hazard-response | https://www.seeed.cc/solutions/hazard-response | https://www.seeed.co.jp/solutions/hazard-response,/solutions/hazard-response | /hazard-response | /Mission-Pack.html | /blog/2023/11/29/hazard-response-mission-pack-october-workshops-recap/,9,2,2,142.00,100.00%,0.00%,Direct,0,0,0,0,0,0.00%,0.00%,0.00%,0.00%,GA4未发现可验证CTA事件,GA4未发现可验证表单事件,GA4未发现可验证加购事件,未接入CRM/销售跟进数据,平台后台数据未接入；GA4仅可观察Organic Social网站会话,page_view / scroll / first_visit / session_start / user_engagement / keyEvents,有GA页面数据,,,,,,,,,,,,,,,,,,,,,,,,,,,,,,,,,,,,,,,,,,,,,,,,,,,,,,,,,,,,,,,,,,,,,
00_多维仪表盘主表,00-0036,是,2026-07-13,2026-07-13 至 2026-07-19,2026-07-13 至 2026-07-19,楼宇能源管理,/solutions/building-energy-management,Building Energy Management,https://www.seeedstudio.com.cn/solutions/building-energy-management | https://www.seeed.cc/solutions/building-energy-management | https://www.seeed.co.jp/solutions/building-energy-management,/solutions/building-energy-management | /building-energy-management | /Energy-Shield.html | /blog/2024/05/14/introducing-recomputer-r1000-an-industrial-edge-iot-gateway-powered-by-raspberry-pi-ideal-for-smart-building-and-energy-management/,9,1,3,0.00,100.00%,0.00%,Unassigned,0,0,0,0,0,0.00%,0.00%,0.00%,0.00%,GA4未发现可验证CTA事件,GA4未发现可验证表单事件,GA4未发现可验证加购事件,未接入CRM/销售跟进数据,平台后台数据未接入；GA4仅可观察Organic Social网站会话,page_view / scroll / first_visit / session_start / user_engagement / keyEvents,有GA页面数据,,,,,,,,,,,,,,,,,,,,,,,,,,,,,,,,,,,,,,,,,,,,,,,,,,,,,,,,,,,,,,,,,,,,,
00_多维仪表盘主表,00-0037,是,2026-07-20,2026-07-20 至 2026-07-26,2026-07-20 至 2026-07-26,语音采集与分析,/solutions/voicecollectionanalysis,Voice Collection and Analysis,https://www.seeedstudio.com.cn/solutions/voicecollectionanalysis | https://www.seeed.cc/solutions/voicecollectionanalysis | https://www.seeed.co.jp/solutions/voicecollectionanalysis,/solutions/voicecollectionanalysis | /voicecollectionanalysis | /respeaker-clip-wearable-ai-recorder.html | /blog/2026/02/03/from-hearing-clearly-to-understanding-sound-how-respeaker-brings-voice-ai-into-real-world-scenarios/,3696,1330,1437,33.53,93.25%,6.75%,Direct,0,0,0,0,58,4.04%,0.00%,0.00%,4.04%,GA4未发现可验证CTA事件,GA4未发现可验证表单事件,GA4未发现可验证加购事件,未接入CRM/销售跟进数据,平台后台数据未接入；GA4仅可观察Organic Social网站会话,page_view / scroll / first_visit / session_start / user_engagement / keyEvents,有GA页面数据,,,,,,,,,,,,,,,,,,,,,,,,,,,,,,,,,,,,,,,,,,,,,,,,,,,,,,,,,,,,,,,,,,,,,
00_多维仪表盘主表,00-0038,是,2026-07-20,2026-07-20 至 2026-07-26,2026-07-20 至 2026-07-26,智能仓储管理,/solutions/smart-warehouse-management,Smart Warehouse Management,https://www.seeedstudio.com.cn/solutions/smart-warehouse-management | https://www.seeed.cc/solutions/smart-warehouse-management | https://www.seeed.co.jp/solutions/smart-warehouse-management,/solutions/smart-warehouse-management | /smart-warehouse-management,6,2,2,2.50,100.00%,0.00%,Paid Search,6,3,1,0,0,0.00%,50.00%,16.67%,0.00%,GA4未发现可验证CTA事件,GA4未发现可验证表单事件,GA4未发现可验证加购事件,未接入CRM/销售跟进数据,平台后台数据未接入；GA4仅可观察Organic Social网站会话,page_view / scroll / first_visit / session_start / user_engagement / keyEvents,有GA页面数据,,,,,,,,,,,,,,,,,,,,,,,,,,,,,,,,,,,,,,,,,,,,,,,,,,,,,,,,,,,,,,,,,,,,,
00_多维仪表盘主表,00-0039,是,2026-07-20,2026-07-20 至 2026-07-26,2026-07-20 至 2026-07-26,智能视频分析,/solutions/intelligent-video-analytics,Intelligent Video Analytics,https://www.seeedstudio.com.cn/solutions/intelligent-video-analytics | https://www.seeed.cc/solutions/intelligent-video-analytics | https://www.seeed.co.jp/solutions/intelligent-video-analytics,/solutions/intelligent-video-analytics | /intelligent-video-analytics | /intelligent-video-analytics,20,12,14,20.64,78.57%,21.43%,Direct,19,5,5,0,0,0.00%,26.32%,26.32%,0.00%,GA4未发现可验证CTA事件,GA4未发现可验证表单事件,GA4未发现可验证加购事件,未接入CRM/销售跟进数据,平台后台数据未接入；GA4仅可观察Organic Social网站会话,page_view / scroll / first_visit / session_start / user_engagement / keyEvents,有GA页面数据,,,,,,,,,,,,,,,,,,,,,,,,,,,,,,,,,,,,,,,,,,,,,,,,,,,,,,,,,,,,,,,,,,,,,
00_多维仪表盘主表,00-0040,是,2026-07-20,2026-07-20 至 2026-07-26,2026-07-20 至 2026-07-26,室内外定位,/solutions/indoor-outdoor-positioning,Indoor and Outdoor Positioning,https://www.seeedstudio.com.cn/solutions/indoor-outdoor-positioning | https://www.seeed.cc/solutions/indoor-outdoor-positioning | https://www.seeed.co.jp/solutions/indoor-outdoor-positioning,/solutions/indoor-outdoor-positioning | /indoor-outdoor-positioning | /sensecap-t1000-tracker | /Positioning-Tracker-c-2495.html,361,145,158,133.78,89.24%,10.76%,Organic Search,0,0,0,0,1,0.63%,0.00%,0.00%,0.63%,GA4未发现可验证CTA事件,GA4未发现可验证表单事件,GA4未发现可验证加购事件,未接入CRM/销售跟进数据,平台后台数据未接入；GA4仅可观察Organic Social网站会话,page_view / scroll / first_visit / session_start / user_engagement / keyEvents,有GA页面数据,,,,,,,,,,,,,,,,,,,,,,,,,,,,,,,,,,,,,,,,,,,,,,,,,,,,,,,,,,,,,,,,,,,,,
00_多维仪表盘主表,00-0041,是,2026-07-20,2026-07-20 至 2026-07-26,2026-07-20 至 2026-07-26,对话式语音 AI,/solutions/conversational-voice-ai,Conversational Voice AI,https://www.seeedstudio.com.cn/solutions/conversational-voice-ai | https://www.seeed.cc/solutions/conversational-voice-ai | https://www.seeed.co.jp/solutions/conversational-voice-ai,/solutions/conversational-voice-ai | /conversational-voice-ai | /Home-Assistant-Voice-p-6998.html | /ReSpeaker-Lite-Voice-Assistant-Kit-p-5929.html,4164,1481,1591,26.34,90.63%,9.37%,Referral,0,0,0,0,109,6.85%,0.00%,0.00%,6.85%,GA4未发现可验证CTA事件,GA4未发现可验证表单事件,GA4未发现可验证加购事件,未接入CRM/销售跟进数据,平台后台数据未接入；GA4仅可观察Organic Social网站会话,page_view / scroll / first_visit / session_start / user_engagement / keyEvents,有GA页面数据,,,,,,,,,,,,,,,,,,,,,,,,,,,,,,,,,,,,,,,,,,,,,,,,,,,,,,,,,,,,,,,,,,,,,
00_多维仪表盘主表,00-0042,是,2026-07-20,2026-07-20 至 2026-07-26,2026-07-20 至 2026-07-26,环境监测,/solutions/environment-monitoring,Environment Monitoring,https://www.seeedstudio.com.cn/solutions/environment-monitoring | https://www.seeed.cc/solutions/environment-monitoring | https://www.seeed.co.jp/solutions/environment-monitoring,/solutions/environment-monitoring | /environment-monitoring | /industries/environment-monitoring | /Environment-Monitoring-c-2535.html | /blog/environment-monitoring/,64,34,36,24.44,91.67%,8.33%,Organic Search,0,0,0,0,0,0.00%,0.00%,0.00%,0.00%,GA4未发现可验证CTA事件,GA4未发现可验证表单事件,GA4未发现可验证加购事件,未接入CRM/销售跟进数据,平台后台数据未接入；GA4仅可观察Organic Social网站会话,page_view / scroll / first_visit / session_start / user_engagement / keyEvents,有GA页面数据,,,,,,,,,,,,,,,,,,,,,,,,,,,,,,,,,,,,,,,,,,,,,,,,,,,,,,,,,,,,,,,,,,,,,
00_多维仪表盘主表,00-0043,是,2026-07-20,2026-07-20 至 2026-07-26,2026-07-20 至 2026-07-26,楼宇能源改造,/solutions/building-energy-retrofit,Building Energy Retrofit,https://www.seeedstudio.com.cn/solutions/building-energy-retrofit | https://www.seeed.cc/solutions/building-energy-retrofit | https://www.seeed.co.jp/solutions/building-energy-retrofit,/solutions/building-energy-retrofit | /building-energy-retrofit | /blog/2024/05/14/introducing-recomputer-r1000-an-industrial-edge-iot-gateway-powered-by-raspberry-pi-ideal-for-smart-building-and-energy-management/,0,0,0,0.00,0.00%,0.00%,GA4本周未命中,0,0,0,0,0,0.00%,0.00%,0.00%,0.00%,GA4未发现可验证CTA事件,GA4未发现可验证表单事件,GA4未发现可验证加购事件,未接入CRM/销售跟进数据,平台后台数据未接入；GA4仅可观察Organic Social网站会话,page_view / scroll / first_visit / session_start / user_engagement / keyEvents,GA4本周未命中该方案页,,,,,,,,,,,,,,,,,,,,,,,,,,,,,,,,,,,,,,,,,,,,,,,,,,,,,,,,,,,,,,,,,,,,,
00_多维仪表盘主表,00-0044,是,2026-07-20,2026-07-20 至 2026-07-26,2026-07-20 至 2026-07-26,智能畜牧养殖,/solutions/smart-livestock-farming,Smart Livestock Farming,https://www.seeedstudio.com.cn/solutions/smart-livestock-farming | https://www.seeed.cc/solutions/smart-livestock-farming | https://www.seeed.co.jp/solutions/smart-livestock-farming,/solutions/smart-livestock-farming | /smart-livestock-farming | /Farming-Environment-Monitoring.html,0,0,0,0.00,0.00%,0.00%,GA4本周未命中,0,0,0,0,0,0.00%,0.00%,0.00%,0.00%,GA4未发现可验证CTA事件,GA4未发现可验证表单事件,GA4未发现可验证加购事件,未接入CRM/销售跟进数据,平台后台数据未接入；GA4仅可观察Organic Social网站会话,page_view / scroll / first_visit / session_start / user_engagement / keyEvents,GA4本周未命中该方案页,,,,,,,,,,,,,,,,,,,,,,,,,,,,,,,,,,,,,,,,,,,,,,,,,,,,,,,,,,,,,,,,,,,,,
00_多维仪表盘主表,00-0045,是,2026-07-20,2026-07-20 至 2026-07-26,2026-07-20 至 2026-07-26,智慧农业传感,/solutions/smart-agriculture-sensing,Smart Agriculture Sensing,https://www.seeedstudio.com.cn/solutions/smart-agriculture-sensing | https://www.seeed.cc/solutions/smart-agriculture-sensing | https://www.seeed.co.jp/solutions/smart-agriculture-sensing,/solutions/smart-agriculture-sensing | /smart-agriculture-sensing | /Wireless-Smart-Agriculture-Kit-Outdoor-p-4950.html,0,0,0,0.00,0.00%,0.00%,GA4本周未命中,0,0,0,0,0,0.00%,0.00%,0.00%,0.00%,GA4未发现可验证CTA事件,GA4未发现可验证表单事件,GA4未发现可验证加购事件,未接入CRM/销售跟进数据,平台后台数据未接入；GA4仅可观察Organic Social网站会话,page_view / scroll / first_visit / session_start / user_engagement / keyEvents,GA4本周未命中该方案页,,,,,,,,,,,,,,,,,,,,,,,,,,,,,,,,,,,,,,,,,,,,,,,,,,,,,,,,,,,,,,,,,,,,,
00_多维仪表盘主表,00-0046,是,2026-07-20,2026-07-20 至 2026-07-26,2026-07-20 至 2026-07-26,校园安全管理,/solutions/campus-safety-management,Campus Safety Management,https://www.seeedstudio.com.cn/solutions/campus-safety-management | https://www.seeed.cc/solutions/campus-safety-management | https://www.seeed.co.jp/solutions/campus-safety-management,/solutions/campus-safety-management | /campus-safety-management | /lorawan-safety-badge,9,2,2,2.00,100.00%,0.00%,Organic Search,0,0,0,0,0,0.00%,0.00%,0.00%,0.00%,GA4未发现可验证CTA事件,GA4未发现可验证表单事件,GA4未发现可验证加购事件,未接入CRM/销售跟进数据,平台后台数据未接入；GA4仅可观察Organic Social网站会话,page_view / scroll / first_visit / session_start / user_engagement / keyEvents,有GA页面数据,,,,,,,,,,,,,,,,,,,,,,,,,,,,,,,,,,,,,,,,,,,,,,,,,,,,,,,,,,,,,,,,,,,,,
00_多维仪表盘主表,00-0047,是,2026-07-20,2026-07-20 至 2026-07-26,2026-07-20 至 2026-07-26,应急响应,/solutions/hazard-response,Hazard Response,https://www.seeedstudio.com.cn/solutions/hazard-response | https://www.seeed.cc/solutions/hazard-response | https://www.seeed.co.jp/solutions/hazard-response,/solutions/hazard-response | /hazard-response | /Mission-Pack.html | /blog/2023/11/29/hazard-response-mission-pack-october-workshops-recap/,18,7,7,8.00,71.43%,28.57%,Direct,0,0,0,0,0,0.00%,0.00%,0.00%,0.00%,GA4未发现可验证CTA事件,GA4未发现可验证表单事件,GA4未发现可验证加购事件,未接入CRM/销售跟进数据,平台后台数据未接入；GA4仅可观察Organic Social网站会话,page_view / scroll / first_visit / session_start / user_engagement / keyEvents,有GA页面数据,,,,,,,,,,,,,,,,,,,,,,,,,,,,,,,,,,,,,,,,,,,,,,,,,,,,,,,,,,,,,,,,,,,,,
00_多维仪表盘主表,00-0048,是,2026-07-20,2026-07-20 至 2026-07-26,2026-07-20 至 2026-07-26,楼宇能源管理,/solutions/building-energy-management,Building Energy Management,https://www.seeedstudio.com.cn/solutions/building-energy-management | https://www.seeed.cc/solutions/building-energy-management | https://www.seeed.co.jp/solutions/building-energy-management,/solutions/building-energy-management | /building-energy-management | /Energy-Shield.html | /blog/2024/05/14/introducing-recomputer-r1000-an-industrial-edge-iot-gateway-powered-by-raspberry-pi-ideal-for-smart-building-and-energy-management/,0,0,0,0.00,0.00%,0.00%,GA4本周未命中,0,0,0,0,0,0.00%,0.00%,0.00%,0.00%,GA4未发现可验证CTA事件,GA4未发现可验证表单事件,GA4未发现可验证加购事件,未接入CRM/销售跟进数据,平台后台数据未接入；GA4仅可观察Organic Social网站会话,page_view / scroll / first_visit / session_start / user_engagement / keyEvents,GA4本周未命中该方案页,,,,,,,,,,,,,,,,,,,,,,,,,,,,,,,,,,,,,,,,,,,,,,,,,,,,,,,,,,,,,,,,,,,,,
01_方案增长总览表,01-0001,否,2026-06-29,2026-06-29 至 2026-07-05,2026-06-30 至 2026-07-05,,,,,,,227606,,,,,,,,,,,,,,,,,,,,,,577693,12127,GA4未发现可验证CTA事件,GA4未发现可验证表单事件,未接入平台后台数据,待观察,GA4未发现可验证表单事件,GA4未发现可验证CTA事件,4434,4744,239,1.97%,page_view / scroll / first_visit / session_start / user_engagement / keyEvents,CTA、表单提交、加购、销售跟进当前没有可验证GA事件字段，未作为真实指标填入,,,,,,,,,,,,,,,,,,,,,,,,,,,,,,,,,,,,,,,,,,,,,,,,,,,,,,,
01_方案增长总览表,01-0002,否,2026-07-06,2026-07-06 至 2026-07-12,2026-07-06 至 2026-07-12,,,,,,,265991,,,,,,,,,,,,,,,,,,,,,,666671,13265,GA4未发现可验证CTA事件,GA4未发现可验证表单事件,未接入平台后台数据,对话式语音 AI,GA4未发现可验证表单事件,GA4未发现可验证CTA事件,5195,5610,239,1.80%,page_view / scroll / first_visit / session_start / user_engagement / keyEvents,CTA、表单提交、加购、销售跟进当前没有可验证GA事件字段，未作为真实指标填入,,,,,,,,,,,,,,,,,,,,,,,,,,,,,,,,,,,,,,,,,,,,,,,,,,,,,,,
01_方案增长总览表,01-0003,否,2026-07-13,2026-07-13 至 2026-07-19,2026-07-13 至 2026-07-19,,,,,,,271582,,,,,,,,,,,,,,,,,,,,,,679570,9766,GA4未发现可验证CTA事件,GA4未发现可验证表单事件,未接入平台后台数据,对话式语音 AI,GA4未发现可验证表单事件,GA4未发现可验证CTA事件,3647,3927,169,1.73%,page_view / scroll / first_visit / session_start / user_engagement / keyEvents,CTA、表单提交、加购、销售跟进当前没有可验证GA事件字段，未作为真实指标填入,,,,,,,,,,,,,,,,,,,,,,,,,,,,,,,,,,,,,,,,,,,,,,,,,,,,,,,
01_方案增长总览表,01-0004,否,2026-07-20,2026-07-20 至 2026-07-26,2026-07-20 至 2026-07-26,,,,,,,264907,,,,,,,,,,,,,,,,,,,,,,667830,8397,GA4未发现可验证CTA事件,GA4未发现可验证表单事件,未接入平台后台数据,校园安全管理,GA4未发现可验证表单事件,GA4未发现可验证CTA事件,3042,3277,168,2.00%,page_view / scroll / first_visit / session_start / user_engagement / keyEvents,CTA、表单提交、加购、销售跟进当前没有可验证GA事件字段，未作为真实指标填入,,,,,,,,,,,,,,,,,,,,,,,,,,,,,,,,,,,,,,,,,,,,,,,,,,,,,,,
02_单方案流量明细表,02-0001,否,,2026-06-29 至 2026-07-05,2026-06-30 至 2026-07-05,语音采集与分析,/solutions/voicecollectionanalysis,Voice Collection and Analysis,https://www.seeedstudio.com.cn/solutions/voicecollectionanalysis | https://www.seeed.cc/solutions/voicecollectionanalysis | https://www.seeed.co.jp/solutions/voicecollectionanalysis,/solutions/voicecollectionanalysis | /voicecollectionanalysis | /respeaker-clip-wearable-ai-recorder.html | /blog/2026/02/03/from-hearing-clearly-to-understanding-sound-how-respeaker-brings-voice-ai-into-real-world-scenarios/,7896,2740,2919,38.49,94.00%,6.00%,Email,,,,,,5.17%,,,,,,,,,,有GA页面数据,,,,,,,,,,,,,,,2026-06-29,151,0,0,0,0,0,0,,,,,,,,,,,,,,,,,,,,,,,,,,,,,,,,,,,,,,,,,,,,,,,
02_单方案流量明细表,02-0002,否,,2026-06-29 至 2026-07-05,2026-06-30 至 2026-07-05,智能仓储管理,/solutions/smart-warehouse-management,Smart Warehouse Management,https://www.seeedstudio.com.cn/solutions/smart-warehouse-management | https://www.seeed.cc/solutions/smart-warehouse-management | https://www.seeed.co.jp/solutions/smart-warehouse-management,/solutions/smart-warehouse-management | /smart-warehouse-management,0,0,0,0.00,0.00%,0.00%,GA4本周未命中,,,,,,0.00%,,,,,,,,,,GA4本周未命中该方案页,,,,,,,,,,,,,,,2026-06-29,0,0,0,0,0,0,0,,,,,,,,,,,,,,,,,,,,,,,,,,,,,,,,,,,,,,,,,,,,,,,
02_单方案流量明细表,02-0003,否,,2026-06-29 至 2026-07-05,2026-06-30 至 2026-07-05,智能视频分析,/solutions/intelligent-video-analytics,Intelligent Video Analytics,https://www.seeedstudio.com.cn/solutions/intelligent-video-analytics | https://www.seeed.cc/solutions/intelligent-video-analytics | https://www.seeed.co.jp/solutions/intelligent-video-analytics,/solutions/intelligent-video-analytics | /intelligent-video-analytics | /intelligent-video-analytics,44,16,21,19.38,85.71%,14.29%,Paid Search,,,,,,0.00%,,,,,,,,,,有GA页面数据,,,,,,,,,,,,,,,2026-06-29,0,0,0,0,0,0,0,,,,,,,,,,,,,,,,,,,,,,,,,,,,,,,,,,,,,,,,,,,,,,,
02_单方案流量明细表,02-0004,否,,2026-06-29 至 2026-07-05,2026-06-30 至 2026-07-05,室内外定位,/solutions/indoor-outdoor-positioning,Indoor and Outdoor Positioning,https://www.seeedstudio.com.cn/solutions/indoor-outdoor-positioning | https://www.seeed.cc/solutions/indoor-outdoor-positioning | https://www.seeed.co.jp/solutions/indoor-outdoor-positioning,/solutions/indoor-outdoor-positioning | /indoor-outdoor-positioning | /sensecap-t1000-tracker | /Positioning-Tracker-c-2495.html,365,160,172,39.03,93.60%,6.40%,Organic Search,,,,,,0.00%,,,,,,,,,,有GA页面数据,,,,,,,,,,,,,,,2026-06-29,0,0,0,0,0,0,0,,,,,,,,,,,,,,,,,,,,,,,,,,,,,,,,,,,,,,,,,,,,,,,
02_单方案流量明细表,02-0005,否,,2026-06-29 至 2026-07-05,2026-06-30 至 2026-07-05,对话式语音 AI,/solutions/conversational-voice-ai,Conversational Voice AI,https://www.seeedstudio.com.cn/solutions/conversational-voice-ai | https://www.seeed.cc/solutions/conversational-voice-ai | https://www.seeed.co.jp/solutions/conversational-voice-ai,/solutions/conversational-voice-ai | /conversational-voice-ai | /Home-Assistant-Voice-p-6998.html | /ReSpeaker-Lite-Voice-Assistant-Kit-p-5929.html,3616,1418,1529,36.24,87.38%,12.62%,Referral,,,,,,5.76%,,,,,,,,,,有GA页面数据,,,,,,,,,,,,,,,2026-06-29,88,0,0,0,0,0,0,,,,,,,,,,,,,,,,,,,,,,,,,,,,,,,,,,,,,,,,,,,,,,,
02_单方案流量明细表,02-0006,否,,2026-06-29 至 2026-07-05,2026-06-30 至 2026-07-05,环境监测,/solutions/environment-monitoring,Environment Monitoring,https://www.seeedstudio.com.cn/solutions/environment-monitoring | https://www.seeed.cc/solutions/environment-monitoring | https://www.seeed.co.jp/solutions/environment-monitoring,/solutions/environment-monitoring | /environment-monitoring | /industries/environment-monitoring | /Environment-Monitoring-c-2535.html | /blog/environment-monitoring/,60,34,36,19.53,91.67%,8.33%,Organic Search,,,,,,0.00%,,,,,,,,,,有GA页面数据,,,,,,,,,,,,,,,2026-06-29,0,0,0,0,0,0,0,,,,,,,,,,,,,,,,,,,,,,,,,,,,,,,,,,,,,,,,,,,,,,,
02_单方案流量明细表,02-0007,否,,2026-06-29 至 2026-07-05,2026-06-30 至 2026-07-05,楼宇能源改造,/solutions/building-energy-retrofit,Building Energy Retrofit,https://www.seeedstudio.com.cn/solutions/building-energy-retrofit | https://www.seeed.cc/solutions/building-energy-retrofit | https://www.seeed.co.jp/solutions/building-energy-retrofit,/solutions/building-energy-retrofit | /building-energy-retrofit | /blog/2024/05/14/introducing-recomputer-r1000-an-industrial-edge-iot-gateway-powered-by-raspberry-pi-ideal-for-smart-building-and-energy-management/,0,0,0,0.00,0.00%,0.00%,GA4本周未命中,,,,,,0.00%,,,,,,,,,,GA4本周未命中该方案页,,,,,,,,,,,,,,,2026-06-29,0,0,0,0,0,0,0,,,,,,,,,,,,,,,,,,,,,,,,,,,,,,,,,,,,,,,,,,,,,,,
02_单方案流量明细表,02-0008,否,,2026-06-29 至 2026-07-05,2026-06-30 至 2026-07-05,智能畜牧养殖,/solutions/smart-livestock-farming,Smart Livestock Farming,https://www.seeedstudio.com.cn/solutions/smart-livestock-farming | https://www.seeed.cc/solutions/smart-livestock-farming | https://www.seeed.co.jp/solutions/smart-livestock-farming,/solutions/smart-livestock-farming | /smart-livestock-farming | /Farming-Environment-Monitoring.html,14,4,4,3.50,100.00%,0.00%,Direct,,,,,,0.00%,,,,,,,,,,有GA页面数据,,,,,,,,,,,,,,,2026-06-29,0,0,0,0,0,0,0,,,,,,,,,,,,,,,,,,,,,,,,,,,,,,,,,,,,,,,,,,,,,,,
02_单方案流量明细表,02-0009,否,,2026-06-29 至 2026-07-05,2026-06-30 至 2026-07-05,智慧农业传感,/solutions/smart-agriculture-sensing,Smart Agriculture Sensing,https://www.seeedstudio.com.cn/solutions/smart-agriculture-sensing | https://www.seeed.cc/solutions/smart-agriculture-sensing | https://www.seeed.co.jp/solutions/smart-agriculture-sensing,/solutions/smart-agriculture-sensing | /smart-agriculture-sensing | /Wireless-Smart-Agriculture-Kit-Outdoor-p-4950.html,19,4,4,135.25,100.00%,0.00%,Direct,,,,,,0.00%,,,,,,,,,,有GA页面数据,,,,,,,,,,,,,,,2026-06-29,0,0,0,0,0,0,0,,,,,,,,,,,,,,,,,,,,,,,,,,,,,,,,,,,,,,,,,,,,,,,
02_单方案流量明细表,02-0010,否,,2026-06-29 至 2026-07-05,2026-06-30 至 2026-07-05,校园安全管理,/solutions/campus-safety-management,Campus Safety Management,https://www.seeedstudio.com.cn/solutions/campus-safety-management | https://www.seeed.cc/solutions/campus-safety-management | https://www.seeed.co.jp/solutions/campus-safety-management,/solutions/campus-safety-management | /campus-safety-management | /lorawan-safety-badge,0,0,0,0.00,0.00%,0.00%,GA4本周未命中,,,,,,0.00%,,,,,,,,,,GA4本周未命中该方案页,,,,,,,,,,,,,,,2026-06-29,0,0,0,0,0,0,0,,,,,,,,,,,,,,,,,,,,,,,,,,,,,,,,,,,,,,,,,,,,,,,
02_单方案流量明细表,02-0011,否,,2026-06-29 至 2026-07-05,2026-06-30 至 2026-07-05,应急响应,/solutions/hazard-response,Hazard Response,https://www.seeedstudio.com.cn/solutions/hazard-response | https://www.seeed.cc/solutions/hazard-response | https://www.seeed.co.jp/solutions/hazard-response,/solutions/hazard-response | /hazard-response | /Mission-Pack.html | /blog/2023/11/29/hazard-response-mission-pack-october-workshops-recap/,6,3,3,6.00,66.67%,33.33%,Unassigned,,,,,,0.00%,,,,,,,,,,有GA页面数据,,,,,,,,,,,,,,,2026-06-29,0,0,0,0,0,0,0,,,,,,,,,,,,,,,,,,,,,,,,,,,,,,,,,,,,,,,,,,,,,,,
02_单方案流量明细表,02-0012,否,,2026-06-29 至 2026-07-05,2026-06-30 至 2026-07-05,楼宇能源管理,/solutions/building-energy-management,Building Energy Management,https://www.seeedstudio.com.cn/solutions/building-energy-management | https://www.seeed.cc/solutions/building-energy-management | https://www.seeed.co.jp/solutions/building-energy-management,/solutions/building-energy-management | /building-energy-management | /Energy-Shield.html | /blog/2024/05/14/introducing-recomputer-r1000-an-industrial-edge-iot-gateway-powered-by-raspberry-pi-ideal-for-smart-building-and-energy-management/,36,18,18,7.39,100.00%,0.00%,Direct,,,,,,0.00%,,,,,,,,,,有GA页面数据,,,,,,,,,,,,,,,2026-06-29,0,0,0,0,0,0,0,,,,,,,,,,,,,,,,,,,,,,,,,,,,,,,,,,,,,,,,,,,,,,,
02_单方案流量明细表,02-0013,否,,2026-07-06 至 2026-07-12,2026-07-06 至 2026-07-12,语音采集与分析,/solutions/voicecollectionanalysis,Voice Collection and Analysis,https://www.seeedstudio.com.cn/solutions/voicecollectionanalysis | https://www.seeed.cc/solutions/voicecollectionanalysis | https://www.seeed.co.jp/solutions/voicecollectionanalysis,/solutions/voicecollectionanalysis | /voicecollectionanalysis | /respeaker-clip-wearable-ai-recorder.html | /blog/2026/02/03/from-hearing-clearly-to-understanding-sound-how-respeaker-brings-voice-ai-into-real-world-scenarios/,7749,3105,3373,33.47,84.46%,15.54%,Email,,,,,,3.29%,,,,,,,,,,有GA页面数据,,,,,,,,,,,,,,,2026-07-06,111,0,0,0,0,0,0,,,,,,,,,,,,,,,,,,,,,,,,,,,,,,,,,,,,,,,,,,,,,,,
02_单方案流量明细表,02-0014,否,,2026-07-06 至 2026-07-12,2026-07-06 至 2026-07-12,智能仓储管理,/solutions/smart-warehouse-management,Smart Warehouse Management,https://www.seeedstudio.com.cn/solutions/smart-warehouse-management | https://www.seeed.cc/solutions/smart-warehouse-management | https://www.seeed.co.jp/solutions/smart-warehouse-management,/solutions/smart-warehouse-management | /smart-warehouse-management,0,0,0,0.00,0.00%,0.00%,GA4本周未命中,,,,,,0.00%,,,,,,,,,,GA4本周未命中该方案页,,,,,,,,,,,,,,,2026-07-06,0,0,0,0,0,0,0,,,,,,,,,,,,,,,,,,,,,,,,,,,,,,,,,,,,,,,,,,,,,,,
02_单方案流量明细表,02-0015,否,,2026-07-06 至 2026-07-12,2026-07-06 至 2026-07-12,智能视频分析,/solutions/intelligent-video-analytics,Intelligent Video Analytics,https://www.seeedstudio.com.cn/solutions/intelligent-video-analytics | https://www.seeed.cc/solutions/intelligent-video-analytics | https://www.seeed.co.jp/solutions/intelligent-video-analytics,/solutions/intelligent-video-analytics | /intelligent-video-analytics | /intelligent-video-analytics,25,12,14,23.86,100.00%,0.00%,Paid Search,,,,,,0.00%,,,,,,,,,,有GA页面数据,,,,,,,,,,,,,,,2026-07-06,0,0,0,0,0,0,0,,,,,,,,,,,,,,,,,,,,,,,,,,,,,,,,,,,,,,,,,,,,,,,
02_单方案流量明细表,02-0016,否,,2026-07-06 至 2026-07-12,2026-07-06 至 2026-07-12,室内外定位,/solutions/indoor-outdoor-positioning,Indoor and Outdoor Positioning,https://www.seeedstudio.com.cn/solutions/indoor-outdoor-positioning | https://www.seeed.cc/solutions/indoor-outdoor-positioning | https://www.seeed.co.jp/solutions/indoor-outdoor-positioning,/solutions/indoor-outdoor-positioning | /indoor-outdoor-positioning | /sensecap-t1000-tracker | /Positioning-Tracker-c-2495.html,362,167,175,35.08,93.14%,6.86%,Organic Search,,,,,,0.00%,,,,,,,,,,有GA页面数据,,,,,,,,,,,,,,,2026-07-06,0,0,0,0,0,0,0,,,,,,,,,,,,,,,,,,,,,,,,,,,,,,,,,,,,,,,,,,,,,,,
02_单方案流量明细表,02-0017,否,,2026-07-06 至 2026-07-12,2026-07-06 至 2026-07-12,对话式语音 AI,/solutions/conversational-voice-ai,Conversational Voice AI,https://www.seeedstudio.com.cn/solutions/conversational-voice-ai | https://www.seeed.cc/solutions/conversational-voice-ai | https://www.seeed.co.jp/solutions/conversational-voice-ai,/solutions/conversational-voice-ai | /conversational-voice-ai | /Home-Assistant-Voice-p-6998.html | /ReSpeaker-Lite-Voice-Assistant-Kit-p-5929.html,4927,1813,1945,24.76,86.02%,13.98%,Referral,,,,,,6.58%,,,,,,,,,,有GA页面数据,,,,,,,,,,,,,,,2026-07-06,128,0,0,0,0,0,0,,,,,,,,,,,,,,,,,,,,,,,,,,,,,,,,,,,,,,,,,,,,,,,
02_单方案流量明细表,02-0018,否,,2026-07-06 至 2026-07-12,2026-07-06 至 2026-07-12,环境监测,/solutions/environment-monitoring,Environment Monitoring,https://www.seeedstudio.com.cn/solutions/environment-monitoring | https://www.seeed.cc/solutions/environment-monitoring | https://www.seeed.co.jp/solutions/environment-monitoring,/solutions/environment-monitoring | /environment-monitoring | /industries/environment-monitoring | /Environment-Monitoring-c-2535.html | /blog/environment-monitoring/,50,31,33,17.48,90.91%,9.09%,Organic Search,,,,,,0.00%,,,,,,,,,,有GA页面数据,,,,,,,,,,,,,,,2026-07-06,0,0,0,0,0,0,0,,,,,,,,,,,,,,,,,,,,,,,,,,,,,,,,,,,,,,,,,,,,,,,
02_单方案流量明细表,02-0019,否,,2026-07-06 至 2026-07-12,2026-07-06 至 2026-07-12,楼宇能源改造,/solutions/building-energy-retrofit,Building Energy Retrofit,https://www.seeedstudio.com.cn/solutions/building-energy-retrofit | https://www.seeed.cc/solutions/building-energy-retrofit | https://www.seeed.co.jp/solutions/building-energy-retrofit,/solutions/building-energy-retrofit | /building-energy-retrofit | /blog/2024/05/14/introducing-recomputer-r1000-an-industrial-edge-iot-gateway-powered-by-raspberry-pi-ideal-for-smart-building-and-energy-management/,0,0,0,0.00,0.00%,0.00%,GA4本周未命中,,,,,,0.00%,,,,,,,,,,GA4本周未命中该方案页,,,,,,,,,,,,,,,2026-07-06,0,0,0,0,0,0,0,,,,,,,,,,,,,,,,,,,,,,,,,,,,,,,,,,,,,,,,,,,,,,,
02_单方案流量明细表,02-0020,否,,2026-07-06 至 2026-07-12,2026-07-06 至 2026-07-12,智能畜牧养殖,/solutions/smart-livestock-farming,Smart Livestock Farming,https://www.seeedstudio.com.cn/solutions/smart-livestock-farming | https://www.seeed.cc/solutions/smart-livestock-farming | https://www.seeed.co.jp/solutions/smart-livestock-farming,/solutions/smart-livestock-farming | /smart-livestock-farming | /Farming-Environment-Monitoring.html,6,1,1,8.00,100.00%,0.00%,Organic Search,,,,,,0.00%,,,,,,,,,,有GA页面数据,,,,,,,,,,,,,,,2026-07-06,0,0,0,0,0,0,0,,,,,,,,,,,,,,,,,,,,,,,,,,,,,,,,,,,,,,,,,,,,,,,
02_单方案流量明细表,02-0021,否,,2026-07-06 至 2026-07-12,2026-07-06 至 2026-07-12,智慧农业传感,/solutions/smart-agriculture-sensing,Smart Agriculture Sensing,https://www.seeedstudio.com.cn/solutions/smart-agriculture-sensing | https://www.seeed.cc/solutions/smart-agriculture-sensing | https://www.seeed.co.jp/solutions/smart-agriculture-sensing,/solutions/smart-agriculture-sensing | /smart-agriculture-sensing | /Wireless-Smart-Agriculture-Kit-Outdoor-p-4950.html,7,2,2,18.50,100.00%,0.00%,Direct,,,,,,0.00%,,,,,,,,,,有GA页面数据,,,,,,,,,,,,,,,2026-07-06,0,0,0,0,0,0,0,,,,,,,,,,,,,,,,,,,,,,,,,,,,,,,,,,,,,,,,,,,,,,,
02_单方案流量明细表,02-0022,否,,2026-07-06 至 2026-07-12,2026-07-06 至 2026-07-12,校园安全管理,/solutions/campus-safety-management,Campus Safety Management,https://www.seeedstudio.com.cn/solutions/campus-safety-management | https://www.seeed.cc/solutions/campus-safety-management | https://www.seeed.co.jp/solutions/campus-safety-management,/solutions/campus-safety-management | /campus-safety-management | /lorawan-safety-badge,17,3,3,40.00,100.00%,0.00%,Organic Search,,,,,,0.00%,,,,,,,,,,有GA页面数据,,,,,,,,,,,,,,,2026-07-06,0,0,0,0,0,0,0,,,,,,,,,,,,,,,,,,,,,,,,,,,,,,,,,,,,,,,,,,,,,,,
02_单方案流量明细表,02-0023,否,,2026-07-06 至 2026-07-12,2026-07-06 至 2026-07-12,应急响应,/solutions/hazard-response,Hazard Response,https://www.seeedstudio.com.cn/solutions/hazard-response | https://www.seeed.cc/solutions/hazard-response | https://www.seeed.co.jp/solutions/hazard-response,/solutions/hazard-response | /hazard-response | /Mission-Pack.html | /blog/2023/11/29/hazard-response-mission-pack-october-workshops-recap/,25,7,8,66.37,100.00%,0.00%,Referral,,,,,,0.00%,,,,,,,,,,有GA页面数据,,,,,,,,,,,,,,,2026-07-06,0,0,0,0,0,0,0,,,,,,,,,,,,,,,,,,,,,,,,,,,,,,,,,,,,,,,,,,,,,,,
02_单方案流量明细表,02-0024,否,,2026-07-06 至 2026-07-12,2026-07-06 至 2026-07-12,楼宇能源管理,/solutions/building-energy-management,Building Energy Management,https://www.seeedstudio.com.cn/solutions/building-energy-management | https://www.seeed.cc/solutions/building-energy-management | https://www.seeed.co.jp/solutions/building-energy-management,/solutions/building-energy-management | /building-energy-management | /Energy-Shield.html | /blog/2024/05/14/introducing-recomputer-r1000-an-industrial-edge-iot-gateway-powered-by-raspberry-pi-ideal-for-smart-building-and-energy-management/,15,8,8,9.62,100.00%,0.00%,Direct,,,,,,0.00%,,,,,,,,,,有GA页面数据,,,,,,,,,,,,,,,2026-07-06,0,0,0,0,0,0,0,,,,,,,,,,,,,,,,,,,,,,,,,,,,,,,,,,,,,,,,,,,,,,,
02_单方案流量明细表,02-0025,否,,2026-07-13 至 2026-07-19,2026-07-13 至 2026-07-19,语音采集与分析,/solutions/voicecollectionanalysis,Voice Collection and Analysis,https://www.seeedstudio.com.cn/solutions/voicecollectionanalysis | https://www.seeed.cc/solutions/voicecollectionanalysis | https://www.seeed.co.jp/solutions/voicecollectionanalysis,/solutions/voicecollectionanalysis | /voicecollectionanalysis | /respeaker-clip-wearable-ai-recorder.html | /blog/2026/02/03/from-hearing-clearly-to-understanding-sound-how-respeaker-brings-voice-ai-into-real-world-scenarios/,4078,1487,1619,32.43,90.92%,9.08%,Organic Search,,,,,,3.77%,,,,,,,,,,有GA页面数据,,,,,,,,,,,,,,,2026-07-13,61,0,0,0,0,0,0,,,,,,,,,,,,,,,,,,,,,,,,,,,,,,,,,,,,,,,,,,,,,,,
02_单方案流量明细表,02-0026,否,,2026-07-13 至 2026-07-19,2026-07-13 至 2026-07-19,智能仓储管理,/solutions/smart-warehouse-management,Smart Warehouse Management,https://www.seeedstudio.com.cn/solutions/smart-warehouse-management | https://www.seeed.cc/solutions/smart-warehouse-management | https://www.seeed.co.jp/solutions/smart-warehouse-management,/solutions/smart-warehouse-management | /smart-warehouse-management,0,0,0,0.00,0.00%,0.00%,GA4本周未命中,,,,,,0.00%,,,,,,,,,,GA4本周未命中该方案页,,,,,,,,,,,,,,,2026-07-13,0,0,0,0,0,0,0,,,,,,,,,,,,,,,,,,,,,,,,,,,,,,,,,,,,,,,,,,,,,,,
02_单方案流量明细表,02-0027,否,,2026-07-13 至 2026-07-19,2026-07-13 至 2026-07-19,智能视频分析,/solutions/intelligent-video-analytics,Intelligent Video Analytics,https://www.seeedstudio.com.cn/solutions/intelligent-video-analytics | https://www.seeed.cc/solutions/intelligent-video-analytics | https://www.seeed.co.jp/solutions/intelligent-video-analytics,/solutions/intelligent-video-analytics | /intelligent-video-analytics | /intelligent-video-analytics,36,16,19,9.58,84.21%,15.79%,Direct,,,,,,0.00%,,,,,,,,,,有GA页面数据,,,,,,,,,,,,,,,2026-07-13,0,0,0,0,0,0,0,,,,,,,,,,,,,,,,,,,,,,,,,,,,,,,,,,,,,,,,,,,,,,,
02_单方案流量明细表,02-0028,否,,2026-07-13 至 2026-07-19,2026-07-13 至 2026-07-19,室内外定位,/solutions/indoor-outdoor-positioning,Indoor and Outdoor Positioning,https://www.seeedstudio.com.cn/solutions/indoor-outdoor-positioning | https://www.seeed.cc/solutions/indoor-outdoor-positioning | https://www.seeed.co.jp/solutions/indoor-outdoor-positioning,/solutions/indoor-outdoor-positioning | /indoor-outdoor-positioning | /sensecap-t1000-tracker | /Positioning-Tracker-c-2495.html,378,167,183,32.02,91.26%,8.74%,Organic Search,,,,,,0.00%,,,,,,,,,,有GA页面数据,,,,,,,,,,,,,,,2026-07-13,0,0,0,0,0,0,0,,,,,,,,,,,,,,,,,,,,,,,,,,,,,,,,,,,,,,,,,,,,,,,
02_单方案流量明细表,02-0029,否,,2026-07-13 至 2026-07-19,2026-07-13 至 2026-07-19,对话式语音 AI,/solutions/conversational-voice-ai,Conversational Voice AI,https://www.seeedstudio.com.cn/solutions/conversational-voice-ai | https://www.seeed.cc/solutions/conversational-voice-ai | https://www.seeed.co.jp/solutions/conversational-voice-ai,/solutions/conversational-voice-ai | /conversational-voice-ai | /Home-Assistant-Voice-p-6998.html | /ReSpeaker-Lite-Voice-Assistant-Kit-p-5929.html,5080,1883,2005,23.13,85.64%,14.36%,Referral,,,,,,5.34%,,,,,,,,,,有GA页面数据,,,,,,,,,,,,,,,2026-07-13,107,0,0,0,0,0,0,,,,,,,,,,,,,,,,,,,,,,,,,,,,,,,,,,,,,,,,,,,,,,,
02_单方案流量明细表,02-0030,否,,2026-07-13 至 2026-07-19,2026-07-13 至 2026-07-19,环境监测,/solutions/environment-monitoring,Environment Monitoring,https://www.seeedstudio.com.cn/solutions/environment-monitoring | https://www.seeed.cc/solutions/environment-monitoring | https://www.seeed.co.jp/solutions/environment-monitoring,/solutions/environment-monitoring | /environment-monitoring | /industries/environment-monitoring | /Environment-Monitoring-c-2535.html | /blog/environment-monitoring/,74,37,39,19.97,97.44%,2.56%,Unassigned,,,,,,2.56%,,,,,,,,,,有GA页面数据,,,,,,,,,,,,,,,2026-07-13,1,0,0,0,0,0,0,,,,,,,,,,,,,,,,,,,,,,,,,,,,,,,,,,,,,,,,,,,,,,,
02_单方案流量明细表,02-0031,否,,2026-07-13 至 2026-07-19,2026-07-13 至 2026-07-19,楼宇能源改造,/solutions/building-energy-retrofit,Building Energy Retrofit,https://www.seeedstudio.com.cn/solutions/building-energy-retrofit | https://www.seeed.cc/solutions/building-energy-retrofit | https://www.seeed.co.jp/solutions/building-energy-retrofit,/solutions/building-energy-retrofit | /building-energy-retrofit | /blog/2024/05/14/introducing-recomputer-r1000-an-industrial-edge-iot-gateway-powered-by-raspberry-pi-ideal-for-smart-building-and-energy-management/,9,1,3,0.00,100.00%,0.00%,Unassigned,,,,,,0.00%,,,,,,,,,,有GA页面数据,,,,,,,,,,,,,,,2026-07-13,0,0,0,0,0,0,0,,,,,,,,,,,,,,,,,,,,,,,,,,,,,,,,,,,,,,,,,,,,,,,
02_单方案流量明细表,02-0032,否,,2026-07-13 至 2026-07-19,2026-07-13 至 2026-07-19,智能畜牧养殖,/solutions/smart-livestock-farming,Smart Livestock Farming,https://www.seeedstudio.com.cn/solutions/smart-livestock-farming | https://www.seeed.cc/solutions/smart-livestock-farming | https://www.seeed.co.jp/solutions/smart-livestock-farming,/solutions/smart-livestock-farming | /smart-livestock-farming | /Farming-Environment-Monitoring.html,0,0,0,0.00,0.00%,0.00%,GA4本周未命中,,,,,,0.00%,,,,,,,,,,GA4本周未命中该方案页,,,,,,,,,,,,,,,2026-07-13,0,0,0,0,0,0,0,,,,,,,,,,,,,,,,,,,,,,,,,,,,,,,,,,,,,,,,,,,,,,,
02_单方案流量明细表,02-0033,否,,2026-07-13 至 2026-07-19,2026-07-13 至 2026-07-19,智慧农业传感,/solutions/smart-agriculture-sensing,Smart Agriculture Sensing,https://www.seeedstudio.com.cn/solutions/smart-agriculture-sensing | https://www.seeed.cc/solutions/smart-agriculture-sensing | https://www.seeed.co.jp/solutions/smart-agriculture-sensing,/solutions/smart-agriculture-sensing | /smart-agriculture-sensing | /Wireless-Smart-Agriculture-Kit-Outdoor-p-4950.html,0,0,0,0.00,0.00%,0.00%,GA4本周未命中,,,,,,0.00%,,,,,,,,,,GA4本周未命中该方案页,,,,,,,,,,,,,,,2026-07-13,0,0,0,0,0,0,0,,,,,,,,,,,,,,,,,,,,,,,,,,,,,,,,,,,,,,,,,,,,,,,
02_单方案流量明细表,02-0034,否,,2026-07-13 至 2026-07-19,2026-07-13 至 2026-07-19,校园安全管理,/solutions/campus-safety-management,Campus Safety Management,https://www.seeedstudio.com.cn/solutions/campus-safety-management | https://www.seeed.cc/solutions/campus-safety-management | https://www.seeed.co.jp/solutions/campus-safety-management,/solutions/campus-safety-management | /campus-safety-management | /lorawan-safety-badge,0,0,0,0.00,0.00%,0.00%,GA4本周未命中,,,,,,0.00%,,,,,,,,,,GA4本周未命中该方案页,,,,,,,,,,,,,,,2026-07-13,0,0,0,0,0,0,0,,,,,,,,,,,,,,,,,,,,,,,,,,,,,,,,,,,,,,,,,,,,,,,
02_单方案流量明细表,02-0035,否,,2026-07-13 至 2026-07-19,2026-07-13 至 2026-07-19,应急响应,/solutions/hazard-response,Hazard Response,https://www.seeedstudio.com.cn/solutions/hazard-response | https://www.seeed.cc/solutions/hazard-response | https://www.seeed.co.jp/solutions/hazard-response,/solutions/hazard-response | /hazard-response | /Mission-Pack.html | /blog/2023/11/29/hazard-response-mission-pack-october-workshops-recap/,9,2,2,142.00,100.00%,0.00%,Direct,,,,,,0.00%,,,,,,,,,,有GA页面数据,,,,,,,,,,,,,,,2026-07-13,0,0,0,0,0,0,0,,,,,,,,,,,,,,,,,,,,,,,,,,,,,,,,,,,,,,,,,,,,,,,
02_单方案流量明细表,02-0036,否,,2026-07-13 至 2026-07-19,2026-07-13 至 2026-07-19,楼宇能源管理,/solutions/building-energy-management,Building Energy Management,https://www.seeedstudio.com.cn/solutions/building-energy-management | https://www.seeed.cc/solutions/building-energy-management | https://www.seeed.co.jp/solutions/building-energy-management,/solutions/building-energy-management | /building-energy-management | /Energy-Shield.html | /blog/2024/05/14/introducing-recomputer-r1000-an-industrial-edge-iot-gateway-powered-by-raspberry-pi-ideal-for-smart-building-and-energy-management/,9,1,3,0.00,100.00%,0.00%,Unassigned,,,,,,0.00%,,,,,,,,,,有GA页面数据,,,,,,,,,,,,,,,2026-07-13,0,0,0,0,0,0,0,,,,,,,,,,,,,,,,,,,,,,,,,,,,,,,,,,,,,,,,,,,,,,,
02_单方案流量明细表,02-0037,否,,2026-07-20 至 2026-07-26,2026-07-20 至 2026-07-26,语音采集与分析,/solutions/voicecollectionanalysis,Voice Collection and Analysis,https://www.seeedstudio.com.cn/solutions/voicecollectionanalysis | https://www.seeed.cc/solutions/voicecollectionanalysis | https://www.seeed.co.jp/solutions/voicecollectionanalysis,/solutions/voicecollectionanalysis | /voicecollectionanalysis | /respeaker-clip-wearable-ai-recorder.html | /blog/2026/02/03/from-hearing-clearly-to-understanding-sound-how-respeaker-brings-voice-ai-into-real-world-scenarios/,3696,1330,1437,33.53,93.25%,6.75%,Direct,,,,,,4.04%,,,,,,,,,,有GA页面数据,,,,,,,,,,,,,,,2026-07-20,58,0,0,0,0,0,0,,,,,,,,,,,,,,,,,,,,,,,,,,,,,,,,,,,,,,,,,,,,,,,
02_单方案流量明细表,02-0038,否,,2026-07-20 至 2026-07-26,2026-07-20 至 2026-07-26,智能仓储管理,/solutions/smart-warehouse-management,Smart Warehouse Management,https://www.seeedstudio.com.cn/solutions/smart-warehouse-management | https://www.seeed.cc/solutions/smart-warehouse-management | https://www.seeed.co.jp/solutions/smart-warehouse-management,/solutions/smart-warehouse-management | /smart-warehouse-management,6,2,2,2.50,100.00%,0.00%,Paid Search,,,,,,0.00%,,,,,,,,,,有GA页面数据,,,,,,,,,,,,,,,2026-07-20,0,6,3,0,1,1,0,,,,,,,,,,,,,,,,,,,,,,,,,,,,,,,,,,,,,,,,,,,,,,,
02_单方案流量明细表,02-0039,否,,2026-07-20 至 2026-07-26,2026-07-20 至 2026-07-26,智能视频分析,/solutions/intelligent-video-analytics,Intelligent Video Analytics,https://www.seeedstudio.com.cn/solutions/intelligent-video-analytics | https://www.seeed.cc/solutions/intelligent-video-analytics | https://www.seeed.co.jp/solutions/intelligent-video-analytics,/solutions/intelligent-video-analytics | /intelligent-video-analytics | /intelligent-video-analytics,20,12,14,20.64,78.57%,21.43%,Direct,,,,,,0.00%,,,,,,,,,,有GA页面数据,,,,,,,,,,,,,,,2026-07-20,0,19,5,5,6,5,0,,,,,,,,,,,,,,,,,,,,,,,,,,,,,,,,,,,,,,,,,,,,,,,
02_单方案流量明细表,02-0040,否,,2026-07-20 至 2026-07-26,2026-07-20 至 2026-07-26,室内外定位,/solutions/indoor-outdoor-positioning,Indoor and Outdoor Positioning,https://www.seeedstudio.com.cn/solutions/indoor-outdoor-positioning | https://www.seeed.cc/solutions/indoor-outdoor-positioning | https://www.seeed.co.jp/solutions/indoor-outdoor-positioning,/solutions/indoor-outdoor-positioning | /indoor-outdoor-positioning | /sensecap-t1000-tracker | /Positioning-Tracker-c-2495.html,361,145,158,133.78,89.24%,10.76%,Organic Search,,,,,,0.63%,,,,,,,,,,有GA页面数据,,,,,,,,,,,,,,,2026-07-20,1,0,0,0,0,0,0,,,,,,,,,,,,,,,,,,,,,,,,,,,,,,,,,,,,,,,,,,,,,,,
02_单方案流量明细表,02-0041,否,,2026-07-20 至 2026-07-26,2026-07-20 至 2026-07-26,对话式语音 AI,/solutions/conversational-voice-ai,Conversational Voice AI,https://www.seeedstudio.com.cn/solutions/conversational-voice-ai | https://www.seeed.cc/solutions/conversational-voice-ai | https://www.seeed.co.jp/solutions/conversational-voice-ai,/solutions/conversational-voice-ai | /conversational-voice-ai | /Home-Assistant-Voice-p-6998.html | /ReSpeaker-Lite-Voice-Assistant-Kit-p-5929.html,4164,1481,1591,26.34,90.63%,9.37%,Referral,,,,,,6.85%,,,,,,,,,,有GA页面数据,,,,,,,,,,,,,,,2026-07-20,109,0,0,0,0,0,0,,,,,,,,,,,,,,,,,,,,,,,,,,,,,,,,,,,,,,,,,,,,,,,
02_单方案流量明细表,02-0042,否,,2026-07-20 至 2026-07-26,2026-07-20 至 2026-07-26,环境监测,/solutions/environment-monitoring,Environment Monitoring,https://www.seeedstudio.com.cn/solutions/environment-monitoring | https://www.seeed.cc/solutions/environment-monitoring | https://www.seeed.co.jp/solutions/environment-monitoring,/solutions/environment-monitoring | /environment-monitoring | /industries/environment-monitoring | /Environment-Monitoring-c-2535.html | /blog/environment-monitoring/,64,34,36,24.44,91.67%,8.33%,Organic Search,,,,,,0.00%,,,,,,,,,,有GA页面数据,,,,,,,,,,,,,,,2026-07-20,0,0,0,0,0,0,0,,,,,,,,,,,,,,,,,,,,,,,,,,,,,,,,,,,,,,,,,,,,,,,
02_单方案流量明细表,02-0043,否,,2026-07-20 至 2026-07-26,2026-07-20 至 2026-07-26,楼宇能源改造,/solutions/building-energy-retrofit,Building Energy Retrofit,https://www.seeedstudio.com.cn/solutions/building-energy-retrofit | https://www.seeed.cc/solutions/building-energy-retrofit | https://www.seeed.co.jp/solutions/building-energy-retrofit,/solutions/building-energy-retrofit | /building-energy-retrofit | /blog/2024/05/14/introducing-recomputer-r1000-an-industrial-edge-iot-gateway-powered-by-raspberry-pi-ideal-for-smart-building-and-energy-management/,0,0,0,0.00,0.00%,0.00%,GA4本周未命中,,,,,,0.00%,,,,,,,,,,GA4本周未命中该方案页,,,,,,,,,,,,,,,2026-07-20,0,0,0,0,0,0,0,,,,,,,,,,,,,,,,,,,,,,,,,,,,,,,,,,,,,,,,,,,,,,,
02_单方案流量明细表,02-0044,否,,2026-07-20 至 2026-07-26,2026-07-20 至 2026-07-26,智能畜牧养殖,/solutions/smart-livestock-farming,Smart Livestock Farming,https://www.seeedstudio.com.cn/solutions/smart-livestock-farming | https://www.seeed.cc/solutions/smart-livestock-farming | https://www.seeed.co.jp/solutions/smart-livestock-farming,/solutions/smart-livestock-farming | /smart-livestock-farming | /Farming-Environment-Monitoring.html,0,0,0,0.00,0.00%,0.00%,GA4本周未命中,,,,,,0.00%,,,,,,,,,,GA4本周未命中该方案页,,,,,,,,,,,,,,,2026-07-20,0,0,0,0,0,0,0,,,,,,,,,,,,,,,,,,,,,,,,,,,,,,,,,,,,,,,,,,,,,,,
02_单方案流量明细表,02-0045,否,,2026-07-20 至 2026-07-26,2026-07-20 至 2026-07-26,智慧农业传感,/solutions/smart-agriculture-sensing,Smart Agriculture Sensing,https://www.seeedstudio.com.cn/solutions/smart-agriculture-sensing | https://www.seeed.cc/solutions/smart-agriculture-sensing | https://www.seeed.co.jp/solutions/smart-agriculture-sensing,/solutions/smart-agriculture-sensing | /smart-agriculture-sensing | /Wireless-Smart-Agriculture-Kit-Outdoor-p-4950.html,0,0,0,0.00,0.00%,0.00%,GA4本周未命中,,,,,,0.00%,,,,,,,,,,GA4本周未命中该方案页,,,,,,,,,,,,,,,2026-07-20,0,0,0,0,0,0,0,,,,,,,,,,,,,,,,,,,,,,,,,,,,,,,,,,,,,,,,,,,,,,,
02_单方案流量明细表,02-0046,否,,2026-07-20 至 2026-07-26,2026-07-20 至 2026-07-26,校园安全管理,/solutions/campus-safety-management,Campus Safety Management,https://www.seeedstudio.com.cn/solutions/campus-safety-management | https://www.seeed.cc/solutions/campus-safety-management | https://www.seeed.co.jp/solutions/campus-safety-management,/solutions/campus-safety-management | /campus-safety-management | /lorawan-safety-badge,9,2,2,2.00,100.00%,0.00%,Organic Search,,,,,,0.00%,,,,,,,,,,有GA页面数据,,,,,,,,,,,,,,,2026-07-20,0,0,0,0,0,0,0,,,,,,,,,,,,,,,,,,,,,,,,,,,,,,,,,,,,,,,,,,,,,,,
02_单方案流量明细表,02-0047,否,,2026-07-20 至 2026-07-26,2026-07-20 至 2026-07-26,应急响应,/solutions/hazard-response,Hazard Response,https://www.seeedstudio.com.cn/solutions/hazard-response | https://www.seeed.cc/solutions/hazard-response | https://www.seeed.co.jp/solutions/hazard-response,/solutions/hazard-response | /hazard-response | /Mission-Pack.html | /blog/2023/11/29/hazard-response-mission-pack-october-workshops-recap/,18,7,7,8.00,71.43%,28.57%,Direct,,,,,,0.00%,,,,,,,,,,有GA页面数据,,,,,,,,,,,,,,,2026-07-20,0,0,0,0,0,0,0,,,,,,,,,,,,,,,,,,,,,,,,,,,,,,,,,,,,,,,,,,,,,,,
02_单方案流量明细表,02-0048,否,,2026-07-20 至 2026-07-26,2026-07-20 至 2026-07-26,楼宇能源管理,/solutions/building-energy-management,Building Energy Management,https://www.seeedstudio.com.cn/solutions/building-energy-management | https://www.seeed.cc/solutions/building-energy-management | https://www.seeed.co.jp/solutions/building-energy-management,/solutions/building-energy-management | /building-energy-management | /Energy-Shield.html | /blog/2024/05/14/introducing-recomputer-r1000-an-industrial-edge-iot-gateway-powered-by-raspberry-pi-ideal-for-smart-building-and-energy-management/,0,0,0,0.00,0.00%,0.00%,GA4本周未命中,,,,,,0.00%,,,,,,,,,,GA4本周未命中该方案页,,,,,,,,,,,,,,,2026-07-20,0,0,0,0,0,0,0,,,,,,,,,,,,,,,,,,,,,,,,,,,,,,,,,,,,,,,,,,,,,,,
03_转化漏斗表,03-0001,否,,2026-06-29 至 2026-07-05,2026-06-30 至 2026-07-05,语音采集与分析,/solutions/voicecollectionanalysis,,,,,,,,,,,,,,151,,,,,,,,,,,,GA4本周未命中该方案页事件,,,,,,,,,,,,,,,2026-06-29,,,,,,,,7896,GA4未发现可验证CTA事件,GA4未发现可验证表单事件,GA4未发现可验证加购事件,未接入CRM/销售跟进数据,GA4未发现可验证CTA事件,GA4未发现可验证表单事件,7896,0,0,2919,0.00%,0.00%,1.91%,5.17%,page_view / scroll / first_visit / session_start / user_engagement / keyEvents,未发现可验证的CTA点击、表单提交、加购、销售跟进事件；这些不能作为真实漏斗字段填数,,,,,,,,,,,,,,,,,,,,,,,,,,,,,,
03_转化漏斗表,03-0002,否,,2026-06-29 至 2026-07-05,2026-06-30 至 2026-07-05,智能仓储管理,/solutions/smart-warehouse-management,,,,,,,,,,,,,,0,,,,,,,,,,,,GA4本周未命中该方案页事件,,,,,,,,,,,,,,,2026-06-29,,,,,,,,0,GA4未发现可验证CTA事件,GA4未发现可验证表单事件,GA4未发现可验证加购事件,未接入CRM/销售跟进数据,GA4未发现可验证CTA事件,GA4未发现可验证表单事件,0,0,0,0,0.00%,0.00%,0.00%,0.00%,page_view / scroll / first_visit / session_start / user_engagement / keyEvents,未发现可验证的CTA点击、表单提交、加购、销售跟进事件；这些不能作为真实漏斗字段填数,,,,,,,,,,,,,,,,,,,,,,,,,,,,,,
03_转化漏斗表,03-0003,否,,2026-06-29 至 2026-07-05,2026-06-30 至 2026-07-05,智能视频分析,/solutions/intelligent-video-analytics,,,,,,,,,,,,,,0,,,,,,,,,,,,GA4本周未命中该方案页事件,,,,,,,,,,,,,,,2026-06-29,,,,,,,,44,GA4未发现可验证CTA事件,GA4未发现可验证表单事件,GA4未发现可验证加购事件,未接入CRM/销售跟进数据,GA4未发现可验证CTA事件,GA4未发现可验证表单事件,44,0,0,21,0.00%,0.00%,0.00%,0.00%,page_view / scroll / first_visit / session_start / user_engagement / keyEvents,未发现可验证的CTA点击、表单提交、加购、销售跟进事件；这些不能作为真实漏斗字段填数,,,,,,,,,,,,,,,,,,,,,,,,,,,,,,
03_转化漏斗表,03-0004,否,,2026-06-29 至 2026-07-05,2026-06-30 至 2026-07-05,室内外定位,/solutions/indoor-outdoor-positioning,,,,,,,,,,,,,,0,,,,,,,,,,,,GA4本周未命中该方案页事件,,,,,,,,,,,,,,,2026-06-29,,,,,,,,365,GA4未发现可验证CTA事件,GA4未发现可验证表单事件,GA4未发现可验证加购事件,未接入CRM/销售跟进数据,GA4未发现可验证CTA事件,GA4未发现可验证表单事件,365,0,0,172,0.00%,0.00%,0.00%,0.00%,page_view / scroll / first_visit / session_start / user_engagement / keyEvents,未发现可验证的CTA点击、表单提交、加购、销售跟进事件；这些不能作为真实漏斗字段填数,,,,,,,,,,,,,,,,,,,,,,,,,,,,,,
03_转化漏斗表,03-0005,否,,2026-06-29 至 2026-07-05,2026-06-30 至 2026-07-05,对话式语音 AI,/solutions/conversational-voice-ai,,,,,,,,,,,,,,88,,,,,,,,,,,,GA4本周未命中该方案页事件,,,,,,,,,,,,,,,2026-06-29,,,,,,,,3616,GA4未发现可验证CTA事件,GA4未发现可验证表单事件,GA4未发现可验证加购事件,未接入CRM/销售跟进数据,GA4未发现可验证CTA事件,GA4未发现可验证表单事件,3616,0,0,1529,0.00%,0.00%,2.43%,5.76%,page_view / scroll / first_visit / session_start / user_engagement / keyEvents,未发现可验证的CTA点击、表单提交、加购、销售跟进事件；这些不能作为真实漏斗字段填数,,,,,,,,,,,,,,,,,,,,,,,,,,,,,,
03_转化漏斗表,03-0006,否,,2026-06-29 至 2026-07-05,2026-06-30 至 2026-07-05,环境监测,/solutions/environment-monitoring,,,,,,,,,,,,,,0,,,,,,,,,,,,GA4本周未命中该方案页事件,,,,,,,,,,,,,,,2026-06-29,,,,,,,,60,GA4未发现可验证CTA事件,GA4未发现可验证表单事件,GA4未发现可验证加购事件,未接入CRM/销售跟进数据,GA4未发现可验证CTA事件,GA4未发现可验证表单事件,60,0,0,36,0.00%,0.00%,0.00%,0.00%,page_view / scroll / first_visit / session_start / user_engagement / keyEvents,未发现可验证的CTA点击、表单提交、加购、销售跟进事件；这些不能作为真实漏斗字段填数,,,,,,,,,,,,,,,,,,,,,,,,,,,,,,
03_转化漏斗表,03-0007,否,,2026-06-29 至 2026-07-05,2026-06-30 至 2026-07-05,楼宇能源改造,/solutions/building-energy-retrofit,,,,,,,,,,,,,,0,,,,,,,,,,,,GA4本周未命中该方案页事件,,,,,,,,,,,,,,,2026-06-29,,,,,,,,0,GA4未发现可验证CTA事件,GA4未发现可验证表单事件,GA4未发现可验证加购事件,未接入CRM/销售跟进数据,GA4未发现可验证CTA事件,GA4未发现可验证表单事件,0,0,0,0,0.00%,0.00%,0.00%,0.00%,page_view / scroll / first_visit / session_start / user_engagement / keyEvents,未发现可验证的CTA点击、表单提交、加购、销售跟进事件；这些不能作为真实漏斗字段填数,,,,,,,,,,,,,,,,,,,,,,,,,,,,,,
03_转化漏斗表,03-0008,否,,2026-06-29 至 2026-07-05,2026-06-30 至 2026-07-05,智能畜牧养殖,/solutions/smart-livestock-farming,,,,,,,,,,,,,,0,,,,,,,,,,,,GA4本周未命中该方案页事件,,,,,,,,,,,,,,,2026-06-29,,,,,,,,14,GA4未发现可验证CTA事件,GA4未发现可验证表单事件,GA4未发现可验证加购事件,未接入CRM/销售跟进数据,GA4未发现可验证CTA事件,GA4未发现可验证表单事件,14,0,0,4,0.00%,0.00%,0.00%,0.00%,page_view / scroll / first_visit / session_start / user_engagement / keyEvents,未发现可验证的CTA点击、表单提交、加购、销售跟进事件；这些不能作为真实漏斗字段填数,,,,,,,,,,,,,,,,,,,,,,,,,,,,,,
03_转化漏斗表,03-0009,否,,2026-06-29 至 2026-07-05,2026-06-30 至 2026-07-05,智慧农业传感,/solutions/smart-agriculture-sensing,,,,,,,,,,,,,,0,,,,,,,,,,,,GA4本周未命中该方案页事件,,,,,,,,,,,,,,,2026-06-29,,,,,,,,19,GA4未发现可验证CTA事件,GA4未发现可验证表单事件,GA4未发现可验证加购事件,未接入CRM/销售跟进数据,GA4未发现可验证CTA事件,GA4未发现可验证表单事件,19,0,0,4,0.00%,0.00%,0.00%,0.00%,page_view / scroll / first_visit / session_start / user_engagement / keyEvents,未发现可验证的CTA点击、表单提交、加购、销售跟进事件；这些不能作为真实漏斗字段填数,,,,,,,,,,,,,,,,,,,,,,,,,,,,,,
03_转化漏斗表,03-0010,否,,2026-06-29 至 2026-07-05,2026-06-30 至 2026-07-05,校园安全管理,/solutions/campus-safety-management,,,,,,,,,,,,,,0,,,,,,,,,,,,GA4本周未命中该方案页事件,,,,,,,,,,,,,,,2026-06-29,,,,,,,,0,GA4未发现可验证CTA事件,GA4未发现可验证表单事件,GA4未发现可验证加购事件,未接入CRM/销售跟进数据,GA4未发现可验证CTA事件,GA4未发现可验证表单事件,0,0,0,0,0.00%,0.00%,0.00%,0.00%,page_view / scroll / first_visit / session_start / user_engagement / keyEvents,未发现可验证的CTA点击、表单提交、加购、销售跟进事件；这些不能作为真实漏斗字段填数,,,,,,,,,,,,,,,,,,,,,,,,,,,,,,
03_转化漏斗表,03-0011,否,,2026-06-29 至 2026-07-05,2026-06-30 至 2026-07-05,应急响应,/solutions/hazard-response,,,,,,,,,,,,,,0,,,,,,,,,,,,GA4本周未命中该方案页事件,,,,,,,,,,,,,,,2026-06-29,,,,,,,,6,GA4未发现可验证CTA事件,GA4未发现可验证表单事件,GA4未发现可验证加购事件,未接入CRM/销售跟进数据,GA4未发现可验证CTA事件,GA4未发现可验证表单事件,6,0,0,3,0.00%,0.00%,0.00%,0.00%,page_view / scroll / first_visit / session_start / user_engagement / keyEvents,未发现可验证的CTA点击、表单提交、加购、销售跟进事件；这些不能作为真实漏斗字段填数,,,,,,,,,,,,,,,,,,,,,,,,,,,,,,
03_转化漏斗表,03-0012,否,,2026-06-29 至 2026-07-05,2026-06-30 至 2026-07-05,楼宇能源管理,/solutions/building-energy-management,,,,,,,,,,,,,,0,,,,,,,,,,,,GA4本周未命中该方案页事件,,,,,,,,,,,,,,,2026-06-29,,,,,,,,36,GA4未发现可验证CTA事件,GA4未发现可验证表单事件,GA4未发现可验证加购事件,未接入CRM/销售跟进数据,GA4未发现可验证CTA事件,GA4未发现可验证表单事件,36,0,0,18,0.00%,0.00%,0.00%,0.00%,page_view / scroll / first_visit / session_start / user_engagement / keyEvents,未发现可验证的CTA点击、表单提交、加购、销售跟进事件；这些不能作为真实漏斗字段填数,,,,,,,,,,,,,,,,,,,,,,,,,,,,,,
03_转化漏斗表,03-0013,否,,2026-07-06 至 2026-07-12,2026-07-06 至 2026-07-12,语音采集与分析,/solutions/voicecollectionanalysis,,,,,,,,,,,,,,111,,,,,,,,,,,,GA4本周未命中该方案页事件,,,,,,,,,,,,,,,2026-07-06,,,,,,,,7749,GA4未发现可验证CTA事件,GA4未发现可验证表单事件,GA4未发现可验证加购事件,未接入CRM/销售跟进数据,GA4未发现可验证CTA事件,GA4未发现可验证表单事件,7749,0,0,3373,0.00%,0.00%,1.43%,3.29%,page_view / scroll / first_visit / session_start / user_engagement / keyEvents,未发现可验证的CTA点击、表单提交、加购、销售跟进事件；这些不能作为真实漏斗字段填数,,,,,,,,,,,,,,,,,,,,,,,,,,,,,,
03_转化漏斗表,03-0014,否,,2026-07-06 至 2026-07-12,2026-07-06 至 2026-07-12,智能仓储管理,/solutions/smart-warehouse-management,,,,,,,,,,,,,,0,,,,,,,,,,,,GA4本周未命中该方案页事件,,,,,,,,,,,,,,,2026-07-06,,,,,,,,0,GA4未发现可验证CTA事件,GA4未发现可验证表单事件,GA4未发现可验证加购事件,未接入CRM/销售跟进数据,GA4未发现可验证CTA事件,GA4未发现可验证表单事件,0,0,0,0,0.00%,0.00%,0.00%,0.00%,page_view / scroll / first_visit / session_start / user_engagement / keyEvents,未发现可验证的CTA点击、表单提交、加购、销售跟进事件；这些不能作为真实漏斗字段填数,,,,,,,,,,,,,,,,,,,,,,,,,,,,,,
03_转化漏斗表,03-0015,否,,2026-07-06 至 2026-07-12,2026-07-06 至 2026-07-12,智能视频分析,/solutions/intelligent-video-analytics,,,,,,,,,,,,,,0,,,,,,,,,,,,GA4本周未命中该方案页事件,,,,,,,,,,,,,,,2026-07-06,,,,,,,,25,GA4未发现可验证CTA事件,GA4未发现可验证表单事件,GA4未发现可验证加购事件,未接入CRM/销售跟进数据,GA4未发现可验证CTA事件,GA4未发现可验证表单事件,25,0,0,14,0.00%,0.00%,0.00%,0.00%,page_view / scroll / first_visit / session_start / user_engagement / keyEvents,未发现可验证的CTA点击、表单提交、加购、销售跟进事件；这些不能作为真实漏斗字段填数,,,,,,,,,,,,,,,,,,,,,,,,,,,,,,
03_转化漏斗表,03-0016,否,,2026-07-06 至 2026-07-12,2026-07-06 至 2026-07-12,室内外定位,/solutions/indoor-outdoor-positioning,,,,,,,,,,,,,,0,,,,,,,,,,,,GA4本周未命中该方案页事件,,,,,,,,,,,,,,,2026-07-06,,,,,,,,362,GA4未发现可验证CTA事件,GA4未发现可验证表单事件,GA4未发现可验证加购事件,未接入CRM/销售跟进数据,GA4未发现可验证CTA事件,GA4未发现可验证表单事件,362,0,0,175,0.00%,0.00%,0.00%,0.00%,page_view / scroll / first_visit / session_start / user_engagement / keyEvents,未发现可验证的CTA点击、表单提交、加购、销售跟进事件；这些不能作为真实漏斗字段填数,,,,,,,,,,,,,,,,,,,,,,,,,,,,,,
03_转化漏斗表,03-0017,否,,2026-07-06 至 2026-07-12,2026-07-06 至 2026-07-12,对话式语音 AI,/solutions/conversational-voice-ai,,,,,,,,,,,,,,128,,,,,,,,,,,,GA4本周未命中该方案页事件,,,,,,,,,,,,,,,2026-07-06,,,,,,,,4927,GA4未发现可验证CTA事件,GA4未发现可验证表单事件,GA4未发现可验证加购事件,未接入CRM/销售跟进数据,GA4未发现可验证CTA事件,GA4未发现可验证表单事件,4927,0,0,1945,0.00%,0.00%,2.60%,6.58%,page_view / scroll / first_visit / session_start / user_engagement / keyEvents,未发现可验证的CTA点击、表单提交、加购、销售跟进事件；这些不能作为真实漏斗字段填数,,,,,,,,,,,,,,,,,,,,,,,,,,,,,,
03_转化漏斗表,03-0018,否,,2026-07-06 至 2026-07-12,2026-07-06 至 2026-07-12,环境监测,/solutions/environment-monitoring,,,,,,,,,,,,,,0,,,,,,,,,,,,GA4本周未命中该方案页事件,,,,,,,,,,,,,,,2026-07-06,,,,,,,,50,GA4未发现可验证CTA事件,GA4未发现可验证表单事件,GA4未发现可验证加购事件,未接入CRM/销售跟进数据,GA4未发现可验证CTA事件,GA4未发现可验证表单事件,50,0,0,33,0.00%,0.00%,0.00%,0.00%,page_view / scroll / first_visit / session_start / user_engagement / keyEvents,未发现可验证的CTA点击、表单提交、加购、销售跟进事件；这些不能作为真实漏斗字段填数,,,,,,,,,,,,,,,,,,,,,,,,,,,,,,
03_转化漏斗表,03-0019,否,,2026-07-06 至 2026-07-12,2026-07-06 至 2026-07-12,楼宇能源改造,/solutions/building-energy-retrofit,,,,,,,,,,,,,,0,,,,,,,,,,,,GA4本周未命中该方案页事件,,,,,,,,,,,,,,,2026-07-06,,,,,,,,0,GA4未发现可验证CTA事件,GA4未发现可验证表单事件,GA4未发现可验证加购事件,未接入CRM/销售跟进数据,GA4未发现可验证CTA事件,GA4未发现可验证表单事件,0,0,0,0,0.00%,0.00%,0.00%,0.00%,page_view / scroll / first_visit / session_start / user_engagement / keyEvents,未发现可验证的CTA点击、表单提交、加购、销售跟进事件；这些不能作为真实漏斗字段填数,,,,,,,,,,,,,,,,,,,,,,,,,,,,,,
03_转化漏斗表,03-0020,否,,2026-07-06 至 2026-07-12,2026-07-06 至 2026-07-12,智能畜牧养殖,/solutions/smart-livestock-farming,,,,,,,,,,,,,,0,,,,,,,,,,,,GA4本周未命中该方案页事件,,,,,,,,,,,,,,,2026-07-06,,,,,,,,6,GA4未发现可验证CTA事件,GA4未发现可验证表单事件,GA4未发现可验证加购事件,未接入CRM/销售跟进数据,GA4未发现可验证CTA事件,GA4未发现可验证表单事件,6,0,0,1,0.00%,0.00%,0.00%,0.00%,page_view / scroll / first_visit / session_start / user_engagement / keyEvents,未发现可验证的CTA点击、表单提交、加购、销售跟进事件；这些不能作为真实漏斗字段填数,,,,,,,,,,,,,,,,,,,,,,,,,,,,,,
03_转化漏斗表,03-0021,否,,2026-07-06 至 2026-07-12,2026-07-06 至 2026-07-12,智慧农业传感,/solutions/smart-agriculture-sensing,,,,,,,,,,,,,,0,,,,,,,,,,,,GA4本周未命中该方案页事件,,,,,,,,,,,,,,,2026-07-06,,,,,,,,7,GA4未发现可验证CTA事件,GA4未发现可验证表单事件,GA4未发现可验证加购事件,未接入CRM/销售跟进数据,GA4未发现可验证CTA事件,GA4未发现可验证表单事件,7,0,0,2,0.00%,0.00%,0.00%,0.00%,page_view / scroll / first_visit / session_start / user_engagement / keyEvents,未发现可验证的CTA点击、表单提交、加购、销售跟进事件；这些不能作为真实漏斗字段填数,,,,,,,,,,,,,,,,,,,,,,,,,,,,,,
03_转化漏斗表,03-0022,否,,2026-07-06 至 2026-07-12,2026-07-06 至 2026-07-12,校园安全管理,/solutions/campus-safety-management,,,,,,,,,,,,,,0,,,,,,,,,,,,GA4本周未命中该方案页事件,,,,,,,,,,,,,,,2026-07-06,,,,,,,,17,GA4未发现可验证CTA事件,GA4未发现可验证表单事件,GA4未发现可验证加购事件,未接入CRM/销售跟进数据,GA4未发现可验证CTA事件,GA4未发现可验证表单事件,17,0,0,3,0.00%,0.00%,0.00%,0.00%,page_view / scroll / first_visit / session_start / user_engagement / keyEvents,未发现可验证的CTA点击、表单提交、加购、销售跟进事件；这些不能作为真实漏斗字段填数,,,,,,,,,,,,,,,,,,,,,,,,,,,,,,
03_转化漏斗表,03-0023,否,,2026-07-06 至 2026-07-12,2026-07-06 至 2026-07-12,应急响应,/solutions/hazard-response,,,,,,,,,,,,,,0,,,,,,,,,,,,GA4本周未命中该方案页事件,,,,,,,,,,,,,,,2026-07-06,,,,,,,,25,GA4未发现可验证CTA事件,GA4未发现可验证表单事件,GA4未发现可验证加购事件,未接入CRM/销售跟进数据,GA4未发现可验证CTA事件,GA4未发现可验证表单事件,25,0,0,8,0.00%,0.00%,0.00%,0.00%,page_view / scroll / first_visit / session_start / user_engagement / keyEvents,未发现可验证的CTA点击、表单提交、加购、销售跟进事件；这些不能作为真实漏斗字段填数,,,,,,,,,,,,,,,,,,,,,,,,,,,,,,
03_转化漏斗表,03-0024,否,,2026-07-06 至 2026-07-12,2026-07-06 至 2026-07-12,楼宇能源管理,/solutions/building-energy-management,,,,,,,,,,,,,,0,,,,,,,,,,,,GA4本周未命中该方案页事件,,,,,,,,,,,,,,,2026-07-06,,,,,,,,15,GA4未发现可验证CTA事件,GA4未发现可验证表单事件,GA4未发现可验证加购事件,未接入CRM/销售跟进数据,GA4未发现可验证CTA事件,GA4未发现可验证表单事件,15,0,0,8,0.00%,0.00%,0.00%,0.00%,page_view / scroll / first_visit / session_start / user_engagement / keyEvents,未发现可验证的CTA点击、表单提交、加购、销售跟进事件；这些不能作为真实漏斗字段填数,,,,,,,,,,,,,,,,,,,,,,,,,,,,,,
03_转化漏斗表,03-0025,否,,2026-07-13 至 2026-07-19,2026-07-13 至 2026-07-19,语音采集与分析,/solutions/voicecollectionanalysis,,,,,,,,,,,,,,61,,,,,,,,,,,,GA4本周未命中该方案页事件,,,,,,,,,,,,,,,2026-07-13,,,,,,,,4078,GA4未发现可验证CTA事件,GA4未发现可验证表单事件,GA4未发现可验证加购事件,未接入CRM/销售跟进数据,GA4未发现可验证CTA事件,GA4未发现可验证表单事件,4078,0,0,1619,0.00%,0.00%,1.50%,3.77%,page_view / scroll / first_visit / session_start / user_engagement / keyEvents,未发现可验证的CTA点击、表单提交、加购、销售跟进事件；这些不能作为真实漏斗字段填数,,,,,,,,,,,,,,,,,,,,,,,,,,,,,,
03_转化漏斗表,03-0026,否,,2026-07-13 至 2026-07-19,2026-07-13 至 2026-07-19,智能仓储管理,/solutions/smart-warehouse-management,,,,,,,,,,,,,,0,,,,,,,,,,,,GA4本周未命中该方案页事件,,,,,,,,,,,,,,,2026-07-13,,,,,,,,0,GA4未发现可验证CTA事件,GA4未发现可验证表单事件,GA4未发现可验证加购事件,未接入CRM/销售跟进数据,GA4未发现可验证CTA事件,GA4未发现可验证表单事件,0,0,0,0,0.00%,0.00%,0.00%,0.00%,page_view / scroll / first_visit / session_start / user_engagement / keyEvents,未发现可验证的CTA点击、表单提交、加购、销售跟进事件；这些不能作为真实漏斗字段填数,,,,,,,,,,,,,,,,,,,,,,,,,,,,,,
03_转化漏斗表,03-0027,否,,2026-07-13 至 2026-07-19,2026-07-13 至 2026-07-19,智能视频分析,/solutions/intelligent-video-analytics,,,,,,,,,,,,,,0,,,,,,,,,,,,GA4本周未命中该方案页事件,,,,,,,,,,,,,,,2026-07-13,,,,,,,,36,GA4未发现可验证CTA事件,GA4未发现可验证表单事件,GA4未发现可验证加购事件,未接入CRM/销售跟进数据,GA4未发现可验证CTA事件,GA4未发现可验证表单事件,36,0,0,19,0.00%,0.00%,0.00%,0.00%,page_view / scroll / first_visit / session_start / user_engagement / keyEvents,未发现可验证的CTA点击、表单提交、加购、销售跟进事件；这些不能作为真实漏斗字段填数,,,,,,,,,,,,,,,,,,,,,,,,,,,,,,
03_转化漏斗表,03-0028,否,,2026-07-13 至 2026-07-19,2026-07-13 至 2026-07-19,室内外定位,/solutions/indoor-outdoor-positioning,,,,,,,,,,,,,,0,,,,,,,,,,,,GA4本周未命中该方案页事件,,,,,,,,,,,,,,,2026-07-13,,,,,,,,378,GA4未发现可验证CTA事件,GA4未发现可验证表单事件,GA4未发现可验证加购事件,未接入CRM/销售跟进数据,GA4未发现可验证CTA事件,GA4未发现可验证表单事件,378,0,0,183,0.00%,0.00%,0.00%,0.00%,page_view / scroll / first_visit / session_start / user_engagement / keyEvents,未发现可验证的CTA点击、表单提交、加购、销售跟进事件；这些不能作为真实漏斗字段填数,,,,,,,,,,,,,,,,,,,,,,,,,,,,,,
03_转化漏斗表,03-0029,否,,2026-07-13 至 2026-07-19,2026-07-13 至 2026-07-19,对话式语音 AI,/solutions/conversational-voice-ai,,,,,,,,,,,,,,107,,,,,,,,,,,,GA4本周未命中该方案页事件,,,,,,,,,,,,,,,2026-07-13,,,,,,,,5080,GA4未发现可验证CTA事件,GA4未发现可验证表单事件,GA4未发现可验证加购事件,未接入CRM/销售跟进数据,GA4未发现可验证CTA事件,GA4未发现可验证表单事件,5080,0,0,2005,0.00%,0.00%,2.11%,5.34%,page_view / scroll / first_visit / session_start / user_engagement / keyEvents,未发现可验证的CTA点击、表单提交、加购、销售跟进事件；这些不能作为真实漏斗字段填数,,,,,,,,,,,,,,,,,,,,,,,,,,,,,,
03_转化漏斗表,03-0030,否,,2026-07-13 至 2026-07-19,2026-07-13 至 2026-07-19,环境监测,/solutions/environment-monitoring,,,,,,,,,,,,,,1,,,,,,,,,,,,GA4本周未命中该方案页事件,,,,,,,,,,,,,,,2026-07-13,,,,,,,,74,GA4未发现可验证CTA事件,GA4未发现可验证表单事件,GA4未发现可验证加购事件,未接入CRM/销售跟进数据,GA4未发现可验证CTA事件,GA4未发现可验证表单事件,74,0,0,39,0.00%,0.00%,1.35%,2.56%,page_view / scroll / first_visit / session_start / user_engagement / keyEvents,未发现可验证的CTA点击、表单提交、加购、销售跟进事件；这些不能作为真实漏斗字段填数,,,,,,,,,,,,,,,,,,,,,,,,,,,,,,
03_转化漏斗表,03-0031,否,,2026-07-13 至 2026-07-19,2026-07-13 至 2026-07-19,楼宇能源改造,/solutions/building-energy-retrofit,,,,,,,,,,,,,,0,,,,,,,,,,,,GA4本周未命中该方案页事件,,,,,,,,,,,,,,,2026-07-13,,,,,,,,9,GA4未发现可验证CTA事件,GA4未发现可验证表单事件,GA4未发现可验证加购事件,未接入CRM/销售跟进数据,GA4未发现可验证CTA事件,GA4未发现可验证表单事件,9,0,0,3,0.00%,0.00%,0.00%,0.00%,page_view / scroll / first_visit / session_start / user_engagement / keyEvents,未发现可验证的CTA点击、表单提交、加购、销售跟进事件；这些不能作为真实漏斗字段填数,,,,,,,,,,,,,,,,,,,,,,,,,,,,,,
03_转化漏斗表,03-0032,否,,2026-07-13 至 2026-07-19,2026-07-13 至 2026-07-19,智能畜牧养殖,/solutions/smart-livestock-farming,,,,,,,,,,,,,,0,,,,,,,,,,,,GA4本周未命中该方案页事件,,,,,,,,,,,,,,,2026-07-13,,,,,,,,0,GA4未发现可验证CTA事件,GA4未发现可验证表单事件,GA4未发现可验证加购事件,未接入CRM/销售跟进数据,GA4未发现可验证CTA事件,GA4未发现可验证表单事件,0,0,0,0,0.00%,0.00%,0.00%,0.00%,page_view / scroll / first_visit / session_start / user_engagement / keyEvents,未发现可验证的CTA点击、表单提交、加购、销售跟进事件；这些不能作为真实漏斗字段填数,,,,,,,,,,,,,,,,,,,,,,,,,,,,,,
03_转化漏斗表,03-0033,否,,2026-07-13 至 2026-07-19,2026-07-13 至 2026-07-19,智慧农业传感,/solutions/smart-agriculture-sensing,,,,,,,,,,,,,,0,,,,,,,,,,,,GA4本周未命中该方案页事件,,,,,,,,,,,,,,,2026-07-13,,,,,,,,0,GA4未发现可验证CTA事件,GA4未发现可验证表单事件,GA4未发现可验证加购事件,未接入CRM/销售跟进数据,GA4未发现可验证CTA事件,GA4未发现可验证表单事件,0,0,0,0,0.00%,0.00%,0.00%,0.00%,page_view / scroll / first_visit / session_start / user_engagement / keyEvents,未发现可验证的CTA点击、表单提交、加购、销售跟进事件；这些不能作为真实漏斗字段填数,,,,,,,,,,,,,,,,,,,,,,,,,,,,,,
03_转化漏斗表,03-0034,否,,2026-07-13 至 2026-07-19,2026-07-13 至 2026-07-19,校园安全管理,/solutions/campus-safety-management,,,,,,,,,,,,,,0,,,,,,,,,,,,GA4本周未命中该方案页事件,,,,,,,,,,,,,,,2026-07-13,,,,,,,,0,GA4未发现可验证CTA事件,GA4未发现可验证表单事件,GA4未发现可验证加购事件,未接入CRM/销售跟进数据,GA4未发现可验证CTA事件,GA4未发现可验证表单事件,0,0,0,0,0.00%,0.00%,0.00%,0.00%,page_view / scroll / first_visit / session_start / user_engagement / keyEvents,未发现可验证的CTA点击、表单提交、加购、销售跟进事件；这些不能作为真实漏斗字段填数,,,,,,,,,,,,,,,,,,,,,,,,,,,,,,
03_转化漏斗表,03-0035,否,,2026-07-13 至 2026-07-19,2026-07-13 至 2026-07-19,应急响应,/solutions/hazard-response,,,,,,,,,,,,,,0,,,,,,,,,,,,GA4本周未命中该方案页事件,,,,,,,,,,,,,,,2026-07-13,,,,,,,,9,GA4未发现可验证CTA事件,GA4未发现可验证表单事件,GA4未发现可验证加购事件,未接入CRM/销售跟进数据,GA4未发现可验证CTA事件,GA4未发现可验证表单事件,9,0,0,2,0.00%,0.00%,0.00%,0.00%,page_view / scroll / first_visit / session_start / user_engagement / keyEvents,未发现可验证的CTA点击、表单提交、加购、销售跟进事件；这些不能作为真实漏斗字段填数,,,,,,,,,,,,,,,,,,,,,,,,,,,,,,
03_转化漏斗表,03-0036,否,,2026-07-13 至 2026-07-19,2026-07-13 至 2026-07-19,楼宇能源管理,/solutions/building-energy-management,,,,,,,,,,,,,,0,,,,,,,,,,,,GA4本周未命中该方案页事件,,,,,,,,,,,,,,,2026-07-13,,,,,,,,9,GA4未发现可验证CTA事件,GA4未发现可验证表单事件,GA4未发现可验证加购事件,未接入CRM/销售跟进数据,GA4未发现可验证CTA事件,GA4未发现可验证表单事件,9,0,0,3,0.00%,0.00%,0.00%,0.00%,page_view / scroll / first_visit / session_start / user_engagement / keyEvents,未发现可验证的CTA点击、表单提交、加购、销售跟进事件；这些不能作为真实漏斗字段填数,,,,,,,,,,,,,,,,,,,,,,,,,,,,,,
03_转化漏斗表,03-0037,否,,2026-07-20 至 2026-07-26,2026-07-20 至 2026-07-26,语音采集与分析,/solutions/voicecollectionanalysis,,,,,,,,,,,,,,58,,,,,,,,,,,,GA4本周未命中该方案页事件,,,,,,,,,,,,,,,2026-07-20,,,,,,,,3696,GA4未发现可验证CTA事件,GA4未发现可验证表单事件,GA4未发现可验证加购事件,未接入CRM/销售跟进数据,GA4未发现可验证CTA事件,GA4未发现可验证表单事件,3696,0,0,1437,0.00%,0.00%,1.57%,4.04%,page_view / scroll / first_visit / session_start / user_engagement / keyEvents,未发现可验证的CTA点击、表单提交、加购、销售跟进事件；这些不能作为真实漏斗字段填数,,,,,,,,,,,,,,,,,,,,,,,,,,,,,,
03_转化漏斗表,03-0038,否,,2026-07-20 至 2026-07-26,2026-07-20 至 2026-07-26,智能仓储管理,/solutions/smart-warehouse-management,,,,,,,,,,,,,,0,,,,,,,,,,,,有GA事件数据,,,,,,,,,,,,,,,2026-07-20,,,,,,,,6,GA4未发现可验证CTA事件,GA4未发现可验证表单事件,GA4未发现可验证加购事件,未接入CRM/销售跟进数据,GA4未发现可验证CTA事件,GA4未发现可验证表单事件,6,3,1,1,50.00%,16.67%,0.00%,0.00%,page_view / scroll / first_visit / session_start / user_engagement / keyEvents,未发现可验证的CTA点击、表单提交、加购、销售跟进事件；这些不能作为真实漏斗字段填数,,,,,,,,,,,,,,,,,,,,,,,,,,,,,,
03_转化漏斗表,03-0039,否,,2026-07-20 至 2026-07-26,2026-07-20 至 2026-07-26,智能视频分析,/solutions/intelligent-video-analytics,,,,,,,,,,,,,,0,,,,,,,,,,,,有GA事件数据,,,,,,,,,,,,,,,2026-07-20,,,,,,,,20,GA4未发现可验证CTA事件,GA4未发现可验证表单事件,GA4未发现可验证加购事件,未接入CRM/销售跟进数据,GA4未发现可验证CTA事件,GA4未发现可验证表单事件,19,5,5,6,26.32%,26.32%,0.00%,0.00%,page_view / scroll / first_visit / session_start / user_engagement / keyEvents,未发现可验证的CTA点击、表单提交、加购、销售跟进事件；这些不能作为真实漏斗字段填数,,,,,,,,,,,,,,,,,,,,,,,,,,,,,,
03_转化漏斗表,03-0040,否,,2026-07-20 至 2026-07-26,2026-07-20 至 2026-07-26,室内外定位,/solutions/indoor-outdoor-positioning,,,,,,,,,,,,,,1,,,,,,,,,,,,GA4本周未命中该方案页事件,,,,,,,,,,,,,,,2026-07-20,,,,,,,,361,GA4未发现可验证CTA事件,GA4未发现可验证表单事件,GA4未发现可验证加购事件,未接入CRM/销售跟进数据,GA4未发现可验证CTA事件,GA4未发现可验证表单事件,361,0,0,158,0.00%,0.00%,0.28%,0.63%,page_view / scroll / first_visit / session_start / user_engagement / keyEvents,未发现可验证的CTA点击、表单提交、加购、销售跟进事件；这些不能作为真实漏斗字段填数,,,,,,,,,,,,,,,,,,,,,,,,,,,,,,
03_转化漏斗表,03-0041,否,,2026-07-20 至 2026-07-26,2026-07-20 至 2026-07-26,对话式语音 AI,/solutions/conversational-voice-ai,,,,,,,,,,,,,,109,,,,,,,,,,,,GA4本周未命中该方案页事件,,,,,,,,,,,,,,,2026-07-20,,,,,,,,4164,GA4未发现可验证CTA事件,GA4未发现可验证表单事件,GA4未发现可验证加购事件,未接入CRM/销售跟进数据,GA4未发现可验证CTA事件,GA4未发现可验证表单事件,4164,0,0,1591,0.00%,0.00%,2.62%,6.85%,page_view / scroll / first_visit / session_start / user_engagement / keyEvents,未发现可验证的CTA点击、表单提交、加购、销售跟进事件；这些不能作为真实漏斗字段填数,,,,,,,,,,,,,,,,,,,,,,,,,,,,,,
03_转化漏斗表,03-0042,否,,2026-07-20 至 2026-07-26,2026-07-20 至 2026-07-26,环境监测,/solutions/environment-monitoring,,,,,,,,,,,,,,0,,,,,,,,,,,,GA4本周未命中该方案页事件,,,,,,,,,,,,,,,2026-07-20,,,,,,,,64,GA4未发现可验证CTA事件,GA4未发现可验证表单事件,GA4未发现可验证加购事件,未接入CRM/销售跟进数据,GA4未发现可验证CTA事件,GA4未发现可验证表单事件,64,0,0,36,0.00%,0.00%,0.00%,0.00%,page_view / scroll / first_visit / session_start / user_engagement / keyEvents,未发现可验证的CTA点击、表单提交、加购、销售跟进事件；这些不能作为真实漏斗字段填数,,,,,,,,,,,,,,,,,,,,,,,,,,,,,,
03_转化漏斗表,03-0043,否,,2026-07-20 至 2026-07-26,2026-07-20 至 2026-07-26,楼宇能源改造,/solutions/building-energy-retrofit,,,,,,,,,,,,,,0,,,,,,,,,,,,GA4本周未命中该方案页事件,,,,,,,,,,,,,,,2026-07-20,,,,,,,,0,GA4未发现可验证CTA事件,GA4未发现可验证表单事件,GA4未发现可验证加购事件,未接入CRM/销售跟进数据,GA4未发现可验证CTA事件,GA4未发现可验证表单事件,0,0,0,0,0.00%,0.00%,0.00%,0.00%,page_view / scroll / first_visit / session_start / user_engagement / keyEvents,未发现可验证的CTA点击、表单提交、加购、销售跟进事件；这些不能作为真实漏斗字段填数,,,,,,,,,,,,,,,,,,,,,,,,,,,,,,
03_转化漏斗表,03-0044,否,,2026-07-20 至 2026-07-26,2026-07-20 至 2026-07-26,智能畜牧养殖,/solutions/smart-livestock-farming,,,,,,,,,,,,,,0,,,,,,,,,,,,GA4本周未命中该方案页事件,,,,,,,,,,,,,,,2026-07-20,,,,,,,,0,GA4未发现可验证CTA事件,GA4未发现可验证表单事件,GA4未发现可验证加购事件,未接入CRM/销售跟进数据,GA4未发现可验证CTA事件,GA4未发现可验证表单事件,0,0,0,0,0.00%,0.00%,0.00%,0.00%,page_view / scroll / first_visit / session_start / user_engagement / keyEvents,未发现可验证的CTA点击、表单提交、加购、销售跟进事件；这些不能作为真实漏斗字段填数,,,,,,,,,,,,,,,,,,,,,,,,,,,,,,
03_转化漏斗表,03-0045,否,,2026-07-20 至 2026-07-26,2026-07-20 至 2026-07-26,智慧农业传感,/solutions/smart-agriculture-sensing,,,,,,,,,,,,,,0,,,,,,,,,,,,GA4本周未命中该方案页事件,,,,,,,,,,,,,,,2026-07-20,,,,,,,,0,GA4未发现可验证CTA事件,GA4未发现可验证表单事件,GA4未发现可验证加购事件,未接入CRM/销售跟进数据,GA4未发现可验证CTA事件,GA4未发现可验证表单事件,0,0,0,0,0.00%,0.00%,0.00%,0.00%,page_view / scroll / first_visit / session_start / user_engagement / keyEvents,未发现可验证的CTA点击、表单提交、加购、销售跟进事件；这些不能作为真实漏斗字段填数,,,,,,,,,,,,,,,,,,,,,,,,,,,,,,
03_转化漏斗表,03-0046,否,,2026-07-20 至 2026-07-26,2026-07-20 至 2026-07-26,校园安全管理,/solutions/campus-safety-management,,,,,,,,,,,,,,0,,,,,,,,,,,,GA4本周未命中该方案页事件,,,,,,,,,,,,,,,2026-07-20,,,,,,,,9,GA4未发现可验证CTA事件,GA4未发现可验证表单事件,GA4未发现可验证加购事件,未接入CRM/销售跟进数据,GA4未发现可验证CTA事件,GA4未发现可验证表单事件,9,0,0,2,0.00%,0.00%,0.00%,0.00%,page_view / scroll / first_visit / session_start / user_engagement / keyEvents,未发现可验证的CTA点击、表单提交、加购、销售跟进事件；这些不能作为真实漏斗字段填数,,,,,,,,,,,,,,,,,,,,,,,,,,,,,,
03_转化漏斗表,03-0047,否,,2026-07-20 至 2026-07-26,2026-07-20 至 2026-07-26,应急响应,/solutions/hazard-response,,,,,,,,,,,,,,0,,,,,,,,,,,,GA4本周未命中该方案页事件,,,,,,,,,,,,,,,2026-07-20,,,,,,,,18,GA4未发现可验证CTA事件,GA4未发现可验证表单事件,GA4未发现可验证加购事件,未接入CRM/销售跟进数据,GA4未发现可验证CTA事件,GA4未发现可验证表单事件,18,0,0,7,0.00%,0.00%,0.00%,0.00%,page_view / scroll / first_visit / session_start / user_engagement / keyEvents,未发现可验证的CTA点击、表单提交、加购、销售跟进事件；这些不能作为真实漏斗字段填数,,,,,,,,,,,,,,,,,,,,,,,,,,,,,,
03_转化漏斗表,03-0048,否,,2026-07-20 至 2026-07-26,2026-07-20 至 2026-07-26,楼宇能源管理,/solutions/building-energy-management,,,,,,,,,,,,,,0,,,,,,,,,,,,GA4本周未命中该方案页事件,,,,,,,,,,,,,,,2026-07-20,,,,,,,,0,GA4未发现可验证CTA事件,GA4未发现可验证表单事件,GA4未发现可验证加购事件,未接入CRM/销售跟进数据,GA4未发现可验证CTA事件,GA4未发现可验证表单事件,0,0,0,0,0.00%,0.00%,0.00%,0.00%,page_view / scroll / first_visit / session_start / user_engagement / keyEvents,未发现可验证的CTA点击、表单提交、加购、销售跟进事件；这些不能作为真实漏斗字段填数,,,,,,,,,,,,,,,,,,,,,,,,,,,,,,
04_流量来源渠道,04-0001,否,2026-06-29,2026-06-29 至 2026-07-05,,,,,,,,,1223,,,5.72%,,,,,,,,,,,,,,,,,,,,,,,,,,,,,,,,,,,,,,,,,,,,,,,,,,,,,,,,,2026-06-30,2026-07-05,Email,1154,2979,43,3.52%,43.82,1,转化处于可优化区间，建议做渠道和页面拆解,高转化渠道继续放大；高流量低关键事件渠道优先检查落地页承接和事件配置,,,,,,,,,,,,,,,,,,,
04_流量来源渠道,04-0002,否,2026-06-29,2026-06-29 至 2026-07-05,,,,,,,,,952,,,8.61%,,,,,,,,,,,,,,,,,,,,,,,,,,,,,,,,,,,,,,,,,,,,,,,,,,,,,,,,,2026-06-30,2026-07-05,Direct,889,2454,53,5.57%,25.67,2,转化表现较强，可继续放大有效渠道,高转化渠道继续放大；高流量低关键事件渠道优先检查落地页承接和事件配置,,,,,,,,,,,,,,,,,,,
04_流量来源渠道,04-0003,否,2026-06-29,2026-06-29 至 2026-07-05,,,,,,,,,810,,,11.23%,,,,,,,,,,,,,,,,,,,,,,,,,,,,,,,,,,,,,,,,,,,,,,,,,,,,,,,,,2026-06-30,2026-07-05,Organic Search,757,1827,36,4.44%,36.73,3,转化处于可优化区间，建议做渠道和页面拆解,高转化渠道继续放大；高流量低关键事件渠道优先检查落地页承接和事件配置,,,,,,,,,,,,,,,,,,,
04_流量来源渠道,04-0004,否,2026-06-29,2026-06-29 至 2026-07-05,,,,,,,,,653,,,9.49%,,,,,,,,,,,,,,,,,,,,,,,,,,,,,,,,,,,,,,,,,,,,,,,,,,,,,,,,,2026-06-30,2026-07-05,Referral,581,1583,53,8.12%,36.44,4,转化表现较强，可继续放大有效渠道,高转化渠道继续放大；高流量低关键事件渠道优先检查落地页承接和事件配置,,,,,,,,,,,,,,,,,,,
04_流量来源渠道,04-0005,否,2026-06-29,2026-06-29 至 2026-07-05,,,,,,,,,307,,,3.26%,,,,,,,,,,,,,,,,,,,,,,,,,,,,,,,,,,,,,,,,,,,,,,,,,,,,,,,,,2026-06-30,2026-07-05,Organic Social,295,950,12,3.91%,22.17,5,转化处于可优化区间，建议做渠道和页面拆解,高转化渠道继续放大；高流量低关键事件渠道优先检查落地页承接和事件配置,,,,,,,,,,,,,,,,,,,
04_流量来源渠道,04-0006,否,2026-07-06,2026-07-06 至 2026-07-12,,,,,,,,,1559,,,22.32%,,,,,,,,,,,,,,,,,,,,,,,,,,,,,,,,,,,,,,,,,,,,,,,,,,,,,,,,,2026-07-06,2026-07-12,Email,1407,3314,26,1.67%,30.97,1,转化处于可优化区间，建议做渠道和页面拆解,高转化渠道继续放大；高流量低关键事件渠道优先检查落地页承接和事件配置,,,,,,,,,,,,,,,,,,,
04_流量来源渠道,04-0007,否,2026-07-06,2026-07-06 至 2026-07-12,,,,,,,,,1019,,,15.31%,,,,,,,,,,,,,,,,,,,,,,,,,,,,,,,,,,,,,,,,,,,,,,,,,,,,,,,,,2026-07-06,2026-07-12,Organic Search,957,2303,34,3.34%,29.24,2,转化处于可优化区间，建议做渠道和页面拆解,高转化渠道继续放大；高流量低关键事件渠道优先检查落地页承接和事件配置,,,,,,,,,,,,,,,,,,,
04_流量来源渠道,04-0008,否,2026-07-06,2026-07-06 至 2026-07-12,,,,,,,,,882,,,9.07%,,,,,,,,,,,,,,,,,,,,,,,,,,,,,,,,,,,,,,,,,,,,,,,,,,,,,,,,,2026-07-06,2026-07-12,Direct,838,2148,52,5.90%,29.48,3,转化表现较强，可继续放大有效渠道,高转化渠道继续放大；高流量低关键事件渠道优先检查落地页承接和事件配置,,,,,,,,,,,,,,,,,,,
04_流量来源渠道,04-0009,否,2026-07-06,2026-07-06 至 2026-07-12,,,,,,,,,820,,,10.73%,,,,,,,,,,,,,,,,,,,,,,,,,,,,,,,,,,,,,,,,,,,,,,,,,,,,,,,,,2026-07-06,2026-07-12,Referral,747,1888,63,7.68%,31.15,4,转化表现较强，可继续放大有效渠道,高转化渠道继续放大；高流量低关键事件渠道优先检查落地页承接和事件配置,,,,,,,,,,,,,,,,,,,
04_流量来源渠道,04-0010,否,2026-07-06,2026-07-06 至 2026-07-12,,,,,,,,,426,,,4.46%,,,,,,,,,,,,,,,,,,,,,,,,,,,,,,,,,,,,,,,,,,,,,,,,,,,,,,,,,2026-07-06,2026-07-12,Cross-network,404,1349,13,3.05%,21.51,5,转化处于可优化区间，建议做渠道和页面拆解,高转化渠道继续放大；高流量低关键事件渠道优先检查落地页承接和事件配置,,,,,,,,,,,,,,,,,,,
04_流量来源渠道,04-0011,否,2026-07-13,2026-07-13 至 2026-07-19,,,,,,,,,904,,,17.48%,,,,,,,,,,,,,,,,,,,,,,,,,,,,,,,,,,,,,,,,,,,,,,,,,,,,,,,,,2026-07-13,2026-07-19,Organic Search,835,1904,26,2.88%,28.48,1,转化处于可优化区间，建议做渠道和页面拆解,高转化渠道继续放大；高流量低关键事件渠道优先检查落地页承接和事件配置,,,,,,,,,,,,,,,,,,,
04_流量来源渠道,04-0012,否,2026-07-13,2026-07-13 至 2026-07-19,,,,,,,,,760,,,9.87%,,,,,,,,,,,,,,,,,,,,,,,,,,,,,,,,,,,,,,,,,,,,,,,,,,,,,,,,,2026-07-13,2026-07-19,Direct,728,1854,33,4.34%,31.33,2,转化处于可优化区间，建议做渠道和页面拆解,高转化渠道继续放大；高流量低关键事件渠道优先检查落地页承接和事件配置,,,,,,,,,,,,,,,,,,,
04_流量来源渠道,04-0013,否,2026-07-13,2026-07-13 至 2026-07-19,,,,,,,,,750,,,12.40%,,,,,,,,,,,,,,,,,,,,,,,,,,,,,,,,,,,,,,,,,,,,,,,,,,,,,,,,,2026-07-13,2026-07-19,Referral,677,1791,50,6.67%,27.36,3,转化表现较强，可继续放大有效渠道,高转化渠道继续放大；高流量低关键事件渠道优先检查落地页承接和事件配置,,,,,,,,,,,,,,,,,,,
04_流量来源渠道,04-0014,否,2026-07-13,2026-07-13 至 2026-07-19,,,,,,,,,501,,,2.00%,,,,,,,,,,,,,,,,,,,,,,,,,,,,,,,,,,,,,,,,,,,,,,,,,,,,,,,,,2026-07-13,2026-07-19,Cross-network,486,1602,9,1.80%,17.93,4,转化处于可优化区间，建议做渠道和页面拆解,高转化渠道继续放大；高流量低关键事件渠道优先检查落地页承接和事件配置,,,,,,,,,,,,,,,,,,,
04_流量来源渠道,04-0015,否,2026-07-13,2026-07-13 至 2026-07-19,,,,,,,,,286,,,2.45%,,,,,,,,,,,,,,,,,,,,,,,,,,,,,,,,,,,,,,,,,,,,,,,,,,,,,,,,,2026-07-13,2026-07-19,Paid Search,271,785,16,5.59%,29.01,5,转化表现较强，可继续放大有效渠道,高转化渠道继续放大；高流量低关键事件渠道优先检查落地页承接和事件配置,,,,,,,,,,,,,,,,,,,
04_流量来源渠道,04-0016,否,2026-07-20,2026-07-20 至 2026-07-26,,,,,,,,,798,,,10.15%,,,,,,,,,,,,,,,,,,,,,,,,,,,,,,,,,,,,,,,,,,,,,,,,,,,,,,,,,2026-07-20,2026-07-26,Organic Search,736,1915,38,4.76%,52.82,1,转化处于可优化区间，建议做渠道和页面拆解,高转化渠道继续放大；高流量低关键事件渠道优先检查落地页承接和事件配置,,,,,,,,,,,,,,,,,,,
04_流量来源渠道,04-0017,否,2026-07-20,2026-07-20 至 2026-07-26,,,,,,,,,735,,,6.80%,,,,,,,,,,,,,,,,,,,,,,,,,,,,,,,,,,,,,,,,,,,,,,,,,,,,,,,,,2026-07-20,2026-07-26,Referral,672,1767,49,6.67%,29.65,2,转化表现较强，可继续放大有效渠道,高转化渠道继续放大；高流量低关键事件渠道优先检查落地页承接和事件配置,,,,,,,,,,,,,,,,,,,
04_流量来源渠道,04-0018,否,2026-07-20,2026-07-20 至 2026-07-26,,,,,,,,,684,,,9.06%,,,,,,,,,,,,,,,,,,,,,,,,,,,,,,,,,,,,,,,,,,,,,,,,,,,,,,,,,2026-07-20,2026-07-26,Direct,643,1767,45,6.58%,30.61,3,转化表现较强，可继续放大有效渠道,高转化渠道继续放大；高流量低关键事件渠道优先检查落地页承接和事件配置,,,,,,,,,,,,,,,,,,,
04_流量来源渠道,04-0019,否,2026-07-20,2026-07-20 至 2026-07-26,,,,,,,,,288,,,2.78%,,,,,,,,,,,,,,,,,,,,,,,,,,,,,,,,,,,,,,,,,,,,,,,,,,,,,,,,,2026-07-20,2026-07-26,Cross-network,280,903,1,0.35%,19.43,4,关键事件偏弱，需检查页面承接和已配置转化事件,高转化渠道继续放大；高流量低关键事件渠道优先检查落地页承接和事件配置,,,,,,,,,,,,,,,,,,,
04_流量来源渠道,04-0020,否,2026-07-20,2026-07-20 至 2026-07-26,,,,,,,,,237,,,3.38%,,,,,,,,,,,,,,,,,,,,,,,,,,,,,,,,,,,,,,,,,,,,,,,,,,,,,,,,,2026-07-20,2026-07-26,Paid Search,221,683,8,3.38%,37.51,5,转化处于可优化区间，建议做渠道和页面拆解,高转化渠道继续放大；高流量低关键事件渠道优先检查落地页承接和事件配置,,,,,,,,,,,,,,,,,,,
05_解决方案页面与行为,05-0001,否,2026-06-29,2026-06-29 至 2026-07-05,,,,,,,,,2911,,94.02%,5.98%,,,,,,,,,,,,,,,,,,,,,,,,,,,,,,,,,,,,,,,,,,,,,,,,,,,,,,,,,2026-06-30,2026-07-05,,2733,7888,151,,,,转化表现较强，可继续放大有效渠道,保留高浏览页面；对高跳出或低关键事件页面优化首屏价值、内容结构和内部链接,/respeaker-clip-wearable-ai-recorder.html,reSpeaker Clip: Open Wearable AI Recorder | Voice AI Agent | AI Note Taker,38.57,151,page_view / scroll / first_visit / session_start / user_engagement / keyEvents,产品页,,,,,,,,,,,,,
05_解决方案页面与行为,05-0002,否,2026-06-29,2026-06-29 至 2026-07-05,,,,,,,,,1024,,85.06%,14.94%,,,,,,,,,,,,,,,,,,,,,,,,,,,,,,,,,,,,,,,,,,,,,,,,,,,,,,,,,2026-06-30,2026-07-05,,945,2195,64,,,,转化表现较强，可继续放大有效渠道,保留高浏览页面；对高跳出或低关键事件页面优化首屏价值、内容结构和内部链接,/Home-Assistant-Voice-p-6998.html,Home Assistant Voice Preview Edition,26.89,64,page_view / scroll / first_visit / session_start / user_engagement / keyEvents,产品页,,,,,,,,,,,,,
05_解决方案页面与行为,05-0003,否,2026-06-29,2026-06-29 至 2026-07-05,,,,,,,,,505,,92.08%,7.92%,,,,,,,,,,,,,,,,,,,,,,,,,,,,,,,,,,,,,,,,,,,,,,,,,,,,,,,,,2026-06-30,2026-07-05,,473,1421,24,,,,转化处于可优化区间，建议做渠道和页面拆解,保留高浏览页面；对高跳出或低关键事件页面优化首屏价值、内容结构和内部链接,/ReSpeaker-Lite-Voice-Assistant-Kit-p-5929.html,"reSpeaker Lite 2-Mic Array Voice Kit, Compatible with ESPHome",55.18,24,page_view / scroll / first_visit / session_start / user_engagement / keyEvents,产品页,,,,,,,,,,,,,
05_解决方案页面与行为,05-0004,否,2026-06-29,2026-06-29 至 2026-07-05,,,,,,,,,98,,91.84%,8.16%,,,,,,,,,,,,,,,,,,,,,,,,,,,,,,,,,,,,,,,,,,,,,,,,,,,,,,,,,2026-06-30,2026-07-05,,87,184,0,,,,关键事件偏弱，需检查页面承接和已配置转化事件,保留高浏览页面；对高跳出或低关键事件页面优化首屏价值、内容结构和内部链接,/sensecap-t1000-tracker,"SenseCAP T1000 LoRaWAN GPS Tracker Utilizing GNSS, WiFi, BLE for Outdoor and Indoor RTLS Positioning",36.38,0,page_view / scroll / first_visit / session_start / user_engagement / keyEvents,其他,,,,,,,,,,,,,
05_解决方案页面与行为,05-0005,否,2026-06-29,2026-06-29 至 2026-07-05,,,,,,,,,50,,94.00%,6.00%,,,,,,,,,,,,,,,,,,,,,,,,,,,,,,,,,,,,,,,,,,,,,,,,,,,,,,,,,2026-06-30,2026-07-05,,50,97,0,,,,关键事件偏弱，需检查页面承接和已配置转化事件,保留高浏览页面；对高跳出或低关键事件页面优化首屏价值、内容结构和内部链接,/Positioning-Tracker-c-2495.html,Positioning/Tracker,35.02,0,page_view / scroll / first_visit / session_start / user_engagement / keyEvents,产品页,,,,,,,,,,,,,
05_解决方案页面与行为,05-0006,否,2026-06-29,2026-06-29 至 2026-07-05,,,,,,,,,24,,100.00%,0.00%,,,,,,,,,,,,,,,,,,,,,,,,,,,,,,,,,,,,,,,,,,,,,,,,,,,,,,,,,2026-06-30,2026-07-05,,23,84,0,,,,关键事件偏弱，需检查页面承接和已配置转化事件,保留高浏览页面；对高跳出或低关键事件页面优化首屏价值、内容结构和内部链接,/Positioning-Tracker-c-2495.html,Bazaar,58.21,0,page_view / scroll / first_visit / session_start / user_engagement / keyEvents,产品页,,,,,,,,,,,,,
05_解决方案页面与行为,05-0007,否,2026-06-29,2026-06-29 至 2026-07-05,,,,,,,,,36,,100.00%,0.00%,,,,,,,,,,,,,,,,,,,,,,,,,,,,,,,,,,,,,,,,,,,,,,,,,,,,,,,,,2026-06-30,2026-07-05,,35,70,0,,,,关键事件偏弱，需检查页面承接和已配置转化事件,保留高浏览页面；对高跳出或低关键事件页面优化首屏价值、内容结构和内部链接,/solutions-by-scenarios,Solutions by Scenarios,25.50,0,page_view / scroll / first_visit / session_start / user_engagement / keyEvents,解决方案,,,,,,,,,,,,,
05_解决方案页面与行为,05-0008,否,2026-06-29,2026-06-29 至 2026-07-05,,,,,,,,,29,,96.55%,3.45%,,,,,,,,,,,,,,,,,,,,,,,,,,,,,,,,,,,,,,,,,,,,,,,,,,,,,,,,,2026-06-30,2026-07-05,,27,46,0,,,,关键事件偏弱，需检查页面承接和已配置转化事件,保留高浏览页面；对高跳出或低关键事件页面优化首屏价值、内容结构和内部链接,/Environment-Monitoring-c-2535.html,Environment Monitoring - Sensors & Actuators - Home Assistant,13.14,0,page_view / scroll / first_visit / session_start / user_engagement / keyEvents,产品页,,,,,,,,,,,,,
05_解决方案页面与行为,05-0009,否,2026-06-29,2026-06-29 至 2026-07-05,,,,,,,,,16,,81.25%,18.75%,,,,,,,,,,,,,,,,,,,,,,,,,,,,,,,,,,,,,,,,,,,,,,,,,,,,,,,,,2026-06-30,2026-07-05,,11,36,0,,,,关键事件偏弱，需检查页面承接和已配置转化事件,保留高浏览页面；对高跳出或低关键事件页面优化首屏价值、内容结构和内部链接,/intelligent-video-analytics,Intelligent Video Analytics,19.94,0,page_view / scroll / first_visit / session_start / user_engagement / keyEvents,其他,,,,,,,,,,,,,
05_解决方案页面与行为,05-0010,否,2026-06-29,2026-06-29 至 2026-07-05,,,,,,,,,18,,100.00%,0.00%,,,,,,,,,,,,,,,,,,,,,,,,,,,,,,,,,,,,,,,,,,,,,,,,,,,,,,,,,2026-06-30,2026-07-05,,18,36,0,,,,关键事件偏弱，需检查页面承接和已配置转化事件,保留高浏览页面；对高跳出或低关键事件页面优化首屏价值、内容结构和内部链接,/Energy-Shield.html,Energy Shield - Seeed Studio,7.39,0,page_view / scroll / first_visit / session_start / user_engagement / keyEvents,产品页,,,,,,,,,,,,,
05_解决方案页面与行为,05-0011,否,2026-06-29,2026-06-29 至 2026-07-05,,,,,,,,,4,,100.00%,0.00%,,,,,,,,,,,,,,,,,,,,,,,,,,,,,,,,,,,,,,,,,,,,,,,,,,,,,,,,,2026-06-30,2026-07-05,,4,19,0,,,,关键事件偏弱，需检查页面承接和已配置转化事件,保留高浏览页面；对高跳出或低关键事件页面优化首屏价值、内容结构和内部链接,/Wireless-Smart-Agriculture-Kit-Outdoor-p-4950.html,Wireless Smart Agriculture Kit – Outdoor - Seeed Studio,135.25,0,page_view / scroll / first_visit / session_start / user_engagement / keyEvents,产品页,,,,,,,,,,,,,
05_解决方案页面与行为,05-0012,否,2026-06-29,2026-06-29 至 2026-07-05,,,,,,,,,4,,100.00%,0.00%,,,,,,,,,,,,,,,,,,,,,,,,,,,,,,,,,,,,,,,,,,,,,,,,,,,,,,,,,2026-06-30,2026-07-05,,4,14,0,,,,关键事件偏弱，需检查页面承接和已配置转化事件,保留高浏览页面；对高跳出或低关键事件页面优化首屏价值、内容结构和内部链接,/Farming-Environment-Monitoring.html,Farming Environment Monitoring,3.50,0,page_view / scroll / first_visit / session_start / user_engagement / keyEvents,产品页,,,,,,,,,,,,,
05_解决方案页面与行为,05-0013,否,2026-06-29,2026-06-29 至 2026-07-05,,,,,,,,,7,,71.43%,28.57%,,,,,,,,,,,,,,,,,,,,,,,,,,,,,,,,,,,,,,,,,,,,,,,,,,,,,,,,,2026-06-30,2026-07-05,,7,14,0,,,,关键事件偏弱，需检查页面承接和已配置转化事件,保留高浏览页面；对高跳出或低关键事件页面优化首屏价值、内容结构和内部链接,/industries/environment-monitoring,Environment monitoring - solution,46.00,0,page_view / scroll / first_visit / session_start / user_engagement / keyEvents,解决方案,,,,,,,,,,,,,
05_解决方案页面与行为,05-0014,否,2026-06-29,2026-06-29 至 2026-07-05,,,,,,,,,8,,87.50%,12.50%,,,,,,,,,,,,,,,,,,,,,,,,,,,,,,,,,,,,,,,,,,,,,,,,,,,,,,,,,2026-06-30,2026-07-05,,7,8,0,,,,关键事件偏弱，需检查页面承接和已配置转化事件,保留高浏览页面；对高跳出或低关键事件页面优化首屏价值、内容结构和内部链接,/blog/2026/02/03/from-hearing-clearly-to-understanding-sound-how-respeaker-brings-voice-ai-into-real-world-scenarios/,How reSpeaker Brings Voice AI to Real Life Applications,9.12,0,page_view / scroll / first_visit / session_start / user_engagement / keyEvents,内容/博客,,,,,,,,,,,,,
05_解决方案页面与行为,05-0015,否,2026-06-29,2026-06-29 至 2026-07-05,,,,,,,,,5,,100.00%,0.00%,,,,,,,,,,,,,,,,,,,,,,,,,,,,,,,,,,,,,,,,,,,,,,,,,,,,,,,,,2026-06-30,2026-07-05,,5,8,0,,,,关键事件偏弱，需检查页面承接和已配置转化事件,保留高浏览页面；对高跳出或低关键事件页面优化首屏价值、内容结构和内部链接,/solutions/intelligent-video-analytics,Intelligent Video Analytics - solution,17.60,0,page_view / scroll / first_visit / session_start / user_engagement / keyEvents,解决方案,,,,,,,,,,,,,
05_解决方案页面与行为,05-0016,否,2026-06-29,2026-06-29 至 2026-07-05,,,,,,,,,3,,66.67%,33.33%,,,,,,,,,,,,,,,,,,,,,,,,,,,,,,,,,,,,,,,,,,,,,,,,,,,,,,,,,2026-06-30,2026-07-05,,3,6,0,,,,关键事件偏弱，需检查页面承接和已配置转化事件,保留高浏览页面；对高跳出或低关键事件页面优化首屏价值、内容结构和内部链接,/Mission-Pack.html,Hazard Response Mission Pack,6.00,0,page_view / scroll / first_visit / session_start / user_engagement / keyEvents,产品页,,,,,,,,,,,,,
05_解决方案页面与行为,05-0017,否,2026-06-29,2026-06-29 至 2026-07-05,,,,,,,,,1,,100.00%,0.00%,,,,,,,,,,,,,,,,,,,,,,,,,,,,,,,,,,,,,,,,,,,,,,,,,,,,,,,,,2026-06-30,2026-07-05,,1,1,0,,,,关键事件偏弱，需检查页面承接和已配置转化事件,保留高浏览页面；对高跳出或低关键事件页面优化首屏价值、内容结构和内部链接,/solutions-by-scenarios,Lösungen nach Szenarien,101.00,0,page_view / scroll / first_visit / session_start / user_engagement / keyEvents,解决方案,,,,,,,,,,,,,
05_解决方案页面与行为,05-0018,否,2026-06-29,2026-06-29 至 2026-07-05,,,,,,,,,1,,100.00%,0.00%,,,,,,,,,,,,,,,,,,,,,,,,,,,,,,,,,,,,,,,,,,,,,,,,,,,,,,,,,2026-06-30,2026-07-05,,1,0,0,,,,关键事件偏弱，需检查页面承接和已配置转化事件,保留高浏览页面；对高跳出或低关键事件页面优化首屏价值、内容结构和内部链接,/solutions-by-scenarios,Решения по сценариям,7.00,0,page_view / scroll / first_visit / session_start / user_engagement / keyEvents,解决方案,,,,,,,,,,,,,
05_解决方案页面与行为,05-0019,否,2026-07-06,2026-07-06 至 2026-07-12,,,,,,,,,3347,,84.34%,15.66%,,,,,,,,,,,,,,,,,,,,,,,,,,,,,,,,,,,,,,,,,,,,,,,,,,,,,,,,,2026-07-06,2026-07-12,,3079,7667,111,,,,转化处于可优化区间，建议做渠道和页面拆解,保留高浏览页面；对高跳出或低关键事件页面优化首屏价值、内容结构和内部链接,/respeaker-clip-wearable-ai-recorder.html,reSpeaker Clip: Open Wearable AI Recorder | Voice AI Agent | AI Note Taker,33.70,111,page_view / scroll / first_visit / session_start / user_engagement / keyEvents,产品页,,,,,,,,,,,,,
05_解决方案页面与行为,05-0020,否,2026-07-06,2026-07-06 至 2026-07-12,,,,,,,,,1151,,82.10%,17.90%,,,,,,,,,,,,,,,,,,,,,,,,,,,,,,,,,,,,,,,,,,,,,,,,,,,,,,,,,2026-07-06,2026-07-12,,1066,2586,87,,,,转化表现较强，可继续放大有效渠道,保留高浏览页面；对高跳出或低关键事件页面优化首屏价值、内容结构和内部链接,/Home-Assistant-Voice-p-6998.html,Home Assistant Voice Preview Edition,23.32,87,page_view / scroll / first_visit / session_start / user_engagement / keyEvents,产品页,,,,,,,,,,,,,
05_解决方案页面与行为,05-0021,否,2026-07-06,2026-07-06 至 2026-07-12,,,,,,,,,794,,91.69%,8.31%,,,,,,,,,,,,,,,,,,,,,,,,,,,,,,,,,,,,,,,,,,,,,,,,,,,,,,,,,2026-07-06,2026-07-12,,747,2341,41,,,,转化表现较强，可继续放大有效渠道,保留高浏览页面；对高跳出或低关键事件页面优化首屏价值、内容结构和内部链接,/ReSpeaker-Lite-Voice-Assistant-Kit-p-5929.html,"reSpeaker Lite 2-Mic Array Voice Kit, Compatible with ESPHome",26.86,41,page_view / scroll / first_visit / session_start / user_engagement / keyEvents,产品页,,,,,,,,,,,,,
05_解决方案页面与行为,05-0022,否,2026-07-06,2026-07-06 至 2026-07-12,,,,,,,,,113,,91.15%,8.85%,,,,,,,,,,,,,,,,,,,,,,,,,,,,,,,,,,,,,,,,,,,,,,,,,,,,,,,,,2026-07-06,2026-07-12,,107,198,0,,,,关键事件偏弱，需检查页面承接和已配置转化事件,保留高浏览页面；对高跳出或低关键事件页面优化首屏价值、内容结构和内部链接,/sensecap-t1000-tracker,"SenseCAP T1000 LoRaWAN GPS Tracker Utilizing GNSS, WiFi, BLE for Outdoor and Indoor RTLS Positioning",27.47,0,page_view / scroll / first_visit / session_start / user_engagement / keyEvents,其他,,,,,,,,,,,,,
05_解决方案页面与行为,05-0023,否,2026-07-06,2026-07-06 至 2026-07-12,,,,,,,,,47,,95.74%,4.26%,,,,,,,,,,,,,,,,,,,,,,,,,,,,,,,,,,,,,,,,,,,,,,,,,,,,,,,,,2026-07-06,2026-07-12,,45,111,0,,,,关键事件偏弱，需检查页面承接和已配置转化事件,保留高浏览页面；对高跳出或低关键事件页面优化首屏价值、内容结构和内部链接,/Positioning-Tracker-c-2495.html,Positioning/Tracker,42.11,0,page_view / scroll / first_visit / session_start / user_engagement / keyEvents,产品页,,,,,,,,,,,,,
05_解决方案页面与行为,05-0024,否,2026-07-06,2026-07-06 至 2026-07-12,,,,,,,,,26,,100.00%,0.00%,,,,,,,,,,,,,,,,,,,,,,,,,,,,,,,,,,,,,,,,,,,,,,,,,,,,,,,,,2026-07-06,2026-07-12,,26,82,0,,,,关键事件偏弱，需检查页面承接和已配置转化事件,保留高浏览页面；对高跳出或低关键事件页面优化首屏价值、内容结构和内部链接,/respeaker-clip-wearable-ai-recorder.html,"Seeed Studio Bazaar, The IoT Hardware enabler.",4.23,0,page_view / scroll / first_visit / session_start / user_engagement / keyEvents,产品页,,,,,,,,,,,,,
05_解决方案页面与行为,05-0025,否,2026-07-06,2026-07-06 至 2026-07-12,,,,,,,,,45,,95.56%,4.44%,,,,,,,,,,,,,,,,,,,,,,,,,,,,,,,,,,,,,,,,,,,,,,,,,,,,,,,,,2026-07-06,2026-07-12,,43,82,0,,,,关键事件偏弱，需检查页面承接和已配置转化事件,保留高浏览页面；对高跳出或低关键事件页面优化首屏价值、内容结构和内部链接,/solutions-by-scenarios,Solutions by Scenarios,23.93,0,page_view / scroll / first_visit / session_start / user_engagement / keyEvents,解决方案,,,,,,,,,,,,,
05_解决方案页面与行为,05-0026,否,2026-07-06,2026-07-06 至 2026-07-12,,,,,,,,,15,,100.00%,0.00%,,,,,,,,,,,,,,,,,,,,,,,,,,,,,,,,,,,,,,,,,,,,,,,,,,,,,,,,,2026-07-06,2026-07-12,,15,53,0,,,,关键事件偏弱，需检查页面承接和已配置转化事件,保留高浏览页面；对高跳出或低关键事件页面优化首屏价值、内容结构和内部链接,/Positioning-Tracker-c-2495.html,Bazaar,70.40,0,page_view / scroll / first_visit / session_start / user_engagement / keyEvents,产品页,,,,,,,,,,,,,
05_解决方案页面与行为,05-0027,否,2026-07-06,2026-07-06 至 2026-07-12,,,,,,,,,24,,95.83%,4.17%,,,,,,,,,,,,,,,,,,,,,,,,,,,,,,,,,,,,,,,,,,,,,,,,,,,,,,,,,2026-07-06,2026-07-12,,23,38,0,,,,关键事件偏弱，需检查页面承接和已配置转化事件,保留高浏览页面；对高跳出或低关键事件页面优化首屏价值、内容结构和内部链接,/Environment-Monitoring-c-2535.html,Environment Monitoring - Sensors & Actuators - Home Assistant,20.62,0,page_view / scroll / first_visit / session_start / user_engagement / keyEvents,产品页,,,,,,,,,,,,,
05_解决方案页面与行为,05-0028,否,2026-07-06,2026-07-06 至 2026-07-12,,,,,,,,,6,,100.00%,0.00%,,,,,,,,,,,,,,,,,,,,,,,,,,,,,,,,,,,,,,,,,,,,,,,,,,,,,,,,,2026-07-06,2026-07-12,,6,24,0,,,,关键事件偏弱，需检查页面承接和已配置转化事件,保留高浏览页面；对高跳出或低关键事件页面优化首屏价值、内容结构和内部链接,/Mission-Pack.html,Hazard Response Mission Pack,62.83,0,page_view / scroll / first_visit / session_start / user_engagement / keyEvents,产品页,,,,,,,,,,,,,
05_解决方案页面与行为,05-0029,否,2026-07-06,2026-07-06 至 2026-07-12,,,,,,,,,3,,100.00%,0.00%,,,,,,,,,,,,,,,,,,,,,,,,,,,,,,,,,,,,,,,,,,,,,,,,,,,,,,,,,2026-07-06,2026-07-12,,3,17,0,,,,关键事件偏弱，需检查页面承接和已配置转化事件,保留高浏览页面；对高跳出或低关键事件页面优化首屏价值、内容结构和内部链接,/lorawan-safety-badge,LoRaWAN Smart Safety Badge | Emergency Alert & Panic Button for Real-Time Tracking,40.00,0,page_view / scroll / first_visit / session_start / user_engagement / keyEvents,其他,,,,,,,,,,,,,
05_解决方案页面与行为,05-0030,否,2026-07-06,2026-07-06 至 2026-07-12,,,,,,,,,8,,100.00%,0.00%,,,,,,,,,,,,,,,,,,,,,,,,,,,,,,,,,,,,,,,,,,,,,,,,,,,,,,,,,2026-07-06,2026-07-12,,8,15,0,,,,关键事件偏弱，需检查页面承接和已配置转化事件,保留高浏览页面；对高跳出或低关键事件页面优化首屏价值、内容结构和内部链接,/Energy-Shield.html,Energy Shield - Seeed Studio,9.62,0,page_view / scroll / first_visit / session_start / user_engagement / keyEvents,产品页,,,,,,,,,,,,,
05_解决方案页面与行为,05-0031,否,2026-07-06,2026-07-06 至 2026-07-12,,,,,,,,,7,,100.00%,0.00%,,,,,,,,,,,,,,,,,,,,,,,,,,,,,,,,,,,,,,,,,,,,,,,,,,,,,,,,,2026-07-06,2026-07-12,,6,15,0,,,,关键事件偏弱，需检查页面承接和已配置转化事件,保留高浏览页面；对高跳出或低关键事件页面优化首屏价值、内容结构和内部链接,/intelligent-video-analytics,Intelligent Video Analytics,29.29,0,page_view / scroll / first_visit / session_start / user_engagement / keyEvents,其他,,,,,,,,,,,,,
05_解决方案页面与行为,05-0032,否,2026-07-06,2026-07-06 至 2026-07-12,,,,,,,,,7,,85.71%,14.29%,,,,,,,,,,,,,,,,,,,,,,,,,,,,,,,,,,,,,,,,,,,,,,,,,,,,,,,,,2026-07-06,2026-07-12,,6,11,0,,,,关键事件偏弱，需检查页面承接和已配置转化事件,保留高浏览页面；对高跳出或低关键事件页面优化首屏价值、内容结构和内部链接,/industries/environment-monitoring,Environment monitoring - solution,11.00,0,page_view / scroll / first_visit / session_start / user_engagement / keyEvents,解决方案,,,,,,,,,,,,,
05_解决方案页面与行为,05-0033,否,2026-07-06,2026-07-06 至 2026-07-12,,,,,,,,,7,,100.00%,0.00%,,,,,,,,,,,,,,,,,,,,,,,,,,,,,,,,,,,,,,,,,,,,,,,,,,,,,,,,,2026-07-06,2026-07-12,,6,10,0,,,,关键事件偏弱，需检查页面承接和已配置转化事件,保留高浏览页面；对高跳出或低关键事件页面优化首屏价值、内容结构和内部链接,/solutions/intelligent-video-analytics,Intelligent Video Analytics - solution,18.43,0,page_view / scroll / first_visit / session_start / user_engagement / keyEvents,解决方案,,,,,,,,,,,,,
05_解决方案页面与行为,05-0034,否,2026-07-06,2026-07-06 至 2026-07-12,,,,,,,,,2,,100.00%,0.00%,,,,,,,,,,,,,,,,,,,,,,,,,,,,,,,,,,,,,,,,,,,,,,,,,,,,,,,,,2026-07-06,2026-07-12,,2,7,0,,,,关键事件偏弱，需检查页面承接和已配置转化事件,保留高浏览页面；对高跳出或低关键事件页面优化首屏价值、内容结构和内部链接,/Wireless-Smart-Agriculture-Kit-Outdoor-p-4950.html,Wireless Smart Agriculture Kit – Outdoor - Seeed Studio,18.50,0,page_view / scroll / first_visit / session_start / user_engagement / keyEvents,产品页,,,,,,,,,,,,,
05_解决方案页面与行为,05-0035,否,2026-07-06,2026-07-06 至 2026-07-12,,,,,,,,,1,,100.00%,0.00%,,,,,,,,,,,,,,,,,,,,,,,,,,,,,,,,,,,,,,,,,,,,,,,,,,,,,,,,,2026-07-06,2026-07-12,,1,6,0,,,,关键事件偏弱，需检查页面承接和已配置转化事件,保留高浏览页面；对高跳出或低关键事件页面优化首屏价值、内容结构和内部链接,/Farming-Environment-Monitoring.html,Farming Environment Monitoring,8.00,0,page_view / scroll / first_visit / session_start / user_engagement / keyEvents,产品页,,,,,,,,,,,,,
05_解决方案页面与行为,05-0036,否,2026-07-06,2026-07-06 至 2026-07-12,,,,,,,,,1,,0.00%,100.00%,,,,,,,,,,,,,,,,,,,,,,,,,,,,,,,,,,,,,,,,,,,,,,,,,,,,,,,,,2026-07-06,2026-07-12,,1,1,0,,,,关键事件偏弱，需检查页面承接和已配置转化事件,保留高浏览页面；对高跳出或低关键事件页面优化首屏价值、内容结构和内部链接,/blog/environment-monitoring/,ENVIRONMENT MONITORING - Latest News from Seeed Studio,0.00,0,page_view / scroll / first_visit / session_start / user_engagement / keyEvents,内容/博客,,,,,,,,,,,,,
05_解决方案页面与行为,05-0037,否,2026-07-06,2026-07-06 至 2026-07-12,,,,,,,,,2,,100.00%,0.00%,,,,,,,,,,,,,,,,,,,,,,,,,,,,,,,,,,,,,,,,,,,,,,,,,,,,,,,,,2026-07-06,2026-07-12,,1,1,0,,,,关键事件偏弱，需检查页面承接和已配置转化事件,保留高浏览页面；对高跳出或低关键事件页面优化首屏价值、内容结构和内部链接,/blog/2023/11/29/hazard-response-mission-pack-october-workshops-recap/,Hazard Response Mission Pack: October Workshops Recap - Latest News from Seeed Studio,77.00,0,page_view / scroll / first_visit / session_start / user_engagement / keyEvents,内容/博客,,,,,,,,,,,,,
05_解决方案页面与行为,05-0038,否,2026-07-06,2026-07-06 至 2026-07-12,,,,,,,,,1,,100.00%,0.00%,,,,,,,,,,,,,,,,,,,,,,,,,,,,,,,,,,,,,,,,,,,,,,,,,,,,,,,,,2026-07-06,2026-07-12,,1,0,0,,,,关键事件偏弱，需检查页面承接和已配置转化事件,保留高浏览页面；对高跳出或低关键事件页面优化首屏价值、内容结构和内部链接,/solutions-by-scenarios,Lösungen durch Szenarien,25.00,0,page_view / scroll / first_visit / session_start / user_engagement / keyEvents,解决方案,,,,,,,,,,,,,
05_解决方案页面与行为,05-0039,否,2026-07-13,2026-07-13 至 2026-07-19,,,,,,,,,1619,,90.92%,9.08%,,,,,,,,,,,,,,,,,,,,,,,,,,,,,,,,,,,,,,,,,,,,,,,,,,,,,,,,,2026-07-13,2026-07-19,,1487,4078,61,,,,转化处于可优化区间，建议做渠道和页面拆解,保留高浏览页面；对高跳出或低关键事件页面优化首屏价值、内容结构和内部链接,/respeaker-clip-wearable-ai-recorder.html,reSpeaker Clip: Open Wearable AI Recorder | Voice AI Agent | AI Note Taker,32.43,61,page_view / scroll / first_visit / session_start / user_engagement / keyEvents,产品页,,,,,,,,,,,,,
05_解决方案页面与行为,05-0040,否,2026-07-13,2026-07-13 至 2026-07-19,,,,,,,,,1160,,79.83%,20.17%,,,,,,,,,,,,,,,,,,,,,,,,,,,,,,,,,,,,,,,,,,,,,,,,,,,,,,,,,2026-07-13,2026-07-19,,1082,2665,81,,,,转化表现较强，可继续放大有效渠道,保留高浏览页面；对高跳出或低关键事件页面优化首屏价值、内容结构和内部链接,/Home-Assistant-Voice-p-6998.html,Home Assistant Voice Preview Edition,21.12,81,page_view / scroll / first_visit / session_start / user_engagement / keyEvents,产品页,,,,,,,,,,,,,
05_解决方案页面与行为,05-0041,否,2026-07-13,2026-07-13 至 2026-07-19,,,,,,,,,845,,93.61%,6.39%,,,,,,,,,,,,,,,,,,,,,,,,,,,,,,,,,,,,,,,,,,,,,,,,,,,,,,,,,2026-07-13,2026-07-19,,801,2415,26,,,,转化处于可优化区间，建议做渠道和页面拆解,保留高浏览页面；对高跳出或低关键事件页面优化首屏价值、内容结构和内部链接,/ReSpeaker-Lite-Voice-Assistant-Kit-p-5929.html,"reSpeaker Lite 2-Mic Array Voice Kit, Compatible with ESPHome",25.89,26,page_view / scroll / first_visit / session_start / user_engagement / keyEvents,产品页,,,,,,,,,,,,,
05_解决方案页面与行为,05-0042,否,2026-07-13,2026-07-13 至 2026-07-19,,,,,,,,,100,,86.00%,14.00%,,,,,,,,,,,,,,,,,,,,,,,,,,,,,,,,,,,,,,,,,,,,,,,,,,,,,,,,,2026-07-13,2026-07-19,,87,170,0,,,,关键事件偏弱，需检查页面承接和已配置转化事件,保留高浏览页面；对高跳出或低关键事件页面优化首屏价值、内容结构和内部链接,/sensecap-t1000-tracker,"SenseCAP T1000 LoRaWAN GPS Tracker Utilizing GNSS, WiFi, BLE for Outdoor and Indoor RTLS Positioning",33.17,0,page_view / scroll / first_visit / session_start / user_engagement / keyEvents,其他,,,,,,,,,,,,,
05_解决方案页面与行为,05-0043,否,2026-07-13,2026-07-13 至 2026-07-19,,,,,,,,,70,,97.14%,2.86%,,,,,,,,,,,,,,,,,,,,,,,,,,,,,,,,,,,,,,,,,,,,,,,,,,,,,,,,,2026-07-13,2026-07-19,,67,155,0,,,,关键事件偏弱，需检查页面承接和已配置转化事件,保留高浏览页面；对高跳出或低关键事件页面优化首屏价值、内容结构和内部链接,/Positioning-Tracker-c-2495.html,Positioning/Tracker,27.50,0,page_view / scroll / first_visit / session_start / user_engagement / keyEvents,产品页,,,,,,,,,,,,,
05_解决方案页面与行为,05-0044,否,2026-07-13,2026-07-13 至 2026-07-19,,,,,,,,,57,,91.23%,8.77%,,,,,,,,,,,,,,,,,,,,,,,,,,,,,,,,,,,,,,,,,,,,,,,,,,,,,,,,,2026-07-13,2026-07-19,,54,102,0,,,,关键事件偏弱，需检查页面承接和已配置转化事件,保留高浏览页面；对高跳出或低关键事件页面优化首屏价值、内容结构和内部链接,/solutions-by-scenarios,Solutions by Scenarios,24.24,0,page_view / scroll / first_visit / session_start / user_engagement / keyEvents,解决方案,,,,,,,,,,,,,
05_解决方案页面与行为,05-0045,否,2026-07-13,2026-07-13 至 2026-07-19,,,,,,,,,31,,100.00%,0.00%,,,,,,,,,,,,,,,,,,,,,,,,,,,,,,,,,,,,,,,,,,,,,,,,,,,,,,,,,2026-07-13,2026-07-19,,29,61,0,,,,关键事件偏弱，需检查页面承接和已配置转化事件,保留高浏览页面；对高跳出或低关键事件页面优化首屏价值、内容结构和内部链接,/Environment-Monitoring-c-2535.html,Environment Monitoring - Sensors & Actuators - Home Assistant,22.19,0,page_view / scroll / first_visit / session_start / user_engagement / keyEvents,产品页,,,,,,,,,,,,,
05_解决方案页面与行为,05-0046,否,2026-07-13,2026-07-13 至 2026-07-19,,,,,,,,,13,,100.00%,0.00%,,,,,,,,,,,,,,,,,,,,,,,,,,,,,,,,,,,,,,,,,,,,,,,,,,,,,,,,,2026-07-13,2026-07-19,,13,53,0,,,,关键事件偏弱，需检查页面承接和已配置转化事件,保留高浏览页面；对高跳出或低关键事件页面优化首屏价值、内容结构和内部链接,/Positioning-Tracker-c-2495.html,Bazaar,47.46,0,page_view / scroll / first_visit / session_start / user_engagement / keyEvents,产品页,,,,,,,,,,,,,
05_解决方案页面与行为,05-0047,否,2026-07-13,2026-07-13 至 2026-07-19,,,,,,,,,10,,100.00%,0.00%,,,,,,,,,,,,,,,,,,,,,,,,,,,,,,,,,,,,,,,,,,,,,,,,,,,,,,,,,2026-07-13,2026-07-19,,10,20,0,,,,关键事件偏弱，需检查页面承接和已配置转化事件,保留高浏览页面；对高跳出或低关键事件页面优化首屏价值、内容结构和内部链接,/solutions/intelligent-video-analytics,Intelligent Video Analytics - solution,9.40,0,page_view / scroll / first_visit / session_start / user_engagement / keyEvents,解决方案,,,,,,,,,,,,,
05_解决方案页面与行为,05-0048,否,2026-07-13,2026-07-13 至 2026-07-19,,,,,,,,,9,,66.67%,33.33%,,,,,,,,,,,,,,,,,,,,,,,,,,,,,,,,,,,,,,,,,,,,,,,,,,,,,,,,,2026-07-13,2026-07-19,,6,16,0,,,,关键事件偏弱，需检查页面承接和已配置转化事件,保留高浏览页面；对高跳出或低关键事件页面优化首屏价值、内容结构和内部链接,/intelligent-video-analytics,Intelligent Video Analytics,9.78,0,page_view / scroll / first_visit / session_start / user_engagement / keyEvents,其他,,,,,,,,,,,,,
05_解决方案页面与行为,05-0049,否,2026-07-13,2026-07-13 至 2026-07-19,,,,,,,,,6,,100.00%,0.00%,,,,,,,,,,,,,,,,,,,,,,,,,,,,,,,,,,,,,,,,,,,,,,,,,,,,,,,,,2026-07-13,2026-07-19,,6,11,1,,,,转化表现较强，可继续放大有效渠道,保留高浏览页面；对高跳出或低关键事件页面优化首屏价值、内容结构和内部链接,/industries/environment-monitoring,Environment monitoring - solution,11.17,1,page_view / scroll / first_visit / session_start / user_engagement / keyEvents,解决方案,,,,,,,,,,,,,
05_解决方案页面与行为,05-0050,否,2026-07-13,2026-07-13 至 2026-07-19,,,,,,,,,3,,100.00%,0.00%,,,,,,,,,,,,,,,,,,,,,,,,,,,,,,,,,,,,,,,,,,,,,,,,,,,,,,,,,2026-07-13,2026-07-19,,1,9,0,,,,关键事件偏弱，需检查页面承接和已配置转化事件,保留高浏览页面；对高跳出或低关键事件页面优化首屏价值、内容结构和内部链接,/blog/2024/05/14/introducing-recomputer-r1000-an-industrial-edge-iot-gateway-powered-by-raspberry-pi-ideal-for-smart-building-and-energy-management/,"Introducing reComputer R1000: An Industrial Edge IoT Gateway Powered by Raspberry Pi, Ideal for Smart Building and Energy Management - Latest News from Seeed Studio",0.00,0,page_view / scroll / first_visit / session_start / user_engagement / keyEvents,内容/博客,,,,,,,,,,,,,
05_解决方案页面与行为,05-0051,否,2026-07-13,2026-07-13 至 2026-07-19,,,,,,,,,1,,100.00%,0.00%,,,,,,,,,,,,,,,,,,,,,,,,,,,,,,,,,,,,,,,,,,,,,,,,,,,,,,,,,2026-07-13,2026-07-19,,1,7,0,,,,关键事件偏弱，需检查页面承接和已配置转化事件,保留高浏览页面；对高跳出或低关键事件页面优化首屏价值、内容结构和内部链接,/Mission-Pack.html,Hazard Response Mission Pack,70.00,0,page_view / scroll / first_visit / session_start / user_engagement / keyEvents,产品页,,,,,,,,,,,,,
05_解决方案页面与行为,05-0052,否,2026-07-13,2026-07-13 至 2026-07-19,,,,,,,,,2,,50.00%,50.00%,,,,,,,,,,,,,,,,,,,,,,,,,,,,,,,,,,,,,,,,,,,,,,,,,,,,,,,,,2026-07-13,2026-07-19,,2,2,0,,,,关键事件偏弱，需检查页面承接和已配置转化事件,保留高浏览页面；对高跳出或低关键事件页面优化首屏价值、内容结构和内部链接,/blog/environment-monitoring/,ENVIRONMENT MONITORING - Latest News from Seeed Studio,12.00,0,page_view / scroll / first_visit / session_start / user_engagement / keyEvents,内容/博客,,,,,,,,,,,,,
05_解决方案页面与行为,05-0053,否,2026-07-13,2026-07-13 至 2026-07-19,,,,,,,,,1,,100.00%,0.00%,,,,,,,,,,,,,,,,,,,,,,,,,,,,,,,,,,,,,,,,,,,,,,,,,,,,,,,,,2026-07-13,2026-07-19,,1,2,0,,,,关键事件偏弱，需检查页面承接和已配置转化事件,保留高浏览页面；对高跳出或低关键事件页面优化首屏价值、内容结构和内部链接,/blog/2023/11/29/hazard-response-mission-pack-october-workshops-recap/,Hazard Response Mission Pack: October Workshops Recap - Latest News from Seeed Studio,214.00,0,page_view / scroll / first_visit / session_start / user_engagement / keyEvents,内容/博客,,,,,,,,,,,,,
05_解决方案页面与行为,05-0054,否,2026-07-20,2026-07-20 至 2026-07-26,,,,,,,,,1437,,93.25%,6.75%,,,,,,,,,,,,,,,,,,,,,,,,,,,,,,,,,,,,,,,,,,,,,,,,,,,,,,,,,2026-07-20,2026-07-26,,1330,3696,58,,,,转化处于可优化区间，建议做渠道和页面拆解,保留高浏览页面；对高跳出或低关键事件页面优化首屏价值、内容结构和内部链接,/respeaker-clip-wearable-ai-recorder.html,reSpeaker Clip: Open Wearable AI Recorder | Voice AI Agent | AI Note Taker,33.53,58,page_view / scroll / first_visit / session_start / user_engagement / keyEvents,产品页,,,,,,,,,,,,,
05_解决方案页面与行为,05-0055,否,2026-07-20,2026-07-20 至 2026-07-26,,,,,,,,,1015,,90.15%,9.85%,,,,,,,,,,,,,,,,,,,,,,,,,,,,,,,,,,,,,,,,,,,,,,,,,,,,,,,,,2026-07-20,2026-07-26,,938,2493,71,,,,转化表现较强，可继续放大有效渠道,保留高浏览页面；对高跳出或低关键事件页面优化首屏价值、内容结构和内部链接,/Home-Assistant-Voice-p-6998.html,Home Assistant Voice Preview Edition,25.33,71,page_view / scroll / first_visit / session_start / user_engagement / keyEvents,产品页,,,,,,,,,,,,,
05_解决方案页面与行为,05-0056,否,2026-07-20,2026-07-20 至 2026-07-26,,,,,,,,,576,,91.49%,8.51%,,,,,,,,,,,,,,,,,,,,,,,,,,,,,,,,,,,,,,,,,,,,,,,,,,,,,,,,,2026-07-20,2026-07-26,,543,1671,38,,,,转化表现较强，可继续放大有效渠道,保留高浏览页面；对高跳出或低关键事件页面优化首屏价值、内容结构和内部链接,/ReSpeaker-Lite-Voice-Assistant-Kit-p-5929.html,"reSpeaker Lite 2-Mic Array Voice Kit, Compatible with ESPHome",28.12,38,page_view / scroll / first_visit / session_start / user_engagement / keyEvents,产品页,,,,,,,,,,,,,
05_解决方案页面与行为,05-0057,否,2026-07-20,2026-07-20 至 2026-07-26,,,,,,,,,79,,79.75%,20.25%,,,,,,,,,,,,,,,,,,,,,,,,,,,,,,,,,,,,,,,,,,,,,,,,,,,,,,,,,2026-07-20,2026-07-26,,74,146,0,,,,关键事件偏弱，需检查页面承接和已配置转化事件,保留高浏览页面；对高跳出或低关键事件页面优化首屏价值、内容结构和内部链接,/sensecap-t1000-tracker,"SenseCAP T1000 LoRaWAN GPS Tracker Utilizing GNSS, WiFi, BLE for Outdoor and Indoor RTLS Positioning",29.47,0,page_view / scroll / first_visit / session_start / user_engagement / keyEvents,其他,,,,,,,,,,,,,
05_解决方案页面与行为,05-0058,否,2026-07-20,2026-07-20 至 2026-07-26,,,,,,,,,57,,98.25%,1.75%,,,,,,,,,,,,,,,,,,,,,,,,,,,,,,,,,,,,,,,,,,,,,,,,,,,,,,,,,2026-07-20,2026-07-26,,51,118,0,,,,关键事件偏弱，需检查页面承接和已配置转化事件,保留高浏览页面；对高跳出或低关键事件页面优化首屏价值、内容结构和内部链接,/Positioning-Tracker-c-2495.html,Positioning/Tracker,314.19,0,page_view / scroll / first_visit / session_start / user_engagement / keyEvents,产品页,,,,,,,,,,,,,
05_解决方案页面与行为,05-0059,否,2026-07-20,2026-07-20 至 2026-07-26,,,,,,,,,22,,100.00%,0.00%,,,,,,,,,,,,,,,,,,,,,,,,,,,,,,,,,,,,,,,,,,,,,,,,,,,,,,,,,2026-07-20,2026-07-26,,20,97,1,,,,转化处于可优化区间，建议做渠道和页面拆解,保留高浏览页面；对高跳出或低关键事件页面优化首屏价值、内容结构和内部链接,/Positioning-Tracker-c-2495.html,Bazaar,40.91,1,page_view / scroll / first_visit / session_start / user_engagement / keyEvents,产品页,,,,,,,,,,,,,
05_解决方案页面与行为,05-0060,否,2026-07-20,2026-07-20 至 2026-07-26,,,,,,,,,29,,89.66%,10.34%,,,,,,,,,,,,,,,,,,,,,,,,,,,,,,,,,,,,,,,,,,,,,,,,,,,,,,,,,2026-07-20,2026-07-26,,28,57,0,,,,关键事件偏弱，需检查页面承接和已配置转化事件,保留高浏览页面；对高跳出或低关键事件页面优化首屏价值、内容结构和内部链接,/solutions-by-scenarios,Solutions by Scenarios,21.24,0,page_view / scroll / first_visit / session_start / user_engagement / keyEvents,解决方案,,,,,,,,,,,,,
05_解决方案页面与行为,05-0061,否,2026-07-20,2026-07-20 至 2026-07-26,,,,,,,,,31,,90.32%,9.68%,,,,,,,,,,,,,,,,,,,,,,,,,,,,,,,,,,,,,,,,,,,,,,,,,,,,,,,,,2026-07-20,2026-07-26,,29,53,0,,,,关键事件偏弱，需检查页面承接和已配置转化事件,保留高浏览页面；对高跳出或低关键事件页面优化首屏价值、内容结构和内部链接,/Environment-Monitoring-c-2535.html,Environment Monitoring - Sensors & Actuators - Home Assistant,24.10,0,page_view / scroll / first_visit / session_start / user_engagement / keyEvents,产品页,,,,,,,,,,,,,
05_解决方案页面与行为,05-0062,否,2026-07-20,2026-07-20 至 2026-07-26,,,,,,,,,6,,83.33%,16.67%,,,,,,,,,,,,,,,,,,,,,,,,,,,,,,,,,,,,,,,,,,,,,,,,,,,,,,,,,2026-07-20,2026-07-26,,6,17,0,,,,关键事件偏弱，需检查页面承接和已配置转化事件,保留高浏览页面；对高跳出或低关键事件页面优化首屏价值、内容结构和内部链接,/Mission-Pack.html,Hazard Response Mission Pack,9.33,0,page_view / scroll / first_visit / session_start / user_engagement / keyEvents,产品页,,,,,,,,,,,,,
05_解决方案页面与行为,05-0063,否,2026-07-20,2026-07-20 至 2026-07-26,,,,,,,,,11,,81.82%,18.18%,,,,,,,,,,,,,,,,,,,,,,,,,,,,,,,,,,,,,,,,,,,,,,,,,,,,,,,,,2026-07-20,2026-07-26,,10,17,0,,,,关键事件偏弱，需检查页面承接和已配置转化事件,保留高浏览页面；对高跳出或低关键事件页面优化首屏价值、内容结构和内部链接,/solutions/intelligent-video-analytics,Intelligent Video Analytics - solution,23.45,0,page_view / scroll / first_visit / session_start / user_engagement / keyEvents,解决方案,,,,,,,,,,,,,
05_解决方案页面与行为,05-0064,否,2026-07-20,2026-07-20 至 2026-07-26,,,,,,,,,2,,100.00%,0.00%,,,,,,,,,,,,,,,,,,,,,,,,,,,,,,,,,,,,,,,,,,,,,,,,,,,,,,,,,2026-07-20,2026-07-26,,2,9,0,,,,关键事件偏弱，需检查页面承接和已配置转化事件,保留高浏览页面；对高跳出或低关键事件页面优化首屏价值、内容结构和内部链接,/lorawan-safety-badge,LoRaWAN Smart Safety Badge | Emergency Alert & Panic Button for Real-Time Tracking,2.00,0,page_view / scroll / first_visit / session_start / user_engagement / keyEvents,其他,,,,,,,,,,,,,
05_解决方案页面与行为,05-0065,否,2026-07-20,2026-07-20 至 2026-07-26,,,,,,,,,4,,100.00%,0.00%,,,,,,,,,,,,,,,,,,,,,,,,,,,,,,,,,,,,,,,,,,,,,,,,,,,,,,,,,2026-07-20,2026-07-26,,4,7,0,,,,关键事件偏弱，需检查页面承接和已配置转化事件,保留高浏览页面；对高跳出或低关键事件页面优化首屏价值、内容结构和内部链接,/industries/environment-monitoring,Environment monitoring - solution,29.75,0,page_view / scroll / first_visit / session_start / user_engagement / keyEvents,解决方案,,,,,,,,,,,,,
05_解决方案页面与行为,05-0066,否,2026-07-20,2026-07-20 至 2026-07-26,,,,,,,,,2,,100.00%,0.00%,,,,,,,,,,,,,,,,,,,,,,,,,,,,,,,,,,,,,,,,,,,,,,,,,,,,,,,,,2026-07-20,2026-07-26,,2,6,0,,,,关键事件偏弱，需检查页面承接和已配置转化事件,保留高浏览页面；对高跳出或低关键事件页面优化首屏价值、内容结构和内部链接,/solutions/smart-warehouse-management,404 Page not found,2.50,0,page_view / scroll / first_visit / session_start / user_engagement / keyEvents,解决方案,,,,,,,,,,,,,
05_解决方案页面与行为,05-0067,否,2026-07-20,2026-07-20 至 2026-07-26,,,,,,,,,1,,100.00%,0.00%,,,,,,,,,,,,,,,,,,,,,,,,,,,,,,,,,,,,,,,,,,,,,,,,,,,,,,,,,2026-07-20,2026-07-26,,1,4,0,,,,关键事件偏弱，需检查页面承接和已配置转化事件,保留高浏览页面；对高跳出或低关键事件页面优化首屏价值、内容结构和内部链接,/Environment-Monitoring-c-2535.html,Bazaar,14.00,0,page_view / scroll / first_visit / session_start / user_engagement / keyEvents,产品页,,,,,,,,,,,,,
05_解决方案页面与行为,05-0068,否,2026-07-20,2026-07-20 至 2026-07-26,,,,,,,,,1,,100.00%,0.00%,,,,,,,,,,,,,,,,,,,,,,,,,,,,,,,,,,,,,,,,,,,,,,,,,,,,,,,,,2026-07-20,2026-07-26,,1,2,0,,,,关键事件偏弱，需检查页面承接和已配置转化事件,保留高浏览页面；对高跳出或低关键事件页面优化首屏价值、内容结构和内部链接,/solutions-by-scenarios,更多场景划分的解决方案,22.00,0,page_view / scroll / first_visit / session_start / user_engagement / keyEvents,解决方案,,,,,,,,,,,,,
05_解决方案页面与行为,05-0069,否,2026-07-20,2026-07-20 至 2026-07-26,,,,,,,,,1,,100.00%,0.00%,,,,,,,,,,,,,,,,,,,,,,,,,,,,,,,,,,,,,,,,,,,,,,,,,,,,,,,,,2026-07-20,2026-07-26,,1,2,0,,,,关键事件偏弱，需检查页面承接和已配置转化事件,保留高浏览页面；对高跳出或低关键事件页面优化首屏价值、内容结构和内部链接,/intelligent-video-analytics,Intelligent Video Analytics,29.00,0,page_view / scroll / first_visit / session_start / user_engagement / keyEvents,其他,,,,,,,,,,,,,
05_解决方案页面与行为,05-0070,否,2026-07-20,2026-07-20 至 2026-07-26,,,,,,,,,2,,50.00%,50.00%,,,,,,,,,,,,,,,,,,,,,,,,,,,,,,,,,,,,,,,,,,,,,,,,,,,,,,,,,2026-07-20,2026-07-26,,1,1,0,,,,关键事件偏弱，需检查页面承接和已配置转化事件,保留高浏览页面；对高跳出或低关键事件页面优化首屏价值、内容结构和内部链接,/solutions/intelligent-video-analytics,インテリジェントビデオ分析 - ソリューション,1.00,0,page_view / scroll / first_visit / session_start / user_engagement / keyEvents,解决方案,,,,,,,,,,,,,
05_解决方案页面与行为,05-0071,否,2026-07-20,2026-07-20 至 2026-07-26,,,,,,,,,1,,0.00%,100.00%,,,,,,,,,,,,,,,,,,,,,,,,,,,,,,,,,,,,,,,,,,,,,,,,,,,,,,,,,2026-07-20,2026-07-26,,1,1,0,,,,关键事件偏弱，需检查页面承接和已配置转化事件,保留高浏览页面；对高跳出或低关键事件页面优化首屏价值、内容结构和内部链接,/blog/2023/11/29/hazard-response-mission-pack-october-workshops-recap/,Hazard Response Mission Pack: October Workshops Recap - Latest News from Seeed Studio,0.00,0,page_view / scroll / first_visit / session_start / user_engagement / keyEvents,内容/博客,,,,,,,,,,,,,
06_社媒平台表现,06-0001,否,2026-06-29,2026-06-29 至 2026-07-05,,,,,,,,,,,,,,,,,,,,,,,,,,,,,GA4仅有社媒合计，未拆平台,,,,,,,,,,,,,,,,,,,,,,,,,,,,,,,,,,,,,,,,2026-06-30,2026-07-05,,,,12,3.91%,,,,,,,,,,,GA4 Organic Social 合计,,,未接入平台后台数据,未接入平台后台数据,未接入平台后台数据,GA4仅能观察网站会话，未拆平台点击,307,295,待接入平台后台数据后判断,待判断,utm_medium=social,平台拆分需后续内容链接统一添加 UTM
06_社媒平台表现,06-0002,否,2026-06-29,2026-06-29 至 2026-07-05,,,,,,,,,,,,,,,,,,,,,,,,,,,,,待手动导入平台后台数据,,,,,,,,,,,,,,,,,,,,,,,,,,,,,,,,,,,,,,,,2026-06-30,2026-07-05,,,,,,,,,,,,,,,,LinkedIn,,,,,,,,,,,utm_source=linkedin&utm_medium=social,用于判断内容应该发什么、发到哪里
06_社媒平台表现,06-0003,否,2026-06-29,2026-06-29 至 2026-07-05,,,,,,,,,,,,,,,,,,,,,,,,,,,,,待手动导入平台后台数据,,,,,,,,,,,,,,,,,,,,,,,,,,,,,,,,,,,,,,,,2026-06-30,2026-07-05,,,,,,,,,,,,,,,,X,,,,,,,,,,,utm_source=x&utm_medium=social,用于判断内容应该发什么、发到哪里
06_社媒平台表现,06-0004,否,2026-06-29,2026-06-29 至 2026-07-05,,,,,,,,,,,,,,,,,,,,,,,,,,,,,待手动导入平台后台数据,,,,,,,,,,,,,,,,,,,,,,,,,,,,,,,,,,,,,,,,2026-06-30,2026-07-05,,,,,,,,,,,,,,,,FB,,,,,,,,,,,utm_source=facebook&utm_medium=social,用于判断内容应该发什么、发到哪里
06_社媒平台表现,06-0005,否,2026-06-29,2026-06-29 至 2026-07-05,,,,,,,,,,,,,,,,,,,,,,,,,,,,,待手动导入平台后台数据,,,,,,,,,,,,,,,,,,,,,,,,,,,,,,,,,,,,,,,,2026-06-30,2026-07-05,,,,,,,,,,,,,,,,小红书,,,,,,,,,,,utm_source=xiaohongshu&utm_medium=social,用于判断内容应该发什么、发到哪里
06_社媒平台表现,06-0006,否,2026-06-29,2026-06-29 至 2026-07-05,,,,,,,,,,,,,,,,,,,,,,,,,,,,,待手动导入平台后台数据,,,,,,,,,,,,,,,,,,,,,,,,,,,,,,,,,,,,,,,,2026-06-30,2026-07-05,,,,,,,,,,,,,,,,抖音,,,,,,,,,,,utm_source=douyin&utm_medium=social,用于判断内容应该发什么、发到哪里
06_社媒平台表现,06-0007,否,2026-07-06,2026-07-06 至 2026-07-12,,,,,,,,,,,,,,,,,,,,,,,,,,,,,GA4仅有社媒合计，未拆平台,,,,,,,,,,,,,,,,,,,,,,,,,,,,,,,,,,,,,,,,2026-07-06,2026-07-12,,,,10,4.76%,,,,,,,,,,,GA4 Organic Social 合计,,,未接入平台后台数据,未接入平台后台数据,未接入平台后台数据,GA4仅能观察网站会话，未拆平台点击,210,188,待接入平台后台数据后判断,待判断,utm_medium=social,平台拆分需后续内容链接统一添加 UTM
06_社媒平台表现,06-0008,否,2026-07-06,2026-07-06 至 2026-07-12,,,,,,,,,,,,,,,,,,,,,,,,,,,,,待手动导入平台后台数据,,,,,,,,,,,,,,,,,,,,,,,,,,,,,,,,,,,,,,,,2026-07-06,2026-07-12,,,,,,,,,,,,,,,,LinkedIn,,,,,,,,,,,utm_source=linkedin&utm_medium=social,用于判断内容应该发什么、发到哪里
06_社媒平台表现,06-0009,否,2026-07-06,2026-07-06 至 2026-07-12,,,,,,,,,,,,,,,,,,,,,,,,,,,,,待手动导入平台后台数据,,,,,,,,,,,,,,,,,,,,,,,,,,,,,,,,,,,,,,,,2026-07-06,2026-07-12,,,,,,,,,,,,,,,,X,,,,,,,,,,,utm_source=x&utm_medium=social,用于判断内容应该发什么、发到哪里
06_社媒平台表现,06-0010,否,2026-07-06,2026-07-06 至 2026-07-12,,,,,,,,,,,,,,,,,,,,,,,,,,,,,待手动导入平台后台数据,,,,,,,,,,,,,,,,,,,,,,,,,,,,,,,,,,,,,,,,2026-07-06,2026-07-12,,,,,,,,,,,,,,,,FB,,,,,,,,,,,utm_source=facebook&utm_medium=social,用于判断内容应该发什么、发到哪里
06_社媒平台表现,06-0011,否,2026-07-06,2026-07-06 至 2026-07-12,,,,,,,,,,,,,,,,,,,,,,,,,,,,,待手动导入平台后台数据,,,,,,,,,,,,,,,,,,,,,,,,,,,,,,,,,,,,,,,,2026-07-06,2026-07-12,,,,,,,,,,,,,,,,小红书,,,,,,,,,,,utm_source=xiaohongshu&utm_medium=social,用于判断内容应该发什么、发到哪里
06_社媒平台表现,06-0012,否,2026-07-06,2026-07-06 至 2026-07-12,,,,,,,,,,,,,,,,,,,,,,,,,,,,,待手动导入平台后台数据,,,,,,,,,,,,,,,,,,,,,,,,,,,,,,,,,,,,,,,,2026-07-06,2026-07-12,,,,,,,,,,,,,,,,抖音,,,,,,,,,,,utm_source=douyin&utm_medium=social,用于判断内容应该发什么、发到哪里
06_社媒平台表现,06-0013,否,2026-07-13,2026-07-13 至 2026-07-19,,,,,,,,,,,,,,,,,,,,,,,,,,,,,GA4仅有社媒合计，未拆平台,,,,,,,,,,,,,,,,,,,,,,,,,,,,,,,,,,,,,,,,2026-07-13,2026-07-19,,,,0,0.00%,,,,,,,,,,,GA4 Organic Social 合计,,,未接入平台后台数据,未接入平台后台数据,未接入平台后台数据,GA4仅能观察网站会话，未拆平台点击,13,12,待接入平台后台数据后判断,待判断,utm_medium=social,平台拆分需后续内容链接统一添加 UTM
06_社媒平台表现,06-0014,否,2026-07-13,2026-07-13 至 2026-07-19,,,,,,,,,,,,,,,,,,,,,,,,,,,,,待手动导入平台后台数据,,,,,,,,,,,,,,,,,,,,,,,,,,,,,,,,,,,,,,,,2026-07-13,2026-07-19,,,,,,,,,,,,,,,,LinkedIn,,,,,,,,,,,utm_source=linkedin&utm_medium=social,用于判断内容应该发什么、发到哪里
06_社媒平台表现,06-0015,否,2026-07-13,2026-07-13 至 2026-07-19,,,,,,,,,,,,,,,,,,,,,,,,,,,,,待手动导入平台后台数据,,,,,,,,,,,,,,,,,,,,,,,,,,,,,,,,,,,,,,,,2026-07-13,2026-07-19,,,,,,,,,,,,,,,,X,,,,,,,,,,,utm_source=x&utm_medium=social,用于判断内容应该发什么、发到哪里
06_社媒平台表现,06-0016,否,2026-07-13,2026-07-13 至 2026-07-19,,,,,,,,,,,,,,,,,,,,,,,,,,,,,待手动导入平台后台数据,,,,,,,,,,,,,,,,,,,,,,,,,,,,,,,,,,,,,,,,2026-07-13,2026-07-19,,,,,,,,,,,,,,,,FB,,,,,,,,,,,utm_source=facebook&utm_medium=social,用于判断内容应该发什么、发到哪里
06_社媒平台表现,06-0017,否,2026-07-13,2026-07-13 至 2026-07-19,,,,,,,,,,,,,,,,,,,,,,,,,,,,,待手动导入平台后台数据,,,,,,,,,,,,,,,,,,,,,,,,,,,,,,,,,,,,,,,,2026-07-13,2026-07-19,,,,,,,,,,,,,,,,小红书,,,,,,,,,,,utm_source=xiaohongshu&utm_medium=social,用于判断内容应该发什么、发到哪里
06_社媒平台表现,06-0018,否,2026-07-13,2026-07-13 至 2026-07-19,,,,,,,,,,,,,,,,,,,,,,,,,,,,,待手动导入平台后台数据,,,,,,,,,,,,,,,,,,,,,,,,,,,,,,,,,,,,,,,,2026-07-13,2026-07-19,,,,,,,,,,,,,,,,抖音,,,,,,,,,,,utm_source=douyin&utm_medium=social,用于判断内容应该发什么、发到哪里
06_社媒平台表现,06-0019,否,2026-07-20,2026-07-20 至 2026-07-26,,,,,,,,,,,,,,,,,,,,,,,,,,,,,GA4仅有社媒合计，未拆平台,,,,,,,,,,,,,,,,,,,,,,,,,,,,,,,,,,,,,,,,2026-07-20,2026-07-26,,,,0,0.00%,,,,,,,,,,,GA4 Organic Social 合计,,,未接入平台后台数据,未接入平台后台数据,未接入平台后台数据,GA4仅能观察网站会话，未拆平台点击,25,21,待接入平台后台数据后判断,待判断,utm_medium=social,平台拆分需后续内容链接统一添加 UTM
06_社媒平台表现,06-0020,否,2026-07-20,2026-07-20 至 2026-07-26,,,,,,,,,,,,,,,,,,,,,,,,,,,,,待手动导入平台后台数据,,,,,,,,,,,,,,,,,,,,,,,,,,,,,,,,,,,,,,,,2026-07-20,2026-07-26,,,,,,,,,,,,,,,,LinkedIn,,,,,,,,,,,utm_source=linkedin&utm_medium=social,用于判断内容应该发什么、发到哪里
06_社媒平台表现,06-0021,否,2026-07-20,2026-07-20 至 2026-07-26,,,,,,,,,,,,,,,,,,,,,,,,,,,,,待手动导入平台后台数据,,,,,,,,,,,,,,,,,,,,,,,,,,,,,,,,,,,,,,,,2026-07-20,2026-07-26,,,,,,,,,,,,,,,,X,,,,,,,,,,,utm_source=x&utm_medium=social,用于判断内容应该发什么、发到哪里
06_社媒平台表现,06-0022,否,2026-07-20,2026-07-20 至 2026-07-26,,,,,,,,,,,,,,,,,,,,,,,,,,,,,待手动导入平台后台数据,,,,,,,,,,,,,,,,,,,,,,,,,,,,,,,,,,,,,,,,2026-07-20,2026-07-26,,,,,,,,,,,,,,,,FB,,,,,,,,,,,utm_source=facebook&utm_medium=social,用于判断内容应该发什么、发到哪里
06_社媒平台表现,06-0023,否,2026-07-20,2026-07-20 至 2026-07-26,,,,,,,,,,,,,,,,,,,,,,,,,,,,,待手动导入平台后台数据,,,,,,,,,,,,,,,,,,,,,,,,,,,,,,,,,,,,,,,,2026-07-20,2026-07-26,,,,,,,,,,,,,,,,小红书,,,,,,,,,,,utm_source=xiaohongshu&utm_medium=social,用于判断内容应该发什么、发到哪里
06_社媒平台表现,06-0024,否,2026-07-20,2026-07-20 至 2026-07-26,,,,,,,,,,,,,,,,,,,,,,,,,,,,,待手动导入平台后台数据,,,,,,,,,,,,,,,,,,,,,,,,,,,,,,,,,,,,,,,,2026-07-20,2026-07-26,,,,,,,,,,,,,,,,抖音,,,,,,,,,,,utm_source=douyin&utm_medium=social,用于判断内容应该发什么、发到哪里
