Key,Date,Hostname,Page Path,Page Title,Channel Group,Device Category,Views,Active Users,Sessions,Engagement Rate,Bounce Rate,Avg Engagement Seconds,Conversions,Revenue,Week Start,Loaded At
2026-06-29|www.example.com|/|Organic Search|desktop,2026-06-29,www.example.com,/,Home,Organic Search,desktop,268,96,111,0.496,0.2538,117.25,17,121.71,2026-06-29,2026-07-27 15:23:56
2026-06-29|www.example.com|/|Direct|desktop,2026-06-29,www.example.com,/,Home,Direct,desktop,904,327,355,0.6168,0.2288,59.28,20,981.85,2026-06-29,2026-07-27 15:23:56
2026-06-29|www.example.com|/|Referral|desktop,2026-06-29,www.example.com,/,Home,Referral,desktop,899,393,505,0.7004,0.2727,83.22,8,217.67,2026-06-29,2026-07-27 15:23:56
2026-06-29|www.example.com|/|Paid Search|mobile,2026-06-29,www.example.com,/,Home,Paid Search,mobile,729,284,341,0.7297,0.4192,124.36,23,643.19,2026-06-29,2026-07-27 15:23:56
2026-06-29|www.example.com|/category/solutions|Organic Search|tablet,2026-06-29,www.example.com,/category/solutions,Solutions,Organic Search,tablet,295,218,261,0.5467,0.4275,132.74,11,808.29,2026-06-29,2026-07-27 15:23:56
2026-06-29|www.example.com|/category/solutions|Direct|mobile,2026-06-29,www.example.com,/category/solutions,Solutions,Direct,mobile,182,67,76,0.7751,0.5023,130.71,12,389.16,2026-06-29,2026-07-27 15:23:56
2026-06-29|www.example.com|/category/solutions|Referral|tablet,2026-06-29,www.example.com,/category/solutions,Solutions,Referral,tablet,787,326,388,0.5381,0.5291,107.34,19,888.97,2026-06-29,2026-07-27 15:23:56
2026-06-29|www.example.com|/category/solutions|Paid Search|mobile,2026-06-29,www.example.com,/category/solutions,Solutions,Paid Search,mobile,1133,726,809,0.5391,0.5254,111.63,7,958.46,2026-06-29,2026-07-27 15:23:56
2026-06-29|www.example.com|/reference-designs|Organic Search|mobile,2026-06-29,www.example.com,/reference-designs,Reference Designs,Organic Search,mobile,154,68,72,0.5824,0.2418,135.71,18,1226.91,2026-06-29,2026-07-27 15:23:56
2026-06-29|www.example.com|/reference-designs|Direct|tablet,2026-06-29,www.example.com,/reference-designs,Reference Designs,Direct,tablet,684,297,371,0.6014,0.3074,64.39,17,754.57,2026-06-29,2026-07-27 15:23:56
2026-06-29|www.example.com|/reference-designs|Referral|desktop,2026-06-29,www.example.com,/reference-designs,Reference Designs,Referral,desktop,917,650,786,0.7791,0.2656,90.81,24,65.96,2026-06-29,2026-07-27 15:23:56
2026-06-29|www.example.com|/reference-designs|Paid Search|tablet,2026-06-29,www.example.com,/reference-designs,Reference Designs,Paid Search,tablet,264,108,120,0.5893,0.241,78.83,14,740.76,2026-06-29,2026-07-27 15:23:56
2026-06-29|www.example.com|/case-studies|Organic Search|tablet,2026-06-29,www.example.com,/case-studies,Case Studies,Organic Search,tablet,1173,814,858,0.4878,0.512,118.34,24,897.35,2026-06-29,2026-07-27 15:23:56
2026-06-29|www.example.com|/case-studies|Direct|desktop,2026-06-29,www.example.com,/case-studies,Case Studies,Direct,desktop,268,125,139,0.7648,0.509,66.18,16,1066.75,2026-06-29,2026-07-27 15:23:56
2026-06-29|www.example.com|/case-studies|Referral|mobile,2026-06-29,www.example.com,/case-studies,Case Studies,Referral,mobile,1079,771,1078,0.7278,0.3875,59.28,11,1067.52,2026-06-29,2026-07-27 15:23:56
2026-06-29|www.example.com|/case-studies|Paid Search|desktop,2026-06-29,www.example.com,/case-studies,Case Studies,Paid Search,desktop,1144,836,1186,0.6477,0.3812,49.97,11,1230.21,2026-06-29,2026-07-27 15:23:56
2026-06-29|www.example.com|/contact|Organic Search|tablet,2026-06-29,www.example.com,/contact,Contact,Organic Search,tablet,669,298,341,0.7625,0.2483,90.0,2,1369.18,2026-06-29,2026-07-27 15:23:56
2026-06-29|www.example.com|/contact|Direct|mobile,2026-06-29,www.example.com,/contact,Contact,Direct,mobile,1130,741,816,0.7625,0.2745,94.46,19,592.39,2026-06-29,2026-07-27 15:23:56
2026-06-29|www.example.com|/contact|Referral|tablet,2026-06-29,www.example.com,/contact,Contact,Referral,tablet,473,341,461,0.5164,0.3229,144.48,20,522.79,2026-06-29,2026-07-27 15:23:56
2026-06-29|www.example.com|/contact|Paid Search|desktop,2026-06-29,www.example.com,/contact,Contact,Paid Search,desktop,1099,583,669,0.5616,0.4141,62.62,7,10.07,2026-06-29,2026-07-27 15:23:56
2026-06-30|www.example.com|/|Organic Search|mobile,2026-06-30,www.example.com,/,Home,Organic Search,mobile,160,70,98,0.4734,0.2985,109.58,6,754.93,2026-06-29,2026-07-27 15:23:56
2026-06-30|www.example.com|/|Direct|mobile,2026-06-30,www.example.com,/,Home,Direct,mobile,1008,450,557,0.5128,0.252,84.12,13,575.54,2026-06-29,2026-07-27 15:23:56
2026-06-30|www.example.com|/|Referral|desktop,2026-06-30,www.example.com,/,Home,Referral,desktop,150,92,132,0.47,0.4603,123.66,3,348.12,2026-06-29,2026-07-27 15:23:56
2026-06-30|www.example.com|/|Paid Search|desktop,2026-06-30,www.example.com,/,Home,Paid Search,desktop,429,242,267,0.5419,0.3024,136.79,14,1131.23,2026-06-29,2026-07-27 15:23:56
2026-06-30|www.example.com|/category/solutions|Organic Search|tablet,2026-06-30,www.example.com,/category/solutions,Solutions,Organic Search,tablet,1167,454,595,0.7259,0.5398,137.12,27,330.93,2026-06-29,2026-07-27 15:23:56
2026-06-30|www.example.com|/category/solutions|Direct|mobile,2026-06-30,www.example.com,/category/solutions,Solutions,Direct,mobile,872,474,538,0.7478,0.2743,38.23,12,371.28,2026-06-29,2026-07-27 15:23:56
2026-06-30|www.example.com|/category/solutions|Referral|tablet,2026-06-30,www.example.com,/category/solutions,Solutions,Referral,tablet,971,450,597,0.7785,0.4034,114.87,4,265.86,2026-06-29,2026-07-27 15:23:56
2026-06-30|www.example.com|/category/solutions|Paid Search|tablet,2026-06-30,www.example.com,/category/solutions,Solutions,Paid Search,tablet,485,357,457,0.4701,0.3235,43.37,15,703.99,2026-06-29,2026-07-27 15:23:56
2026-06-30|www.example.com|/reference-designs|Organic Search|desktop,2026-06-30,www.example.com,/reference-designs,Reference Designs,Organic Search,desktop,1127,465,666,0.7309,0.2426,45.27,27,329.29,2026-06-29,2026-07-27 15:23:56
2026-06-30|www.example.com|/reference-designs|Direct|tablet,2026-06-30,www.example.com,/reference-designs,Reference Designs,Direct,tablet,285,207,264,0.6462,0.4244,82.86,18,791.32,2026-06-29,2026-07-27 15:23:56
2026-06-30|www.example.com|/reference-designs|Referral|tablet,2026-06-30,www.example.com,/reference-designs,Reference Designs,Referral,tablet,687,497,562,0.5537,0.3077,52.0,20,420.0,2026-06-29,2026-07-27 15:23:56
2026-06-30|www.example.com|/reference-designs|Paid Search|desktop,2026-06-30,www.example.com,/reference-designs,Reference Designs,Paid Search,desktop,687,495,705,0.6012,0.5495,144.58,2,752.69,2026-06-29,2026-07-27 15:23:56
2026-06-30|www.example.com|/case-studies|Organic Search|desktop,2026-06-30,www.example.com,/case-studies,Case Studies,Organic Search,desktop,1076,490,697,0.7402,0.3419,54.88,26,760.51,2026-06-29,2026-07-27 15:23:56
2026-06-30|www.example.com|/case-studies|Direct|tablet,2026-06-30,www.example.com,/case-studies,Case Studies,Direct,tablet,659,391,564,0.6246,0.4404,97.34,21,145.02,2026-06-29,2026-07-27 15:23:56
2026-06-30|www.example.com|/case-studies|Referral|tablet,2026-06-30,www.example.com,/case-studies,Case Studies,Referral,tablet,315,143,201,0.6326,0.3099,102.72,22,480.03,2026-06-29,2026-07-27 15:23:56
2026-06-30|www.example.com|/case-studies|Paid Search|desktop,2026-06-30,www.example.com,/case-studies,Case Studies,Paid Search,desktop,580,320,368,0.4805,0.3598,67.6,0,466.98,2026-06-29,2026-07-27 15:23:56
2026-06-30|www.example.com|/contact|Organic Search|tablet,2026-06-30,www.example.com,/contact,Contact,Organic Search,tablet,307,185,213,0.5958,0.4529,98.02,3,105.34,2026-06-29,2026-07-27 15:23:56
2026-06-30|www.example.com|/contact|Direct|tablet,2026-06-30,www.example.com,/contact,Contact,Direct,tablet,345,196,271,0.6323,0.3618,42.48,11,1258.57,2026-06-29,2026-07-27 15:23:56
2026-06-30|www.example.com|/contact|Referral|desktop,2026-06-30,www.example.com,/contact,Contact,Referral,desktop,121,85,96,0.6701,0.3367,97.91,27,568.93,2026-06-29,2026-07-27 15:23:56
2026-06-30|www.example.com|/contact|Paid Search|desktop,2026-06-30,www.example.com,/contact,Contact,Paid Search,desktop,356,256,293,0.7721,0.4876,132.31,0,251.1,2026-06-29,2026-07-27 15:23:56
2026-07-01|www.example.com|/|Organic Search|tablet,2026-07-01,www.example.com,/,Home,Organic Search,tablet,720,477,579,0.7351,0.4875,66.55,25,981.79,2026-06-29,2026-07-27 15:23:56
2026-07-01|www.example.com|/|Direct|desktop,2026-07-01,www.example.com,/,Home,Direct,desktop,823,575,801,0.5159,0.5231,75.41,26,1113.48,2026-06-29,2026-07-27 15:23:56
2026-07-01|www.example.com|/|Referral|mobile,2026-07-01,www.example.com,/,Home,Referral,mobile,506,222,291,0.5583,0.5052,141.46,8,491.6,2026-06-29,2026-07-27 15:23:56
2026-07-01|www.example.com|/|Paid Search|tablet,2026-07-01,www.example.com,/,Home,Paid Search,tablet,1083,552,796,0.5593,0.2291,131.84,8,249.99,2026-06-29,2026-07-27 15:23:56
2026-07-01|www.example.com|/category/solutions|Organic Search|mobile,2026-07-01,www.example.com,/category/solutions,Solutions,Organic Search,mobile,583,212,273,0.6904,0.3235,102.86,16,161.9,2026-06-29,2026-07-27 15:23:56
2026-07-01|www.example.com|/category/solutions|Direct|desktop,2026-07-01,www.example.com,/category/solutions,Solutions,Direct,desktop,429,193,257,0.6216,0.4861,111.49,23,1031.85,2026-06-29,2026-07-27 15:23:56
2026-07-01|www.example.com|/category/solutions|Referral|tablet,2026-07-01,www.example.com,/category/solutions,Solutions,Referral,tablet,443,219,236,0.7539,0.4256,108.98,3,1007.66,2026-06-29,2026-07-27 15:23:56
2026-07-01|www.example.com|/category/solutions|Paid Search|mobile,2026-07-01,www.example.com,/category/solutions,Solutions,Paid Search,mobile,655,362,476,0.5828,0.3176,51.62,13,930.9,2026-06-29,2026-07-27 15:23:56
2026-07-01|www.example.com|/reference-designs|Organic Search|tablet,2026-07-01,www.example.com,/reference-designs,Reference Designs,Organic Search,tablet,816,506,714,0.6378,0.354,127.21,9,401.68,2026-06-29,2026-07-27 15:23:56
2026-07-01|www.example.com|/reference-designs|Direct|mobile,2026-07-01,www.example.com,/reference-designs,Reference Designs,Direct,mobile,920,611,789,0.6034,0.3659,60.87,15,1111.23,2026-06-29,2026-07-27 15:23:56
2026-07-01|www.example.com|/reference-designs|Referral|tablet,2026-07-01,www.example.com,/reference-designs,Reference Designs,Referral,tablet,387,237,275,0.6589,0.3306,125.57,24,328.82,2026-06-29,2026-07-27 15:23:56
2026-07-01|www.example.com|/reference-designs|Paid Search|desktop,2026-07-01,www.example.com,/reference-designs,Reference Designs,Paid Search,desktop,675,296,334,0.4653,0.5447,103.41,24,101.96,2026-06-29,2026-07-27 15:23:56
2026-07-01|www.example.com|/case-studies|Organic Search|tablet,2026-07-01,www.example.com,/case-studies,Case Studies,Organic Search,tablet,888,625,800,0.6798,0.3831,64.11,20,962.67,2026-06-29,2026-07-27 15:23:56
2026-07-01|www.example.com|/case-studies|Direct|tablet,2026-07-01,www.example.com,/case-studies,Case Studies,Direct,tablet,258,170,193,0.6209,0.2366,64.66,27,169.9,2026-06-29,2026-07-27 15:23:56
2026-07-01|www.example.com|/case-studies|Referral|tablet,2026-07-01,www.example.com,/case-studies,Case Studies,Referral,tablet,313,209,275,0.6465,0.5335,133.38,19,1141.01,2026-06-29,2026-07-27 15:23:56
2026-07-01|www.example.com|/case-studies|Paid Search|mobile,2026-07-01,www.example.com,/case-studies,Case Studies,Paid Search,mobile,1073,558,788,0.7461,0.4654,88.79,8,1052.49,2026-06-29,2026-07-27 15:23:56
2026-07-01|www.example.com|/contact|Organic Search|tablet,2026-07-01,www.example.com,/contact,Contact,Organic Search,tablet,607,398,500,0.529,0.3652,114.35,7,380.4,2026-06-29,2026-07-27 15:23:56
2026-07-01|www.example.com|/contact|Direct|desktop,2026-07-01,www.example.com,/contact,Contact,Direct,desktop,694,490,530,0.5263,0.449,113.59,2,580.82,2026-06-29,2026-07-27 15:23:56
2026-07-01|www.example.com|/contact|Referral|desktop,2026-07-01,www.example.com,/contact,Contact,Referral,desktop,717,406,493,0.7249,0.3485,120.37,22,27.34,2026-06-29,2026-07-27 15:23:56
2026-07-01|www.example.com|/contact|Paid Search|mobile,2026-07-01,www.example.com,/contact,Contact,Paid Search,mobile,819,442,630,0.6986,0.5016,140.02,13,753.51,2026-06-29,2026-07-27 15:23:56
2026-07-02|www.example.com|/|Organic Search|mobile,2026-07-02,www.example.com,/,Home,Organic Search,mobile,1158,775,1092,0.5224,0.3638,41.11,10,936.42,2026-06-29,2026-07-27 15:23:56
2026-07-02|www.example.com|/|Direct|desktop,2026-07-02,www.example.com,/,Home,Direct,desktop,868,555,769,0.7736,0.3963,135.04,18,790.15,2026-06-29,2026-07-27 15:23:56
2026-07-02|www.example.com|/|Referral|mobile,2026-07-02,www.example.com,/,Home,Referral,mobile,95,36,43,0.51,0.3059,73.03,14,457.58,2026-06-29,2026-07-27 15:23:56
2026-07-02|www.example.com|/|Paid Search|mobile,2026-07-02,www.example.com,/,Home,Paid Search,mobile,816,376,537,0.5332,0.247,40.07,17,72.92,2026-06-29,2026-07-27 15:23:56
2026-07-02|www.example.com|/category/solutions|Organic Search|tablet,2026-07-02,www.example.com,/category/solutions,Solutions,Organic Search,tablet,756,332,357,0.4633,0.2302,64.46,26,28.53,2026-06-29,2026-07-27 15:23:56
2026-07-02|www.example.com|/category/solutions|Direct|desktop,2026-07-02,www.example.com,/category/solutions,Solutions,Direct,desktop,352,156,193,0.6361,0.2919,112.84,24,516.45,2026-06-29,2026-07-27 15:23:56
2026-07-02|www.example.com|/category/solutions|Referral|mobile,2026-07-02,www.example.com,/category/solutions,Solutions,Referral,mobile,274,181,201,0.4857,0.2285,71.38,21,1271.24,2026-06-29,2026-07-27 15:23:56
2026-07-02|www.example.com|/category/solutions|Paid Search|desktop,2026-07-02,www.example.com,/category/solutions,Solutions,Paid Search,desktop,808,410,547,0.6454,0.4941,63.98,22,1081.47,2026-06-29,2026-07-27 15:23:56
2026-07-02|www.example.com|/reference-designs|Organic Search|desktop,2026-07-02,www.example.com,/reference-designs,Reference Designs,Organic Search,desktop,287,191,243,0.5646,0.3614,77.65,16,906.56,2026-06-29,2026-07-27 15:23:56
2026-07-02|www.example.com|/reference-designs|Direct|desktop,2026-07-02,www.example.com,/reference-designs,Reference Designs,Direct,desktop,65,44,60,0.5931,0.3395,133.4,14,990.23,2026-06-29,2026-07-27 15:23:56
2026-07-02|www.example.com|/reference-designs|Referral|tablet,2026-07-02,www.example.com,/reference-designs,Reference Designs,Referral,tablet,931,391,492,0.5391,0.4867,95.58,15,650.82,2026-06-29,2026-07-27 15:23:56
2026-07-02|www.example.com|/reference-designs|Paid Search|desktop,2026-07-02,www.example.com,/reference-designs,Reference Designs,Paid Search,desktop,589,282,323,0.542,0.3688,118.3,18,854.46,2026-06-29,2026-07-27 15:23:56
2026-07-02|www.example.com|/case-studies|Organic Search|mobile,2026-07-02,www.example.com,/case-studies,Case Studies,Organic Search,mobile,816,395,492,0.51,0.29,123.37,10,391.52,2026-06-29,2026-07-27 15:23:56
2026-07-02|www.example.com|/case-studies|Direct|desktop,2026-07-02,www.example.com,/case-studies,Case Studies,Direct,desktop,605,346,434,0.4783,0.4576,90.28,24,336.45,2026-06-29,2026-07-27 15:23:56
2026-07-02|www.example.com|/case-studies|Referral|desktop,2026-07-02,www.example.com,/case-studies,Case Studies,Referral,desktop,1015,617,768,0.4807,0.2931,112.02,9,929.54,2026-06-29,2026-07-27 15:23:56
2026-07-02|www.example.com|/case-studies|Paid Search|mobile,2026-07-02,www.example.com,/case-studies,Case Studies,Paid Search,mobile,795,428,540,0.7789,0.4016,75.64,14,379.28,2026-06-29,2026-07-27 15:23:56
2026-07-02|www.example.com|/contact|Organic Search|mobile,2026-07-02,www.example.com,/contact,Contact,Organic Search,mobile,554,244,326,0.4895,0.3968,119.55,5,268.16,2026-06-29,2026-07-27 15:23:56
2026-07-02|www.example.com|/contact|Direct|tablet,2026-07-02,www.example.com,/contact,Contact,Direct,tablet,1031,474,609,0.6469,0.5436,127.09,9,318.48,2026-06-29,2026-07-27 15:23:56
2026-07-02|www.example.com|/contact|Referral|desktop,2026-07-02,www.example.com,/contact,Contact,Referral,desktop,407,191,254,0.5405,0.5415,97.21,22,1321.73,2026-06-29,2026-07-27 15:23:56
2026-07-02|www.example.com|/contact|Paid Search|mobile,2026-07-02,www.example.com,/contact,Contact,Paid Search,mobile,1045,408,430,0.6049,0.3654,57.73,1,353.47,2026-06-29,2026-07-27 15:23:56
2026-07-03|www.example.com|/|Organic Search|mobile,2026-07-03,www.example.com,/,Home,Organic Search,mobile,1018,402,432,0.4744,0.4277,43.74,4,1135.6,2026-06-29,2026-07-27 15:23:56
2026-07-03|www.example.com|/|Direct|tablet,2026-07-03,www.example.com,/,Home,Direct,tablet,662,254,291,0.7023,0.4201,122.61,7,1085.97,2026-06-29,2026-07-27 15:23:56
2026-07-03|www.example.com|/|Referral|tablet,2026-07-03,www.example.com,/,Home,Referral,tablet,819,434,532,0.7767,0.3208,104.45,19,1344.15,2026-06-29,2026-07-27 15:23:56
2026-07-03|www.example.com|/|Paid Search|desktop,2026-07-03,www.example.com,/,Home,Paid Search,desktop,243,177,200,0.5373,0.2468,63.67,17,105.09,2026-06-29,2026-07-27 15:23:56
2026-07-03|www.example.com|/category/solutions|Organic Search|mobile,2026-07-03,www.example.com,/category/solutions,Solutions,Organic Search,mobile,45,23,30,0.5461,0.2964,113.64,22,1203.45,2026-06-29,2026-07-27 15:23:56
2026-07-03|www.example.com|/category/solutions|Direct|tablet,2026-07-03,www.example.com,/category/solutions,Solutions,Direct,tablet,185,115,163,0.6446,0.4853,59.17,3,762.39,2026-06-29,2026-07-27 15:23:56
2026-07-03|www.example.com|/category/solutions|Referral|desktop,2026-07-03,www.example.com,/category/solutions,Solutions,Referral,desktop,345,246,339,0.4697,0.4816,101.67,26,796.89,2026-06-29,2026-07-27 15:23:56
2026-07-03|www.example.com|/category/solutions|Paid Search|mobile,2026-07-03,www.example.com,/category/solutions,Solutions,Paid Search,mobile,631,331,409,0.6809,0.5311,91.55,15,612.86,2026-06-29,2026-07-27 15:23:56
2026-07-03|www.example.com|/reference-designs|Organic Search|tablet,2026-07-03,www.example.com,/reference-designs,Reference Designs,Organic Search,tablet,121,85,114,0.5326,0.2501,140.92,26,1204.72,2026-06-29,2026-07-27 15:23:56
2026-07-03|www.example.com|/reference-designs|Direct|mobile,2026-07-03,www.example.com,/reference-designs,Reference Designs,Direct,mobile,82,61,80,0.6402,0.4718,56.75,16,912.11,2026-06-29,2026-07-27 15:23:56
2026-07-03|www.example.com|/reference-designs|Referral|tablet,2026-07-03,www.example.com,/reference-designs,Reference Designs,Referral,tablet,609,257,330,0.7187,0.5398,88.29,13,466.63,2026-06-29,2026-07-27 15:23:56
2026-07-03|www.example.com|/reference-designs|Paid Search|tablet,2026-07-03,www.example.com,/reference-designs,Reference Designs,Paid Search,tablet,254,176,208,0.6135,0.4387,80.85,24,770.14,2026-06-29,2026-07-27 15:23:56
2026-07-03|www.example.com|/case-studies|Organic Search|desktop,2026-07-03,www.example.com,/case-studies,Case Studies,Organic Search,desktop,971,374,430,0.7702,0.3534,93.06,0,920.72,2026-06-29,2026-07-27 15:23:56
2026-07-03|www.example.com|/case-studies|Direct|tablet,2026-07-03,www.example.com,/case-studies,Case Studies,Direct,tablet,1151,615,659,0.5694,0.4696,104.92,24,72.26,2026-06-29,2026-07-27 15:23:56
2026-07-03|www.example.com|/case-studies|Referral|mobile,2026-07-03,www.example.com,/case-studies,Case Studies,Referral,mobile,586,333,473,0.7407,0.38,41.09,20,852.42,2026-06-29,2026-07-27 15:23:56
2026-07-03|www.example.com|/case-studies|Paid Search|desktop,2026-07-03,www.example.com,/case-studies,Case Studies,Paid Search,desktop,530,335,393,0.6322,0.2508,144.17,3,646.03,2026-06-29,2026-07-27 15:23:56
2026-07-03|www.example.com|/contact|Organic Search|tablet,2026-07-03,www.example.com,/contact,Contact,Organic Search,tablet,280,170,188,0.5463,0.4528,82.46,15,1372.34,2026-06-29,2026-07-27 15:23:56
2026-07-03|www.example.com|/contact|Direct|desktop,2026-07-03,www.example.com,/contact,Contact,Direct,desktop,539,287,317,0.7542,0.3877,132.09,27,97.73,2026-06-29,2026-07-27 15:23:56
2026-07-03|www.example.com|/contact|Referral|mobile,2026-07-03,www.example.com,/contact,Contact,Referral,mobile,889,432,589,0.7208,0.3133,69.95,18,811.89,2026-06-29,2026-07-27 15:23:56
2026-07-03|www.example.com|/contact|Paid Search|mobile,2026-07-03,www.example.com,/contact,Contact,Paid Search,mobile,1042,725,890,0.5639,0.4021,96.15,14,1305.99,2026-06-29,2026-07-27 15:23:56
2026-07-04|www.example.com|/|Organic Search|mobile,2026-07-04,www.example.com,/,Home,Organic Search,mobile,426,316,361,0.5271,0.4759,42.67,23,662.17,2026-06-29,2026-07-27 15:23:56
2026-07-04|www.example.com|/|Direct|tablet,2026-07-04,www.example.com,/,Home,Direct,tablet,820,413,543,0.7737,0.3835,41.96,16,1351.5,2026-06-29,2026-07-27 15:23:56
2026-07-04|www.example.com|/|Referral|mobile,2026-07-04,www.example.com,/,Home,Referral,mobile,719,501,701,0.4829,0.5204,39.64,4,573.97,2026-06-29,2026-07-27 15:23:56
2026-07-04|www.example.com|/|Paid Search|mobile,2026-07-04,www.example.com,/,Home,Paid Search,mobile,356,135,183,0.5617,0.4486,107.53,27,459.99,2026-06-29,2026-07-27 15:23:56
2026-07-04|www.example.com|/category/solutions|Organic Search|tablet,2026-07-04,www.example.com,/category/solutions,Solutions,Organic Search,tablet,1132,568,668,0.7429,0.381,95.89,19,95.79,2026-06-29,2026-07-27 15:23:56
2026-07-04|www.example.com|/category/solutions|Direct|mobile,2026-07-04,www.example.com,/category/solutions,Solutions,Direct,mobile,628,470,633,0.7729,0.4709,113.32,3,621.15,2026-06-29,2026-07-27 15:23:56
2026-07-04|www.example.com|/category/solutions|Referral|desktop,2026-07-04,www.example.com,/category/solutions,Solutions,Referral,desktop,653,464,495,0.5468,0.3437,53.58,16,576.87,2026-06-29,2026-07-27 15:23:56
2026-07-04|www.example.com|/category/solutions|Paid Search|mobile,2026-07-04,www.example.com,/category/solutions,Solutions,Paid Search,mobile,408,170,183,0.6545,0.2995,135.67,4,325.06,2026-06-29,2026-07-27 15:23:56
2026-07-04|www.example.com|/reference-designs|Organic Search|mobile,2026-07-04,www.example.com,/reference-designs,Reference Designs,Organic Search,mobile,560,298,392,0.7474,0.4436,54.9,14,1323.33,2026-06-29,2026-07-27 15:23:56
2026-07-04|www.example.com|/reference-designs|Direct|mobile,2026-07-04,www.example.com,/reference-designs,Reference Designs,Direct,mobile,652,394,480,0.6008,0.3197,144.93,27,676.49,2026-06-29,2026-07-27 15:23:56
2026-07-04|www.example.com|/reference-designs|Referral|mobile,2026-07-04,www.example.com,/reference-designs,Reference Designs,Referral,mobile,525,263,313,0.7776,0.3174,142.64,21,554.13,2026-06-29,2026-07-27 15:23:56
2026-07-04|www.example.com|/reference-designs|Paid Search|tablet,2026-07-04,www.example.com,/reference-designs,Reference Designs,Paid Search,tablet,56,32,42,0.7713,0.5205,117.73,26,1265.82,2026-06-29,2026-07-27 15:23:56
2026-07-04|www.example.com|/case-studies|Organic Search|mobile,2026-07-04,www.example.com,/case-studies,Case Studies,Organic Search,mobile,626,413,471,0.5223,0.2827,64.82,24,1009.3,2026-06-29,2026-07-27 15:23:56
2026-07-04|www.example.com|/case-studies|Direct|tablet,2026-07-04,www.example.com,/case-studies,Case Studies,Direct,tablet,320,192,270,0.463,0.4802,41.57,11,1025.3,2026-06-29,2026-07-27 15:23:56
2026-07-04|www.example.com|/case-studies|Referral|mobile,2026-07-04,www.example.com,/case-studies,Case Studies,Referral,mobile,224,159,187,0.508,0.2636,95.72,11,743.19,2026-06-29,2026-07-27 15:23:56
2026-07-04|www.example.com|/case-studies|Paid Search|mobile,2026-07-04,www.example.com,/case-studies,Case Studies,Paid Search,mobile,598,407,469,0.7692,0.3174,131.13,25,161.24,2026-06-29,2026-07-27 15:23:56
2026-07-04|www.example.com|/contact|Organic Search|tablet,2026-07-04,www.example.com,/contact,Contact,Organic Search,tablet,194,78,112,0.689,0.5434,141.5,25,780.24,2026-06-29,2026-07-27 15:23:56
2026-07-04|www.example.com|/contact|Direct|tablet,2026-07-04,www.example.com,/contact,Contact,Direct,tablet,224,149,157,0.4908,0.3416,118.14,8,818.38,2026-06-29,2026-07-27 15:23:56
2026-07-04|www.example.com|/contact|Referral|desktop,2026-07-04,www.example.com,/contact,Contact,Referral,desktop,800,314,359,0.6545,0.5312,73.1,19,309.91,2026-06-29,2026-07-27 15:23:56
2026-07-04|www.example.com|/contact|Paid Search|tablet,2026-07-04,www.example.com,/contact,Contact,Paid Search,tablet,169,102,126,0.5497,0.3547,52.96,1,426.11,2026-06-29,2026-07-27 15:23:56
2026-07-05|www.example.com|/|Organic Search|tablet,2026-07-05,www.example.com,/,Home,Organic Search,tablet,1048,415,474,0.4948,0.3697,109.74,23,975.08,2026-06-29,2026-07-27 15:23:56
2026-07-05|www.example.com|/|Direct|desktop,2026-07-05,www.example.com,/,Home,Direct,desktop,1146,593,798,0.7422,0.4361,127.21,19,571.36,2026-06-29,2026-07-27 15:23:56
2026-07-05|www.example.com|/|Referral|mobile,2026-07-05,www.example.com,/,Home,Referral,mobile,612,222,266,0.5967,0.2979,76.81,21,514.27,2026-06-29,2026-07-27 15:23:56
2026-07-05|www.example.com|/|Paid Search|desktop,2026-07-05,www.example.com,/,Home,Paid Search,desktop,774,289,335,0.7632,0.492,47.81,6,898.39,2026-06-29,2026-07-27 15:23:56
2026-07-05|www.example.com|/category/solutions|Organic Search|desktop,2026-07-05,www.example.com,/category/solutions,Solutions,Organic Search,desktop,83,30,35,0.7097,0.2877,126.79,17,290.02,2026-06-29,2026-07-27 15:23:56
2026-07-05|www.example.com|/category/solutions|Direct|desktop,2026-07-05,www.example.com,/category/solutions,Solutions,Direct,desktop,482,325,371,0.7103,0.4167,67.67,4,1382.54,2026-06-29,2026-07-27 15:23:56
2026-07-05|www.example.com|/category/solutions|Referral|tablet,2026-07-05,www.example.com,/category/solutions,Solutions,Referral,tablet,1146,515,576,0.7359,0.2635,76.33,25,333.1,2026-06-29,2026-07-27 15:23:56
2026-07-05|www.example.com|/category/solutions|Paid Search|desktop,2026-07-05,www.example.com,/category/solutions,Solutions,Paid Search,desktop,703,250,289,0.6948,0.3936,117.79,15,627.59,2026-06-29,2026-07-27 15:23:56
2026-07-05|www.example.com|/reference-designs|Organic Search|tablet,2026-07-05,www.example.com,/reference-designs,Reference Designs,Organic Search,tablet,781,433,473,0.5231,0.423,115.82,27,922.46,2026-06-29,2026-07-27 15:23:56
2026-07-05|www.example.com|/reference-designs|Direct|desktop,2026-07-05,www.example.com,/reference-designs,Reference Designs,Direct,desktop,657,350,502,0.7795,0.4996,83.61,3,686.38,2026-06-29,2026-07-27 15:23:56
2026-07-05|www.example.com|/reference-designs|Referral|tablet,2026-07-05,www.example.com,/reference-designs,Reference Designs,Referral,tablet,948,359,388,0.499,0.2616,104.8,18,767.7,2026-06-29,2026-07-27 15:23:56
2026-07-05|www.example.com|/reference-designs|Paid Search|mobile,2026-07-05,www.example.com,/reference-designs,Reference Designs,Paid Search,mobile,705,354,456,0.5997,0.4198,48.61,22,160.18,2026-06-29,2026-07-27 15:23:56
2026-07-05|www.example.com|/case-studies|Organic Search|mobile,2026-07-05,www.example.com,/case-studies,Case Studies,Organic Search,mobile,1169,746,847,0.7431,0.3566,126.53,12,582.39,2026-06-29,2026-07-27 15:23:56
2026-07-05|www.example.com|/case-studies|Direct|mobile,2026-07-05,www.example.com,/case-studies,Case Studies,Direct,mobile,234,111,130,0.5735,0.2704,136.76,2,127.71,2026-06-29,2026-07-27 15:23:56
2026-07-05|www.example.com|/case-studies|Referral|tablet,2026-07-05,www.example.com,/case-studies,Case Studies,Referral,tablet,214,82,89,0.573,0.2629,44.42,17,786.36,2026-06-29,2026-07-27 15:23:56
2026-07-05|www.example.com|/case-studies|Paid Search|mobile,2026-07-05,www.example.com,/case-studies,Case Studies,Paid Search,mobile,290,149,208,0.7365,0.458,141.62,19,437.43,2026-06-29,2026-07-27 15:23:56
2026-07-05|www.example.com|/contact|Organic Search|tablet,2026-07-05,www.example.com,/contact,Contact,Organic Search,tablet,252,146,165,0.6091,0.4996,75.46,17,514.59,2026-06-29,2026-07-27 15:23:56
2026-07-05|www.example.com|/contact|Direct|tablet,2026-07-05,www.example.com,/contact,Contact,Direct,tablet,610,353,484,0.7716,0.4901,103.65,20,779.44,2026-06-29,2026-07-27 15:23:56
2026-07-05|www.example.com|/contact|Referral|mobile,2026-07-05,www.example.com,/contact,Contact,Referral,mobile,587,212,245,0.7541,0.3358,57.41,4,792.85,2026-06-29,2026-07-27 15:23:56
2026-07-05|www.example.com|/contact|Paid Search|desktop,2026-07-05,www.example.com,/contact,Contact,Paid Search,desktop,860,324,436,0.4803,0.3951,78.25,14,477.25,2026-06-29,2026-07-27 15:23:56
2026-07-06|www.example.com|/|Organic Search|tablet,2026-07-06,www.example.com,/,Home,Organic Search,tablet,797,378,445,0.6468,0.5115,54.65,24,864.97,2026-07-06,2026-07-27 15:23:56
2026-07-06|www.example.com|/|Direct|mobile,2026-07-06,www.example.com,/,Home,Direct,mobile,207,94,123,0.6503,0.3567,61.07,16,159.34,2026-07-06,2026-07-27 15:23:56
2026-07-06|www.example.com|/|Referral|tablet,2026-07-06,www.example.com,/,Home,Referral,tablet,920,362,478,0.6106,0.4402,42.86,12,1378.22,2026-07-06,2026-07-27 15:23:56
2026-07-06|www.example.com|/|Paid Search|desktop,2026-07-06,www.example.com,/,Home,Paid Search,desktop,152,53,62,0.7032,0.4722,68.97,3,10.82,2026-07-06,2026-07-27 15:23:56
2026-07-06|www.example.com|/category/solutions|Organic Search|tablet,2026-07-06,www.example.com,/category/solutions,Solutions,Organic Search,tablet,921,387,465,0.5259,0.4044,109.48,11,100.91,2026-07-06,2026-07-27 15:23:56
2026-07-06|www.example.com|/category/solutions|Direct|desktop,2026-07-06,www.example.com,/category/solutions,Solutions,Direct,desktop,126,66,81,0.7345,0.41,99.35,22,896.2,2026-07-06,2026-07-27 15:23:56
2026-07-06|www.example.com|/category/solutions|Referral|mobile,2026-07-06,www.example.com,/category/solutions,Solutions,Referral,mobile,632,250,264,0.5067,0.5327,87.23,22,1287.68,2026-07-06,2026-07-27 15:23:56
2026-07-06|www.example.com|/category/solutions|Paid Search|mobile,2026-07-06,www.example.com,/category/solutions,Solutions,Paid Search,mobile,220,115,125,0.6443,0.3929,80.35,9,1044.13,2026-07-06,2026-07-27 15:23:56
2026-07-06|www.example.com|/reference-designs|Organic Search|tablet,2026-07-06,www.example.com,/reference-designs,Reference Designs,Organic Search,tablet,493,238,265,0.659,0.3951,58.75,24,489.13,2026-07-06,2026-07-27 15:23:56
2026-07-06|www.example.com|/reference-designs|Direct|desktop,2026-07-06,www.example.com,/reference-designs,Reference Designs,Direct,desktop,342,152,168,0.5073,0.2704,119.23,2,248.0,2026-07-06,2026-07-27 15:23:56
2026-07-06|www.example.com|/reference-designs|Referral|tablet,2026-07-06,www.example.com,/reference-designs,Reference Designs,Referral,tablet,1051,562,716,0.5981,0.525,98.4,20,1381.14,2026-07-06,2026-07-27 15:23:56
2026-07-06|www.example.com|/reference-designs|Paid Search|desktop,2026-07-06,www.example.com,/reference-designs,Reference Designs,Paid Search,desktop,701,487,633,0.5951,0.3747,105.56,25,384.54,2026-07-06,2026-07-27 15:23:56
2026-07-06|www.example.com|/case-studies|Organic Search|mobile,2026-07-06,www.example.com,/case-studies,Case Studies,Organic Search,mobile,155,76,82,0.5991,0.2388,126.99,2,902.53,2026-07-06,2026-07-27 15:23:56
2026-07-06|www.example.com|/case-studies|Direct|mobile,2026-07-06,www.example.com,/case-studies,Case Studies,Direct,mobile,224,133,166,0.6415,0.5349,117.06,1,629.63,2026-07-06,2026-07-27 15:23:56
2026-07-06|www.example.com|/case-studies|Referral|desktop,2026-07-06,www.example.com,/case-studies,Case Studies,Referral,desktop,425,203,251,0.766,0.3687,124.77,26,480.81,2026-07-06,2026-07-27 15:23:56
2026-07-06|www.example.com|/case-studies|Paid Search|desktop,2026-07-06,www.example.com,/case-studies,Case Studies,Paid Search,desktop,212,116,129,0.6835,0.547,94.08,19,222.24,2026-07-06,2026-07-27 15:23:56
2026-07-06|www.example.com|/contact|Organic Search|mobile,2026-07-06,www.example.com,/contact,Contact,Organic Search,mobile,803,575,692,0.674,0.2373,105.5,10,92.28,2026-07-06,2026-07-27 15:23:56
2026-07-06|www.example.com|/contact|Direct|mobile,2026-07-06,www.example.com,/contact,Contact,Direct,mobile,233,133,160,0.6888,0.4367,134.98,27,210.52,2026-07-06,2026-07-27 15:23:56
2026-07-06|www.example.com|/contact|Referral|mobile,2026-07-06,www.example.com,/contact,Contact,Referral,mobile,206,120,132,0.5524,0.4365,108.85,4,833.06,2026-07-06,2026-07-27 15:23:56
2026-07-06|www.example.com|/contact|Paid Search|mobile,2026-07-06,www.example.com,/contact,Contact,Paid Search,mobile,213,100,120,0.7184,0.4411,126.7,23,1396.03,2026-07-06,2026-07-27 15:23:56
2026-07-07|www.example.com|/|Organic Search|tablet,2026-07-07,www.example.com,/,Home,Organic Search,tablet,1118,433,570,0.5694,0.3397,57.29,6,478.43,2026-07-06,2026-07-27 15:23:56
2026-07-07|www.example.com|/|Direct|desktop,2026-07-07,www.example.com,/,Home,Direct,desktop,1035,441,639,0.4755,0.4987,48.82,24,755.68,2026-07-06,2026-07-27 15:23:56
2026-07-07|www.example.com|/|Referral|tablet,2026-07-07,www.example.com,/,Home,Referral,tablet,1118,408,483,0.4932,0.3443,55.36,26,969.98,2026-07-06,2026-07-27 15:23:56
2026-07-07|www.example.com|/|Paid Search|mobile,2026-07-07,www.example.com,/,Home,Paid Search,mobile,379,241,257,0.6732,0.2984,85.53,9,1053.35,2026-07-06,2026-07-27 15:23:56
2026-07-07|www.example.com|/category/solutions|Organic Search|mobile,2026-07-07,www.example.com,/category/solutions,Solutions,Organic Search,mobile,959,425,486,0.7483,0.284,110.58,18,1378.22,2026-07-06,2026-07-27 15:23:56
2026-07-07|www.example.com|/category/solutions|Direct|tablet,2026-07-07,www.example.com,/category/solutions,Solutions,Direct,tablet,985,647,880,0.6241,0.5389,125.41,25,846.53,2026-07-06,2026-07-27 15:23:56
2026-07-07|www.example.com|/category/solutions|Referral|mobile,2026-07-07,www.example.com,/category/solutions,Solutions,Referral,mobile,552,204,253,0.633,0.2539,128.51,27,174.55,2026-07-06,2026-07-27 15:23:56
2026-07-07|www.example.com|/category/solutions|Paid Search|tablet,2026-07-07,www.example.com,/category/solutions,Solutions,Paid Search,tablet,211,138,159,0.4986,0.3644,139.27,7,1143.38,2026-07-06,2026-07-27 15:23:56
2026-07-07|www.example.com|/reference-designs|Organic Search|mobile,2026-07-07,www.example.com,/reference-designs,Reference Designs,Organic Search,mobile,755,545,662,0.6157,0.2978,144.41,11,314.35,2026-07-06,2026-07-27 15:23:56
2026-07-07|www.example.com|/reference-designs|Direct|tablet,2026-07-07,www.example.com,/reference-designs,Reference Designs,Direct,tablet,692,499,691,0.5606,0.2682,42.1,26,661.44,2026-07-06,2026-07-27 15:23:56
2026-07-07|www.example.com|/reference-designs|Referral|tablet,2026-07-07,www.example.com,/reference-designs,Reference Designs,Referral,tablet,324,211,261,0.4517,0.2461,65.38,26,209.33,2026-07-06,2026-07-27 15:23:56
2026-07-07|www.example.com|/reference-designs|Paid Search|desktop,2026-07-07,www.example.com,/reference-designs,Reference Designs,Paid Search,desktop,1120,581,790,0.5494,0.2358,82.92,25,871.93,2026-07-06,2026-07-27 15:23:56
2026-07-07|www.example.com|/case-studies|Organic Search|tablet,2026-07-07,www.example.com,/case-studies,Case Studies,Organic Search,tablet,168,66,93,0.6269,0.4285,99.53,22,201.01,2026-07-06,2026-07-27 15:23:56
2026-07-07|www.example.com|/case-studies|Direct|tablet,2026-07-07,www.example.com,/case-studies,Case Studies,Direct,tablet,919,322,383,0.5875,0.4392,47.16,11,94.75,2026-07-06,2026-07-27 15:23:56
2026-07-07|www.example.com|/case-studies|Referral|tablet,2026-07-07,www.example.com,/case-studies,Case Studies,Referral,tablet,1117,634,865,0.6329,0.3488,88.3,20,541.63,2026-07-06,2026-07-27 15:23:56
2026-07-07|www.example.com|/case-studies|Paid Search|desktop,2026-07-07,www.example.com,/case-studies,Case Studies,Paid Search,desktop,804,362,382,0.5638,0.4619,105.22,24,814.66,2026-07-06,2026-07-27 15:23:56
2026-07-07|www.example.com|/contact|Organic Search|mobile,2026-07-07,www.example.com,/contact,Contact,Organic Search,mobile,720,290,345,0.7185,0.2778,121.37,14,1373.15,2026-07-06,2026-07-27 15:23:56
2026-07-07|www.example.com|/contact|Direct|desktop,2026-07-07,www.example.com,/contact,Contact,Direct,desktop,1020,614,844,0.6863,0.5314,41.96,6,61.33,2026-07-06,2026-07-27 15:23:56
2026-07-07|www.example.com|/contact|Referral|mobile,2026-07-07,www.example.com,/contact,Contact,Referral,mobile,448,315,370,0.6201,0.5464,96.1,8,51.27,2026-07-06,2026-07-27 15:23:56
2026-07-07|www.example.com|/contact|Paid Search|desktop,2026-07-07,www.example.com,/contact,Contact,Paid Search,desktop,431,200,278,0.7357,0.3295,51.32,11,611.73,2026-07-06,2026-07-27 15:23:56
2026-07-08|www.example.com|/|Organic Search|mobile,2026-07-08,www.example.com,/,Home,Organic Search,mobile,859,556,782,0.5619,0.2816,112.05,11,1294.03,2026-07-06,2026-07-27 15:23:56
2026-07-08|www.example.com|/|Direct|mobile,2026-07-08,www.example.com,/,Home,Direct,mobile,1103,503,544,0.476,0.4188,125.99,17,411.27,2026-07-06,2026-07-27 15:23:56
2026-07-08|www.example.com|/|Referral|mobile,2026-07-08,www.example.com,/,Home,Referral,mobile,250,95,124,0.5972,0.4568,55.83,14,492.17,2026-07-06,2026-07-27 15:23:56
2026-07-08|www.example.com|/|Paid Search|tablet,2026-07-08,www.example.com,/,Home,Paid Search,tablet,126,80,113,0.7794,0.3106,142.86,1,105.06,2026-07-06,2026-07-27 15:23:56
2026-07-08|www.example.com|/category/solutions|Organic Search|tablet,2026-07-08,www.example.com,/category/solutions,Solutions,Organic Search,tablet,871,431,590,0.5028,0.2303,128.81,21,1093.84,2026-07-06,2026-07-27 15:23:56
2026-07-08|www.example.com|/category/solutions|Direct|tablet,2026-07-08,www.example.com,/category/solutions,Solutions,Direct,tablet,111,44,50,0.5709,0.3463,98.7,19,214.81,2026-07-06,2026-07-27 15:23:56
2026-07-08|www.example.com|/category/solutions|Referral|desktop,2026-07-08,www.example.com,/category/solutions,Solutions,Referral,desktop,961,701,840,0.6394,0.3947,80.59,20,390.17,2026-07-06,2026-07-27 15:23:56
2026-07-08|www.example.com|/category/solutions|Paid Search|tablet,2026-07-08,www.example.com,/category/solutions,Solutions,Paid Search,tablet,272,98,110,0.5777,0.4054,66.01,8,985.65,2026-07-06,2026-07-27 15:23:56
2026-07-08|www.example.com|/reference-designs|Organic Search|mobile,2026-07-08,www.example.com,/reference-designs,Reference Designs,Organic Search,mobile,479,358,416,0.5161,0.2648,45.92,5,1258.15,2026-07-06,2026-07-27 15:23:56
2026-07-08|www.example.com|/reference-designs|Direct|mobile,2026-07-08,www.example.com,/reference-designs,Reference Designs,Direct,mobile,951,712,978,0.6704,0.4541,96.85,9,1247.86,2026-07-06,2026-07-27 15:23:56
2026-07-08|www.example.com|/reference-designs|Referral|tablet,2026-07-08,www.example.com,/reference-designs,Reference Designs,Referral,tablet,362,229,325,0.5075,0.3393,61.99,6,1108.89,2026-07-06,2026-07-27 15:23:56
2026-07-08|www.example.com|/reference-designs|Paid Search|tablet,2026-07-08,www.example.com,/reference-designs,Reference Designs,Paid Search,tablet,524,349,370,0.6389,0.3742,143.18,4,856.73,2026-07-06,2026-07-27 15:23:56
2026-07-08|www.example.com|/case-studies|Organic Search|tablet,2026-07-08,www.example.com,/case-studies,Case Studies,Organic Search,tablet,216,81,97,0.6872,0.3935,120.3,26,804.86,2026-07-06,2026-07-27 15:23:56
2026-07-08|www.example.com|/case-studies|Direct|mobile,2026-07-08,www.example.com,/case-studies,Case Studies,Direct,mobile,296,218,284,0.6037,0.3907,51.73,26,1092.37,2026-07-06,2026-07-27 15:23:56
2026-07-08|www.example.com|/case-studies|Referral|tablet,2026-07-08,www.example.com,/case-studies,Case Studies,Referral,tablet,412,270,297,0.7505,0.2383,51.29,4,425.77,2026-07-06,2026-07-27 15:23:56
2026-07-08|www.example.com|/case-studies|Paid Search|mobile,2026-07-08,www.example.com,/case-studies,Case Studies,Paid Search,mobile,371,177,236,0.7627,0.3912,68.39,2,350.85,2026-07-06,2026-07-27 15:23:56
2026-07-08|www.example.com|/contact|Organic Search|tablet,2026-07-08,www.example.com,/contact,Contact,Organic Search,tablet,1168,537,698,0.626,0.3858,56.04,18,215.87,2026-07-06,2026-07-27 15:23:56
2026-07-08|www.example.com|/contact|Direct|desktop,2026-07-08,www.example.com,/contact,Contact,Direct,desktop,731,502,640,0.4768,0.533,120.5,8,911.58,2026-07-06,2026-07-27 15:23:56
2026-07-08|www.example.com|/contact|Referral|tablet,2026-07-08,www.example.com,/contact,Contact,Referral,tablet,893,533,566,0.63,0.4318,70.32,7,1126.56,2026-07-06,2026-07-27 15:23:56
2026-07-08|www.example.com|/contact|Paid Search|desktop,2026-07-08,www.example.com,/contact,Contact,Paid Search,desktop,871,408,440,0.5022,0.3572,87.7,10,849.32,2026-07-06,2026-07-27 15:23:56
2026-07-09|www.example.com|/|Organic Search|mobile,2026-07-09,www.example.com,/,Home,Organic Search,mobile,680,472,555,0.7719,0.2632,77.65,17,148.66,2026-07-06,2026-07-27 15:23:56
2026-07-09|www.example.com|/|Direct|desktop,2026-07-09,www.example.com,/,Home,Direct,desktop,535,287,332,0.4965,0.2367,139.16,27,861.53,2026-07-06,2026-07-27 15:23:56
2026-07-09|www.example.com|/|Referral|mobile,2026-07-09,www.example.com,/,Home,Referral,mobile,548,402,567,0.7581,0.458,58.31,5,697.57,2026-07-06,2026-07-27 15:23:56
2026-07-09|www.example.com|/|Paid Search|mobile,2026-07-09,www.example.com,/,Home,Paid Search,mobile,1094,587,822,0.4576,0.5319,92.08,7,301.2,2026-07-06,2026-07-27 15:23:56
2026-07-09|www.example.com|/category/solutions|Organic Search|tablet,2026-07-09,www.example.com,/category/solutions,Solutions,Organic Search,tablet,762,281,326,0.7412,0.4359,88.35,17,11.45,2026-07-06,2026-07-27 15:23:56
2026-07-09|www.example.com|/category/solutions|Direct|tablet,2026-07-09,www.example.com,/category/solutions,Solutions,Direct,tablet,260,135,189,0.5707,0.3531,42.84,1,798.39,2026-07-06,2026-07-27 15:23:56
2026-07-09|www.example.com|/category/solutions|Referral|mobile,2026-07-09,www.example.com,/category/solutions,Solutions,Referral,mobile,438,216,251,0.6164,0.4723,67.93,19,952.56,2026-07-06,2026-07-27 15:23:56
2026-07-09|www.example.com|/category/solutions|Paid Search|mobile,2026-07-09,www.example.com,/category/solutions,Solutions,Paid Search,mobile,283,113,123,0.7123,0.3319,138.47,24,201.97,2026-07-06,2026-07-27 15:23:56
2026-07-09|www.example.com|/reference-designs|Organic Search|desktop,2026-07-09,www.example.com,/reference-designs,Reference Designs,Organic Search,desktop,1082,552,588,0.4952,0.3299,88.69,14,208.52,2026-07-06,2026-07-27 15:23:56
2026-07-09|www.example.com|/reference-designs|Direct|mobile,2026-07-09,www.example.com,/reference-designs,Reference Designs,Direct,mobile,1095,444,631,0.5036,0.5469,117.11,9,831.21,2026-07-06,2026-07-27 15:23:56
2026-07-09|www.example.com|/reference-designs|Referral|tablet,2026-07-09,www.example.com,/reference-designs,Reference Designs,Referral,tablet,1078,734,926,0.6358,0.3767,39.78,10,943.33,2026-07-06,2026-07-27 15:23:56
2026-07-09|www.example.com|/reference-designs|Paid Search|tablet,2026-07-09,www.example.com,/reference-designs,Reference Designs,Paid Search,tablet,893,521,713,0.7378,0.4277,101.87,8,1353.9,2026-07-06,2026-07-27 15:23:56
2026-07-09|www.example.com|/case-studies|Organic Search|desktop,2026-07-09,www.example.com,/case-studies,Case Studies,Organic Search,desktop,506,323,414,0.623,0.458,120.88,12,206.89,2026-07-06,2026-07-27 15:23:56
2026-07-09|www.example.com|/case-studies|Direct|desktop,2026-07-09,www.example.com,/case-studies,Case Studies,Direct,desktop,536,194,277,0.513,0.3655,82.81,13,966.7,2026-07-06,2026-07-27 15:23:56
2026-07-09|www.example.com|/case-studies|Referral|mobile,2026-07-09,www.example.com,/case-studies,Case Studies,Referral,mobile,880,484,626,0.738,0.4628,44.66,4,726.16,2026-07-06,2026-07-27 15:23:56
2026-07-09|www.example.com|/case-studies|Paid Search|tablet,2026-07-09,www.example.com,/case-studies,Case Studies,Paid Search,tablet,1188,570,749,0.5744,0.5357,87.18,17,479.26,2026-07-06,2026-07-27 15:23:56
2026-07-09|www.example.com|/contact|Organic Search|tablet,2026-07-09,www.example.com,/contact,Contact,Organic Search,tablet,765,474,662,0.6623,0.4488,103.28,6,1340.27,2026-07-06,2026-07-27 15:23:56
2026-07-09|www.example.com|/contact|Direct|mobile,2026-07-09,www.example.com,/contact,Contact,Direct,mobile,611,350,398,0.7045,0.4526,111.86,15,443.86,2026-07-06,2026-07-27 15:23:56
2026-07-09|www.example.com|/contact|Referral|tablet,2026-07-09,www.example.com,/contact,Contact,Referral,tablet,754,432,615,0.5402,0.2602,110.4,12,1254.06,2026-07-06,2026-07-27 15:23:56
2026-07-09|www.example.com|/contact|Paid Search|desktop,2026-07-09,www.example.com,/contact,Contact,Paid Search,desktop,848,574,821,0.5458,0.3149,114.41,11,1293.61,2026-07-06,2026-07-27 15:23:56
2026-07-10|www.example.com|/|Organic Search|tablet,2026-07-10,www.example.com,/,Home,Organic Search,tablet,565,366,415,0.5395,0.4055,67.06,3,861.95,2026-07-06,2026-07-27 15:23:56
2026-07-10|www.example.com|/|Direct|tablet,2026-07-10,www.example.com,/,Home,Direct,tablet,530,236,311,0.5245,0.2968,48.72,10,1004.3,2026-07-06,2026-07-27 15:23:56
2026-07-10|www.example.com|/|Referral|tablet,2026-07-10,www.example.com,/,Home,Referral,tablet,245,152,167,0.7727,0.2721,107.86,28,1229.76,2026-07-06,2026-07-27 15:23:56
2026-07-10|www.example.com|/|Paid Search|mobile,2026-07-10,www.example.com,/,Home,Paid Search,mobile,1017,620,838,0.556,0.4331,135.15,2,913.22,2026-07-06,2026-07-27 15:23:56
2026-07-10|www.example.com|/category/solutions|Organic Search|desktop,2026-07-10,www.example.com,/category/solutions,Solutions,Organic Search,desktop,515,290,388,0.7514,0.2778,132.4,5,1307.49,2026-07-06,2026-07-27 15:23:56
2026-07-10|www.example.com|/category/solutions|Direct|mobile,2026-07-10,www.example.com,/category/solutions,Solutions,Direct,mobile,114,85,102,0.5115,0.4672,131.34,9,1227.44,2026-07-06,2026-07-27 15:23:56
2026-07-10|www.example.com|/category/solutions|Referral|mobile,2026-07-10,www.example.com,/category/solutions,Solutions,Referral,mobile,58,27,34,0.5439,0.5464,96.13,15,1244.96,2026-07-06,2026-07-27 15:23:56
2026-07-10|www.example.com|/category/solutions|Paid Search|desktop,2026-07-10,www.example.com,/category/solutions,Solutions,Paid Search,desktop,314,216,267,0.7169,0.3291,116.23,20,360.17,2026-07-06,2026-07-27 15:23:56
2026-07-10|www.example.com|/reference-designs|Organic Search|mobile,2026-07-10,www.example.com,/reference-designs,Reference Designs,Organic Search,mobile,421,149,176,0.6374,0.4699,56.78,27,894.22,2026-07-06,2026-07-27 15:23:56
2026-07-10|www.example.com|/reference-designs|Direct|desktop,2026-07-10,www.example.com,/reference-designs,Reference Designs,Direct,desktop,870,592,743,0.5823,0.2515,143.04,15,453.04,2026-07-06,2026-07-27 15:23:56
2026-07-10|www.example.com|/reference-designs|Referral|mobile,2026-07-10,www.example.com,/reference-designs,Reference Designs,Referral,mobile,548,193,232,0.6987,0.5348,70.31,23,802.03,2026-07-06,2026-07-27 15:23:56
2026-07-10|www.example.com|/reference-designs|Paid Search|desktop,2026-07-10,www.example.com,/reference-designs,Reference Designs,Paid Search,desktop,575,351,465,0.6704,0.3736,55.09,21,703.53,2026-07-06,2026-07-27 15:23:56
2026-07-10|www.example.com|/case-studies|Organic Search|mobile,2026-07-10,www.example.com,/case-studies,Case Studies,Organic Search,mobile,676,423,552,0.5713,0.2929,140.44,15,214.46,2026-07-06,2026-07-27 15:23:56
2026-07-10|www.example.com|/case-studies|Direct|mobile,2026-07-10,www.example.com,/case-studies,Case Studies,Direct,mobile,805,415,526,0.6999,0.4847,126.34,24,346.45,2026-07-06,2026-07-27 15:23:56
2026-07-10|www.example.com|/case-studies|Referral|mobile,2026-07-10,www.example.com,/case-studies,Case Studies,Referral,mobile,207,115,145,0.4758,0.4062,44.61,17,1264.04,2026-07-06,2026-07-27 15:23:56
2026-07-10|www.example.com|/case-studies|Paid Search|mobile,2026-07-10,www.example.com,/case-studies,Case Studies,Paid Search,mobile,454,262,290,0.732,0.3658,110.79,22,816.41,2026-07-06,2026-07-27 15:23:56
2026-07-10|www.example.com|/contact|Organic Search|desktop,2026-07-10,www.example.com,/contact,Contact,Organic Search,desktop,226,160,196,0.5996,0.3894,86.88,1,782.32,2026-07-06,2026-07-27 15:23:56
2026-07-10|www.example.com|/contact|Direct|desktop,2026-07-10,www.example.com,/contact,Contact,Direct,desktop,671,428,517,0.6961,0.4108,42.85,11,980.54,2026-07-06,2026-07-27 15:23:56
2026-07-10|www.example.com|/contact|Referral|desktop,2026-07-10,www.example.com,/contact,Contact,Referral,desktop,1148,858,1221,0.7754,0.3758,68.72,5,1076.56,2026-07-06,2026-07-27 15:23:56
2026-07-10|www.example.com|/contact|Paid Search|mobile,2026-07-10,www.example.com,/contact,Contact,Paid Search,mobile,900,449,631,0.737,0.5192,78.19,21,1349.8,2026-07-06,2026-07-27 15:23:56
2026-07-11|www.example.com|/|Organic Search|desktop,2026-07-11,www.example.com,/,Home,Organic Search,desktop,1144,461,642,0.5089,0.3973,94.59,23,1370.21,2026-07-06,2026-07-27 15:23:56
2026-07-11|www.example.com|/|Direct|mobile,2026-07-11,www.example.com,/,Home,Direct,mobile,47,30,43,0.6723,0.3997,94.92,26,321.53,2026-07-06,2026-07-27 15:23:56
2026-07-11|www.example.com|/|Referral|tablet,2026-07-11,www.example.com,/,Home,Referral,tablet,983,480,556,0.7026,0.2306,108.64,19,1072.47,2026-07-06,2026-07-27 15:23:56
2026-07-11|www.example.com|/|Paid Search|tablet,2026-07-11,www.example.com,/,Home,Paid Search,tablet,72,32,34,0.4611,0.4173,113.25,1,342.63,2026-07-06,2026-07-27 15:23:56
2026-07-11|www.example.com|/category/solutions|Organic Search|desktop,2026-07-11,www.example.com,/category/solutions,Solutions,Organic Search,desktop,130,66,75,0.6989,0.4761,52.99,9,327.83,2026-07-06,2026-07-27 15:23:56
2026-07-11|www.example.com|/category/solutions|Direct|mobile,2026-07-11,www.example.com,/category/solutions,Solutions,Direct,mobile,693,402,546,0.5282,0.5092,143.47,16,309.46,2026-07-06,2026-07-27 15:23:56
2026-07-11|www.example.com|/category/solutions|Referral|tablet,2026-07-11,www.example.com,/category/solutions,Solutions,Referral,tablet,655,301,383,0.7403,0.5208,104.98,13,778.19,2026-07-06,2026-07-27 15:23:56
2026-07-11|www.example.com|/category/solutions|Paid Search|tablet,2026-07-11,www.example.com,/category/solutions,Solutions,Paid Search,tablet,136,100,142,0.5758,0.3931,112.5,13,208.9,2026-07-06,2026-07-27 15:23:56
2026-07-11|www.example.com|/reference-designs|Organic Search|desktop,2026-07-11,www.example.com,/reference-designs,Reference Designs,Organic Search,desktop,810,343,433,0.7303,0.3192,113.71,25,648.24,2026-07-06,2026-07-27 15:23:56
2026-07-11|www.example.com|/reference-designs|Direct|tablet,2026-07-11,www.example.com,/reference-designs,Reference Designs,Direct,tablet,158,90,129,0.6249,0.3482,65.28,10,905.39,2026-07-06,2026-07-27 15:23:56
2026-07-11|www.example.com|/reference-designs|Referral|tablet,2026-07-11,www.example.com,/reference-designs,Reference Designs,Referral,tablet,961,661,718,0.7237,0.237,78.36,19,844.09,2026-07-06,2026-07-27 15:23:56
2026-07-11|www.example.com|/reference-designs|Paid Search|tablet,2026-07-11,www.example.com,/reference-designs,Reference Designs,Paid Search,tablet,189,80,108,0.6716,0.2916,60.35,10,424.46,2026-07-06,2026-07-27 15:23:56
2026-07-11|www.example.com|/case-studies|Organic Search|tablet,2026-07-11,www.example.com,/case-studies,Case Studies,Organic Search,tablet,71,30,33,0.4887,0.5499,89.24,7,973.88,2026-07-06,2026-07-27 15:23:56
2026-07-11|www.example.com|/case-studies|Direct|mobile,2026-07-11,www.example.com,/case-studies,Case Studies,Direct,mobile,458,232,265,0.7059,0.3456,95.1,11,431.79,2026-07-06,2026-07-27 15:23:56
2026-07-11|www.example.com|/case-studies|Referral|desktop,2026-07-11,www.example.com,/case-studies,Case Studies,Referral,desktop,776,430,537,0.7149,0.4584,119.49,10,1280.06,2026-07-06,2026-07-27 15:23:56
2026-07-11|www.example.com|/case-studies|Paid Search|desktop,2026-07-11,www.example.com,/case-studies,Case Studies,Paid Search,desktop,799,379,404,0.6946,0.2254,97.2,18,810.8,2026-07-06,2026-07-27 15:23:56
2026-07-11|www.example.com|/contact|Organic Search|desktop,2026-07-11,www.example.com,/contact,Contact,Organic Search,desktop,895,418,471,0.5753,0.495,91.43,20,1320.85,2026-07-06,2026-07-27 15:23:56
2026-07-11|www.example.com|/contact|Direct|tablet,2026-07-11,www.example.com,/contact,Contact,Direct,tablet,731,331,456,0.6618,0.3819,56.0,25,493.05,2026-07-06,2026-07-27 15:23:56
2026-07-11|www.example.com|/contact|Referral|tablet,2026-07-11,www.example.com,/contact,Contact,Referral,tablet,326,208,259,0.7768,0.5359,94.06,26,1185.38,2026-07-06,2026-07-27 15:23:56
2026-07-11|www.example.com|/contact|Paid Search|tablet,2026-07-11,www.example.com,/contact,Contact,Paid Search,tablet,139,91,110,0.5264,0.4534,38.98,16,638.41,2026-07-06,2026-07-27 15:23:56
2026-07-12|www.example.com|/|Organic Search|tablet,2026-07-12,www.example.com,/,Home,Organic Search,tablet,163,97,127,0.7512,0.4376,39.68,17,772.3,2026-07-06,2026-07-27 15:23:56
2026-07-12|www.example.com|/|Direct|tablet,2026-07-12,www.example.com,/,Home,Direct,tablet,64,22,29,0.7726,0.2257,125.01,21,602.8,2026-07-06,2026-07-27 15:23:56
2026-07-12|www.example.com|/|Referral|desktop,2026-07-12,www.example.com,/,Home,Referral,desktop,407,159,173,0.5295,0.4245,65.01,11,374.25,2026-07-06,2026-07-27 15:23:56
2026-07-12|www.example.com|/|Paid Search|mobile,2026-07-12,www.example.com,/,Home,Paid Search,mobile,852,325,465,0.6365,0.5468,62.17,21,1159.29,2026-07-06,2026-07-27 15:23:56
2026-07-12|www.example.com|/category/solutions|Organic Search|desktop,2026-07-12,www.example.com,/category/solutions,Solutions,Organic Search,desktop,205,125,174,0.4809,0.3452,97.14,1,891.45,2026-07-06,2026-07-27 15:23:56
2026-07-12|www.example.com|/category/solutions|Direct|tablet,2026-07-12,www.example.com,/category/solutions,Solutions,Direct,tablet,390,149,206,0.7088,0.4067,129.8,3,1252.71,2026-07-06,2026-07-27 15:23:56
2026-07-12|www.example.com|/category/solutions|Referral|tablet,2026-07-12,www.example.com,/category/solutions,Solutions,Referral,tablet,127,56,78,0.7429,0.3769,42.98,2,958.2,2026-07-06,2026-07-27 15:23:56
2026-07-12|www.example.com|/category/solutions|Paid Search|desktop,2026-07-12,www.example.com,/category/solutions,Solutions,Paid Search,desktop,614,435,554,0.5092,0.5006,39.68,6,821.85,2026-07-06,2026-07-27 15:23:56
2026-07-12|www.example.com|/reference-designs|Organic Search|tablet,2026-07-12,www.example.com,/reference-designs,Reference Designs,Organic Search,tablet,855,616,720,0.5294,0.4954,79.64,28,756.79,2026-07-06,2026-07-27 15:23:56
2026-07-12|www.example.com|/reference-designs|Direct|tablet,2026-07-12,www.example.com,/reference-designs,Reference Designs,Direct,tablet,826,538,595,0.689,0.3853,142.25,1,136.76,2026-07-06,2026-07-27 15:23:56
2026-07-12|www.example.com|/reference-designs|Referral|tablet,2026-07-12,www.example.com,/reference-designs,Reference Designs,Referral,tablet,515,353,418,0.7651,0.3509,120.77,0,887.77,2026-07-06,2026-07-27 15:23:56
2026-07-12|www.example.com|/reference-designs|Paid Search|mobile,2026-07-12,www.example.com,/reference-designs,Reference Designs,Paid Search,mobile,962,525,625,0.5925,0.4443,108.69,2,1081.03,2026-07-06,2026-07-27 15:23:56
2026-07-12|www.example.com|/case-studies|Organic Search|desktop,2026-07-12,www.example.com,/case-studies,Case Studies,Organic Search,desktop,644,430,574,0.5384,0.3454,121.88,4,1035.52,2026-07-06,2026-07-27 15:23:56
2026-07-12|www.example.com|/case-studies|Direct|mobile,2026-07-12,www.example.com,/case-studies,Case Studies,Direct,mobile,688,340,369,0.5968,0.4712,48.94,2,262.35,2026-07-06,2026-07-27 15:23:56
2026-07-12|www.example.com|/case-studies|Referral|desktop,2026-07-12,www.example.com,/case-studies,Case Studies,Referral,desktop,959,549,688,0.4587,0.3368,47.96,19,1098.21,2026-07-06,2026-07-27 15:23:56
2026-07-12|www.example.com|/case-studies|Paid Search|desktop,2026-07-12,www.example.com,/case-studies,Case Studies,Paid Search,desktop,828,293,356,0.6892,0.4046,144.22,7,800.74,2026-07-06,2026-07-27 15:23:56
2026-07-12|www.example.com|/contact|Organic Search|mobile,2026-07-12,www.example.com,/contact,Contact,Organic Search,mobile,387,241,269,0.5494,0.3827,44.77,13,386.35,2026-07-06,2026-07-27 15:23:56
2026-07-12|www.example.com|/contact|Direct|mobile,2026-07-12,www.example.com,/contact,Contact,Direct,mobile,653,355,383,0.7616,0.4579,91.05,19,273.77,2026-07-06,2026-07-27 15:23:56
2026-07-12|www.example.com|/contact|Referral|mobile,2026-07-12,www.example.com,/contact,Contact,Referral,mobile,259,104,109,0.5596,0.4247,124.04,10,616.31,2026-07-06,2026-07-27 15:23:56
2026-07-12|www.example.com|/contact|Paid Search|tablet,2026-07-12,www.example.com,/contact,Contact,Paid Search,tablet,921,622,866,0.4949,0.3258,139.36,6,670.61,2026-07-06,2026-07-27 15:23:56
2026-07-13|www.example.com|/|Organic Search|mobile,2026-07-13,www.example.com,/,Home,Organic Search,mobile,403,296,425,0.6925,0.4289,141.55,25,339.39,2026-07-13,2026-07-27 15:23:56
2026-07-13|www.example.com|/|Direct|mobile,2026-07-13,www.example.com,/,Home,Direct,mobile,810,374,510,0.4876,0.4061,101.37,17,251.9,2026-07-13,2026-07-27 15:23:56
2026-07-13|www.example.com|/|Referral|tablet,2026-07-13,www.example.com,/,Home,Referral,tablet,1166,420,563,0.5192,0.4832,126.95,2,1146.55,2026-07-13,2026-07-27 15:23:56
2026-07-13|www.example.com|/|Paid Search|mobile,2026-07-13,www.example.com,/,Home,Paid Search,mobile,877,543,600,0.5299,0.4374,114.53,25,527.79,2026-07-13,2026-07-27 15:23:56
2026-07-13|www.example.com|/category/solutions|Organic Search|mobile,2026-07-13,www.example.com,/category/solutions,Solutions,Organic Search,mobile,959,715,887,0.6263,0.5248,131.05,13,761.1,2026-07-13,2026-07-27 15:23:56
2026-07-13|www.example.com|/category/solutions|Direct|tablet,2026-07-13,www.example.com,/category/solutions,Solutions,Direct,tablet,776,489,672,0.6606,0.248,120.28,21,930.57,2026-07-13,2026-07-27 15:23:56
2026-07-13|www.example.com|/category/solutions|Referral|tablet,2026-07-13,www.example.com,/category/solutions,Solutions,Referral,tablet,380,231,246,0.6736,0.3519,118.54,25,602.64,2026-07-13,2026-07-27 15:23:56
2026-07-13|www.example.com|/category/solutions|Paid Search|tablet,2026-07-13,www.example.com,/category/solutions,Solutions,Paid Search,tablet,61,23,26,0.6212,0.4116,99.55,14,523.77,2026-07-13,2026-07-27 15:23:56
2026-07-13|www.example.com|/reference-designs|Organic Search|tablet,2026-07-13,www.example.com,/reference-designs,Reference Designs,Organic Search,tablet,988,651,836,0.4997,0.5492,89.66,9,582.37,2026-07-13,2026-07-27 15:23:56
2026-07-13|www.example.com|/reference-designs|Direct|desktop,2026-07-13,www.example.com,/reference-designs,Reference Designs,Direct,desktop,215,85,121,0.5649,0.3332,121.92,16,676.1,2026-07-13,2026-07-27 15:23:56
2026-07-13|www.example.com|/reference-designs|Referral|mobile,2026-07-13,www.example.com,/reference-designs,Reference Designs,Referral,mobile,1015,394,527,0.5552,0.3191,124.69,3,31.62,2026-07-13,2026-07-27 15:23:56
2026-07-13|www.example.com|/reference-designs|Paid Search|desktop,2026-07-13,www.example.com,/reference-designs,Reference Designs,Paid Search,desktop,742,452,597,0.7569,0.4644,93.21,17,224.19,2026-07-13,2026-07-27 15:23:56
2026-07-13|www.example.com|/case-studies|Organic Search|mobile,2026-07-13,www.example.com,/case-studies,Case Studies,Organic Search,mobile,1186,617,761,0.6578,0.2815,108.33,12,40.87,2026-07-13,2026-07-27 15:23:56
2026-07-13|www.example.com|/case-studies|Direct|desktop,2026-07-13,www.example.com,/case-studies,Case Studies,Direct,desktop,444,235,287,0.6826,0.2879,118.5,25,1114.41,2026-07-13,2026-07-27 15:23:56
2026-07-13|www.example.com|/case-studies|Referral|mobile,2026-07-13,www.example.com,/case-studies,Case Studies,Referral,mobile,248,166,209,0.5576,0.371,66.07,27,685.28,2026-07-13,2026-07-27 15:23:56
2026-07-13|www.example.com|/case-studies|Paid Search|tablet,2026-07-13,www.example.com,/case-studies,Case Studies,Paid Search,tablet,681,400,517,0.4877,0.3362,86.99,5,1139.23,2026-07-13,2026-07-27 15:23:56
2026-07-13|www.example.com|/contact|Organic Search|tablet,2026-07-13,www.example.com,/contact,Contact,Organic Search,tablet,649,465,598,0.4942,0.2589,70.68,5,522.63,2026-07-13,2026-07-27 15:23:56
2026-07-13|www.example.com|/contact|Direct|desktop,2026-07-13,www.example.com,/contact,Contact,Direct,desktop,329,182,221,0.6397,0.3596,90.07,17,970.81,2026-07-13,2026-07-27 15:23:56
2026-07-13|www.example.com|/contact|Referral|desktop,2026-07-13,www.example.com,/contact,Contact,Referral,desktop,394,225,280,0.5117,0.4979,104.28,27,502.65,2026-07-13,2026-07-27 15:23:56
2026-07-13|www.example.com|/contact|Paid Search|mobile,2026-07-13,www.example.com,/contact,Contact,Paid Search,mobile,59,32,36,0.7681,0.3868,90.96,21,688.42,2026-07-13,2026-07-27 15:23:56
2026-07-14|www.example.com|/|Organic Search|desktop,2026-07-14,www.example.com,/,Home,Organic Search,desktop,949,517,559,0.7126,0.2928,41.5,7,752.65,2026-07-13,2026-07-27 15:23:56
2026-07-14|www.example.com|/|Direct|mobile,2026-07-14,www.example.com,/,Home,Direct,mobile,384,254,324,0.6314,0.2574,50.22,24,760.35,2026-07-13,2026-07-27 15:23:56
2026-07-14|www.example.com|/|Referral|tablet,2026-07-14,www.example.com,/,Home,Referral,tablet,791,448,606,0.5957,0.2921,83.49,23,1162.1,2026-07-13,2026-07-27 15:23:56
2026-07-14|www.example.com|/|Paid Search|mobile,2026-07-14,www.example.com,/,Home,Paid Search,mobile,546,256,371,0.5367,0.5045,47.31,27,1391.54,2026-07-13,2026-07-27 15:23:56
2026-07-14|www.example.com|/category/solutions|Organic Search|tablet,2026-07-14,www.example.com,/category/solutions,Solutions,Organic Search,tablet,525,227,305,0.5657,0.4545,105.71,5,862.61,2026-07-13,2026-07-27 15:23:56
2026-07-14|www.example.com|/category/solutions|Direct|tablet,2026-07-14,www.example.com,/category/solutions,Solutions,Direct,tablet,463,312,428,0.5658,0.3128,95.65,10,1370.6,2026-07-13,2026-07-27 15:23:56
2026-07-14|www.example.com|/category/solutions|Referral|tablet,2026-07-14,www.example.com,/category/solutions,Solutions,Referral,tablet,639,297,343,0.7752,0.4442,48.19,24,1099.97,2026-07-13,2026-07-27 15:23:56
2026-07-14|www.example.com|/category/solutions|Paid Search|desktop,2026-07-14,www.example.com,/category/solutions,Solutions,Paid Search,desktop,161,120,167,0.6815,0.2638,53.65,10,1159.87,2026-07-13,2026-07-27 15:23:56
2026-07-14|www.example.com|/reference-designs|Organic Search|mobile,2026-07-14,www.example.com,/reference-designs,Reference Designs,Organic Search,mobile,844,460,589,0.6572,0.3438,46.08,25,1232.18,2026-07-13,2026-07-27 15:23:56
2026-07-14|www.example.com|/reference-designs|Direct|tablet,2026-07-14,www.example.com,/reference-designs,Reference Designs,Direct,tablet,230,117,157,0.759,0.3418,139.68,10,814.74,2026-07-13,2026-07-27 15:23:56
2026-07-14|www.example.com|/reference-designs|Referral|tablet,2026-07-14,www.example.com,/reference-designs,Reference Designs,Referral,tablet,230,147,181,0.6801,0.5005,123.14,12,304.96,2026-07-13,2026-07-27 15:23:56
2026-07-14|www.example.com|/reference-designs|Paid Search|mobile,2026-07-14,www.example.com,/reference-designs,Reference Designs,Paid Search,mobile,919,624,778,0.7234,0.3315,99.84,18,1193.39,2026-07-13,2026-07-27 15:23:56
2026-07-14|www.example.com|/case-studies|Organic Search|desktop,2026-07-14,www.example.com,/case-studies,Case Studies,Organic Search,desktop,743,525,711,0.4829,0.4787,87.18,3,1301.21,2026-07-13,2026-07-27 15:23:56
2026-07-14|www.example.com|/case-studies|Direct|mobile,2026-07-14,www.example.com,/case-studies,Case Studies,Direct,mobile,363,191,200,0.5168,0.4472,52.11,20,422.61,2026-07-13,2026-07-27 15:23:56
2026-07-14|www.example.com|/case-studies|Referral|desktop,2026-07-14,www.example.com,/case-studies,Case Studies,Referral,desktop,601,232,277,0.5727,0.5183,55.71,12,875.85,2026-07-13,2026-07-27 15:23:56
2026-07-14|www.example.com|/case-studies|Paid Search|desktop,2026-07-14,www.example.com,/case-studies,Case Studies,Paid Search,desktop,519,270,293,0.4504,0.3773,52.2,7,727.22,2026-07-13,2026-07-27 15:23:56
2026-07-14|www.example.com|/contact|Organic Search|desktop,2026-07-14,www.example.com,/contact,Contact,Organic Search,desktop,951,336,446,0.7761,0.3594,52.14,2,320.53,2026-07-13,2026-07-27 15:23:56
2026-07-14|www.example.com|/contact|Direct|mobile,2026-07-14,www.example.com,/contact,Contact,Direct,mobile,222,142,154,0.5713,0.3188,78.95,26,1054.42,2026-07-13,2026-07-27 15:23:56
2026-07-14|www.example.com|/contact|Referral|desktop,2026-07-14,www.example.com,/contact,Contact,Referral,desktop,312,189,249,0.6251,0.2228,107.55,14,491.66,2026-07-13,2026-07-27 15:23:56
2026-07-14|www.example.com|/contact|Paid Search|mobile,2026-07-14,www.example.com,/contact,Contact,Paid Search,mobile,476,286,317,0.6533,0.366,61.25,28,140.65,2026-07-13,2026-07-27 15:23:56
2026-07-15|www.example.com|/|Organic Search|mobile,2026-07-15,www.example.com,/,Home,Organic Search,mobile,292,171,205,0.5538,0.2661,67.64,2,347.43,2026-07-13,2026-07-27 15:23:56
2026-07-15|www.example.com|/|Direct|tablet,2026-07-15,www.example.com,/,Home,Direct,tablet,623,412,546,0.739,0.2878,102.94,6,1046.98,2026-07-13,2026-07-27 15:23:56
2026-07-15|www.example.com|/|Referral|desktop,2026-07-15,www.example.com,/,Home,Referral,desktop,645,392,534,0.6133,0.2572,91.46,19,99.42,2026-07-13,2026-07-27 15:23:56
2026-07-15|www.example.com|/|Paid Search|desktop,2026-07-15,www.example.com,/,Home,Paid Search,desktop,64,47,66,0.5777,0.4969,83.03,17,956.12,2026-07-13,2026-07-27 15:23:56
2026-07-15|www.example.com|/category/solutions|Organic Search|desktop,2026-07-15,www.example.com,/category/solutions,Solutions,Organic Search,desktop,1004,734,996,0.6438,0.2246,61.08,1,1328.15,2026-07-13,2026-07-27 15:23:56
2026-07-15|www.example.com|/category/solutions|Direct|tablet,2026-07-15,www.example.com,/category/solutions,Solutions,Direct,tablet,855,472,614,0.7031,0.3598,81.04,20,751.19,2026-07-13,2026-07-27 15:23:56
2026-07-15|www.example.com|/category/solutions|Referral|tablet,2026-07-15,www.example.com,/category/solutions,Solutions,Referral,tablet,352,162,190,0.7539,0.5415,54.63,10,547.02,2026-07-13,2026-07-27 15:23:56
2026-07-15|www.example.com|/category/solutions|Paid Search|desktop,2026-07-15,www.example.com,/category/solutions,Solutions,Paid Search,desktop,175,82,100,0.4691,0.2485,84.49,14,857.22,2026-07-13,2026-07-27 15:23:56
2026-07-15|www.example.com|/reference-designs|Organic Search|tablet,2026-07-15,www.example.com,/reference-designs,Reference Designs,Organic Search,tablet,152,72,96,0.508,0.2242,52.68,0,229.37,2026-07-13,2026-07-27 15:23:56
2026-07-15|www.example.com|/reference-designs|Direct|tablet,2026-07-15,www.example.com,/reference-designs,Reference Designs,Direct,tablet,750,419,571,0.5356,0.3427,118.23,27,376.27,2026-07-13,2026-07-27 15:23:56
2026-07-15|www.example.com|/reference-designs|Referral|mobile,2026-07-15,www.example.com,/reference-designs,Reference Designs,Referral,mobile,281,185,196,0.5398,0.2411,114.22,18,878.55,2026-07-13,2026-07-27 15:23:56
2026-07-15|www.example.com|/reference-designs|Paid Search|mobile,2026-07-15,www.example.com,/reference-designs,Reference Designs,Paid Search,mobile,1056,561,669,0.7336,0.2751,54.83,24,144.07,2026-07-13,2026-07-27 15:23:56
2026-07-15|www.example.com|/case-studies|Organic Search|desktop,2026-07-15,www.example.com,/case-studies,Case Studies,Organic Search,desktop,276,121,151,0.7334,0.2241,42.92,11,536.17,2026-07-13,2026-07-27 15:23:56
2026-07-15|www.example.com|/case-studies|Direct|desktop,2026-07-15,www.example.com,/case-studies,Case Studies,Direct,desktop,347,146,209,0.6324,0.5216,117.25,13,314.32,2026-07-13,2026-07-27 15:23:56
2026-07-15|www.example.com|/case-studies|Referral|mobile,2026-07-15,www.example.com,/case-studies,Case Studies,Referral,mobile,548,283,378,0.7226,0.4086,50.78,21,1262.72,2026-07-13,2026-07-27 15:23:56
2026-07-15|www.example.com|/case-studies|Paid Search|desktop,2026-07-15,www.example.com,/case-studies,Case Studies,Paid Search,desktop,407,178,223,0.7648,0.2427,87.77,9,1082.94,2026-07-13,2026-07-27 15:23:56
2026-07-15|www.example.com|/contact|Organic Search|desktop,2026-07-15,www.example.com,/contact,Contact,Organic Search,desktop,676,325,413,0.5717,0.3162,121.94,23,871.8,2026-07-13,2026-07-27 15:23:56
2026-07-15|www.example.com|/contact|Direct|desktop,2026-07-15,www.example.com,/contact,Contact,Direct,desktop,990,492,707,0.6917,0.4004,123.17,4,8.93,2026-07-13,2026-07-27 15:23:56
2026-07-15|www.example.com|/contact|Referral|tablet,2026-07-15,www.example.com,/contact,Contact,Referral,tablet,879,316,400,0.7271,0.5095,139.76,0,1062.5,2026-07-13,2026-07-27 15:23:56
2026-07-15|www.example.com|/contact|Paid Search|desktop,2026-07-15,www.example.com,/contact,Contact,Paid Search,desktop,810,558,748,0.5177,0.5444,82.92,1,1361.58,2026-07-13,2026-07-27 15:23:56
2026-07-16|www.example.com|/|Organic Search|desktop,2026-07-16,www.example.com,/,Home,Organic Search,desktop,331,210,228,0.7461,0.3915,112.99,11,641.84,2026-07-13,2026-07-27 15:23:56
2026-07-16|www.example.com|/|Direct|tablet,2026-07-16,www.example.com,/,Home,Direct,tablet,213,124,155,0.7206,0.2447,98.76,13,927.42,2026-07-13,2026-07-27 15:23:56
2026-07-16|www.example.com|/|Referral|mobile,2026-07-16,www.example.com,/,Home,Referral,mobile,307,136,156,0.7556,0.3497,127.01,10,445.28,2026-07-13,2026-07-27 15:23:56
2026-07-16|www.example.com|/|Paid Search|desktop,2026-07-16,www.example.com,/,Home,Paid Search,desktop,596,264,376,0.7074,0.413,54.63,5,629.39,2026-07-13,2026-07-27 15:23:56
2026-07-16|www.example.com|/category/solutions|Organic Search|desktop,2026-07-16,www.example.com,/category/solutions,Solutions,Organic Search,desktop,683,350,442,0.5991,0.3729,129.22,2,220.66,2026-07-13,2026-07-27 15:23:56
2026-07-16|www.example.com|/category/solutions|Direct|desktop,2026-07-16,www.example.com,/category/solutions,Solutions,Direct,desktop,663,451,599,0.521,0.5027,53.87,22,347.51,2026-07-13,2026-07-27 15:23:56
2026-07-16|www.example.com|/category/solutions|Referral|mobile,2026-07-16,www.example.com,/category/solutions,Solutions,Referral,mobile,768,390,417,0.5359,0.5469,41.33,12,1196.44,2026-07-13,2026-07-27 15:23:56
2026-07-16|www.example.com|/category/solutions|Paid Search|mobile,2026-07-16,www.example.com,/category/solutions,Solutions,Paid Search,mobile,1178,764,878,0.4836,0.482,51.0,1,1162.52,2026-07-13,2026-07-27 15:23:56
2026-07-16|www.example.com|/reference-designs|Organic Search|mobile,2026-07-16,www.example.com,/reference-designs,Reference Designs,Organic Search,mobile,495,199,274,0.6765,0.5294,46.99,18,362.35,2026-07-13,2026-07-27 15:23:56
2026-07-16|www.example.com|/reference-designs|Direct|tablet,2026-07-16,www.example.com,/reference-designs,Reference Designs,Direct,tablet,193,69,74,0.5963,0.2625,134.84,26,1132.44,2026-07-13,2026-07-27 15:23:56
2026-07-16|www.example.com|/reference-designs|Referral|desktop,2026-07-16,www.example.com,/reference-designs,Reference Designs,Referral,desktop,290,106,130,0.755,0.3629,115.51,15,41.28,2026-07-13,2026-07-27 15:23:56
2026-07-16|www.example.com|/reference-designs|Paid Search|desktop,2026-07-16,www.example.com,/reference-designs,Reference Designs,Paid Search,desktop,913,382,433,0.5407,0.3672,53.9,19,866.85,2026-07-13,2026-07-27 15:23:56
2026-07-16|www.example.com|/case-studies|Organic Search|tablet,2026-07-16,www.example.com,/case-studies,Case Studies,Organic Search,tablet,543,330,412,0.6081,0.2489,78.98,13,279.24,2026-07-13,2026-07-27 15:23:56
2026-07-16|www.example.com|/case-studies|Direct|tablet,2026-07-16,www.example.com,/case-studies,Case Studies,Direct,tablet,1116,501,725,0.7123,0.5465,121.66,11,671.56,2026-07-13,2026-07-27 15:23:56
2026-07-16|www.example.com|/case-studies|Referral|mobile,2026-07-16,www.example.com,/case-studies,Case Studies,Referral,mobile,1032,503,641,0.5782,0.2793,72.12,7,41.02,2026-07-13,2026-07-27 15:23:56
2026-07-16|www.example.com|/case-studies|Paid Search|tablet,2026-07-16,www.example.com,/case-studies,Case Studies,Paid Search,tablet,615,229,331,0.568,0.4127,62.91,5,140.19,2026-07-13,2026-07-27 15:23:56
2026-07-16|www.example.com|/contact|Organic Search|tablet,2026-07-16,www.example.com,/contact,Contact,Organic Search,tablet,533,243,334,0.4684,0.5488,61.48,27,1375.73,2026-07-13,2026-07-27 15:23:56
2026-07-16|www.example.com|/contact|Direct|desktop,2026-07-16,www.example.com,/contact,Contact,Direct,desktop,835,410,568,0.5081,0.4155,124.26,22,502.3,2026-07-13,2026-07-27 15:23:56
2026-07-16|www.example.com|/contact|Referral|tablet,2026-07-16,www.example.com,/contact,Contact,Referral,tablet,97,61,72,0.636,0.4058,58.14,25,1234.28,2026-07-13,2026-07-27 15:23:56
2026-07-16|www.example.com|/contact|Paid Search|desktop,2026-07-16,www.example.com,/contact,Contact,Paid Search,desktop,1048,594,665,0.4798,0.2968,61.41,16,669.18,2026-07-13,2026-07-27 15:23:56
2026-07-17|www.example.com|/|Organic Search|desktop,2026-07-17,www.example.com,/,Home,Organic Search,desktop,719,515,582,0.5625,0.2786,123.86,27,453.02,2026-07-13,2026-07-27 15:23:56
2026-07-17|www.example.com|/|Direct|desktop,2026-07-17,www.example.com,/,Home,Direct,desktop,84,34,45,0.7055,0.4993,130.09,2,523.03,2026-07-13,2026-07-27 15:23:56
2026-07-17|www.example.com|/|Referral|mobile,2026-07-17,www.example.com,/,Home,Referral,mobile,850,496,587,0.495,0.272,139.51,25,894.97,2026-07-13,2026-07-27 15:23:56
2026-07-17|www.example.com|/|Paid Search|tablet,2026-07-17,www.example.com,/,Home,Paid Search,tablet,1037,632,707,0.6789,0.5265,122.21,7,931.74,2026-07-13,2026-07-27 15:23:56
2026-07-17|www.example.com|/category/solutions|Organic Search|mobile,2026-07-17,www.example.com,/category/solutions,Solutions,Organic Search,mobile,399,200,268,0.492,0.4605,139.52,18,548.24,2026-07-13,2026-07-27 15:23:56
2026-07-17|www.example.com|/category/solutions|Direct|tablet,2026-07-17,www.example.com,/category/solutions,Solutions,Direct,tablet,106,44,51,0.5229,0.4066,138.23,4,463.64,2026-07-13,2026-07-27 15:23:56
2026-07-17|www.example.com|/category/solutions|Referral|desktop,2026-07-17,www.example.com,/category/solutions,Solutions,Referral,desktop,199,88,126,0.6599,0.5378,125.92,21,894.74,2026-07-13,2026-07-27 15:23:56
2026-07-17|www.example.com|/category/solutions|Paid Search|desktop,2026-07-17,www.example.com,/category/solutions,Solutions,Paid Search,desktop,727,384,443,0.6787,0.3357,122.21,23,1.79,2026-07-13,2026-07-27 15:23:56
2026-07-17|www.example.com|/reference-designs|Organic Search|desktop,2026-07-17,www.example.com,/reference-designs,Reference Designs,Organic Search,desktop,830,435,529,0.7419,0.3827,78.52,17,525.49,2026-07-13,2026-07-27 15:23:56
2026-07-17|www.example.com|/reference-designs|Direct|tablet,2026-07-17,www.example.com,/reference-designs,Reference Designs,Direct,tablet,1021,679,869,0.5244,0.3689,123.51,1,412.87,2026-07-13,2026-07-27 15:23:56
2026-07-17|www.example.com|/reference-designs|Referral|mobile,2026-07-17,www.example.com,/reference-designs,Reference Designs,Referral,mobile,692,314,342,0.5061,0.3439,116.32,17,1318.57,2026-07-13,2026-07-27 15:23:56
2026-07-17|www.example.com|/reference-designs|Paid Search|mobile,2026-07-17,www.example.com,/reference-designs,Reference Designs,Paid Search,mobile,230,111,160,0.6825,0.3623,107.94,19,1245.65,2026-07-13,2026-07-27 15:23:56
2026-07-17|www.example.com|/case-studies|Organic Search|desktop,2026-07-17,www.example.com,/case-studies,Case Studies,Organic Search,desktop,361,134,158,0.5851,0.4029,137.04,17,371.37,2026-07-13,2026-07-27 15:23:56
2026-07-17|www.example.com|/case-studies|Direct|mobile,2026-07-17,www.example.com,/case-studies,Case Studies,Direct,mobile,616,288,313,0.6387,0.4972,54.43,11,5.34,2026-07-13,2026-07-27 15:23:56
2026-07-17|www.example.com|/case-studies|Referral|tablet,2026-07-17,www.example.com,/case-studies,Case Studies,Referral,tablet,219,102,134,0.6085,0.252,60.14,20,408.54,2026-07-13,2026-07-27 15:23:56
2026-07-17|www.example.com|/case-studies|Paid Search|mobile,2026-07-17,www.example.com,/case-studies,Case Studies,Paid Search,mobile,207,111,121,0.6054,0.5153,66.36,20,761.78,2026-07-13,2026-07-27 15:23:56
2026-07-17|www.example.com|/contact|Organic Search|desktop,2026-07-17,www.example.com,/contact,Contact,Organic Search,desktop,418,208,250,0.5971,0.3069,87.76,7,1171.91,2026-07-13,2026-07-27 15:23:56
2026-07-17|www.example.com|/contact|Direct|tablet,2026-07-17,www.example.com,/contact,Contact,Direct,tablet,1195,447,603,0.4819,0.4405,124.48,13,1358.99,2026-07-13,2026-07-27 15:23:56
2026-07-17|www.example.com|/contact|Referral|tablet,2026-07-17,www.example.com,/contact,Contact,Referral,tablet,505,288,399,0.5881,0.3967,130.76,15,801.8,2026-07-13,2026-07-27 15:23:56
2026-07-17|www.example.com|/contact|Paid Search|tablet,2026-07-17,www.example.com,/contact,Contact,Paid Search,tablet,522,282,305,0.4615,0.4085,93.3,18,948.55,2026-07-13,2026-07-27 15:23:56
2026-07-18|www.example.com|/|Organic Search|desktop,2026-07-18,www.example.com,/,Home,Organic Search,desktop,341,135,182,0.7632,0.2752,60.67,6,176.66,2026-07-13,2026-07-27 15:23:56
2026-07-18|www.example.com|/|Direct|desktop,2026-07-18,www.example.com,/,Home,Direct,desktop,907,345,456,0.7791,0.427,127.25,8,447.65,2026-07-13,2026-07-27 15:23:56
2026-07-18|www.example.com|/|Referral|tablet,2026-07-18,www.example.com,/,Home,Referral,tablet,177,68,86,0.5576,0.3111,87.02,27,17.31,2026-07-13,2026-07-27 15:23:56
2026-07-18|www.example.com|/|Paid Search|desktop,2026-07-18,www.example.com,/,Home,Paid Search,desktop,1110,735,804,0.4989,0.414,119.15,3,1294.9,2026-07-13,2026-07-27 15:23:56
2026-07-18|www.example.com|/category/solutions|Organic Search|tablet,2026-07-18,www.example.com,/category/solutions,Solutions,Organic Search,tablet,1192,788,1075,0.7404,0.5097,66.26,20,679.82,2026-07-13,2026-07-27 15:23:56
2026-07-18|www.example.com|/category/solutions|Direct|desktop,2026-07-18,www.example.com,/category/solutions,Solutions,Direct,desktop,1008,367,425,0.654,0.4447,80.98,12,1245.4,2026-07-13,2026-07-27 15:23:56
2026-07-18|www.example.com|/category/solutions|Referral|mobile,2026-07-18,www.example.com,/category/solutions,Solutions,Referral,mobile,718,449,480,0.7539,0.516,40.16,26,1111.11,2026-07-13,2026-07-27 15:23:56
2026-07-18|www.example.com|/category/solutions|Paid Search|tablet,2026-07-18,www.example.com,/category/solutions,Solutions,Paid Search,tablet,676,312,388,0.676,0.5409,62.39,9,1363.91,2026-07-13,2026-07-27 15:23:56
2026-07-18|www.example.com|/reference-designs|Organic Search|tablet,2026-07-18,www.example.com,/reference-designs,Reference Designs,Organic Search,tablet,947,624,735,0.5875,0.433,58.11,6,1278.81,2026-07-13,2026-07-27 15:23:56
2026-07-18|www.example.com|/reference-designs|Direct|mobile,2026-07-18,www.example.com,/reference-designs,Reference Designs,Direct,mobile,873,564,763,0.7209,0.39,55.01,9,993.4,2026-07-13,2026-07-27 15:23:56
2026-07-18|www.example.com|/reference-designs|Referral|tablet,2026-07-18,www.example.com,/reference-designs,Reference Designs,Referral,tablet,866,350,486,0.4596,0.2836,127.12,26,80.68,2026-07-13,2026-07-27 15:23:56
2026-07-18|www.example.com|/reference-designs|Paid Search|tablet,2026-07-18,www.example.com,/reference-designs,Reference Designs,Paid Search,tablet,107,56,79,0.5157,0.3416,87.67,12,889.57,2026-07-13,2026-07-27 15:23:56
2026-07-18|www.example.com|/case-studies|Organic Search|mobile,2026-07-18,www.example.com,/case-studies,Case Studies,Organic Search,mobile,293,182,208,0.646,0.2786,131.14,18,771.87,2026-07-13,2026-07-27 15:23:56
2026-07-18|www.example.com|/case-studies|Direct|tablet,2026-07-18,www.example.com,/case-studies,Case Studies,Direct,tablet,745,309,435,0.7242,0.2498,40.94,1,228.07,2026-07-13,2026-07-27 15:23:56
2026-07-18|www.example.com|/case-studies|Referral|tablet,2026-07-18,www.example.com,/case-studies,Case Studies,Referral,tablet,478,331,433,0.5182,0.435,92.92,27,1092.43,2026-07-13,2026-07-27 15:23:56
2026-07-18|www.example.com|/case-studies|Paid Search|desktop,2026-07-18,www.example.com,/case-studies,Case Studies,Paid Search,desktop,58,31,34,0.6484,0.2228,65.01,25,1320.21,2026-07-13,2026-07-27 15:23:56
2026-07-18|www.example.com|/contact|Organic Search|mobile,2026-07-18,www.example.com,/contact,Contact,Organic Search,mobile,603,313,375,0.6015,0.292,70.33,16,1154.04,2026-07-13,2026-07-27 15:23:56
2026-07-18|www.example.com|/contact|Direct|tablet,2026-07-18,www.example.com,/contact,Contact,Direct,tablet,853,497,523,0.7689,0.497,98.08,19,852.67,2026-07-13,2026-07-27 15:23:56
2026-07-18|www.example.com|/contact|Referral|mobile,2026-07-18,www.example.com,/contact,Contact,Referral,mobile,651,406,504,0.7762,0.4314,130.18,8,918.57,2026-07-13,2026-07-27 15:23:56
2026-07-18|www.example.com|/contact|Paid Search|desktop,2026-07-18,www.example.com,/contact,Contact,Paid Search,desktop,651,276,346,0.7469,0.4858,123.85,19,565.74,2026-07-13,2026-07-27 15:23:56
2026-07-19|www.example.com|/|Organic Search|tablet,2026-07-19,www.example.com,/,Home,Organic Search,tablet,694,431,576,0.6141,0.3175,135.04,12,543.58,2026-07-13,2026-07-27 15:23:56
2026-07-19|www.example.com|/|Direct|desktop,2026-07-19,www.example.com,/,Home,Direct,desktop,112,65,94,0.5632,0.4554,111.44,20,1098.86,2026-07-13,2026-07-27 15:23:56
2026-07-19|www.example.com|/|Referral|tablet,2026-07-19,www.example.com,/,Home,Referral,tablet,774,427,592,0.7392,0.2798,48.44,4,1037.29,2026-07-13,2026-07-27 15:23:56
2026-07-19|www.example.com|/|Paid Search|tablet,2026-07-19,www.example.com,/,Home,Paid Search,tablet,1184,775,870,0.7469,0.436,61.78,7,1041.89,2026-07-13,2026-07-27 15:23:56
2026-07-19|www.example.com|/category/solutions|Organic Search|mobile,2026-07-19,www.example.com,/category/solutions,Solutions,Organic Search,mobile,668,346,486,0.536,0.317,129.08,15,75.15,2026-07-13,2026-07-27 15:23:56
2026-07-19|www.example.com|/category/solutions|Direct|desktop,2026-07-19,www.example.com,/category/solutions,Solutions,Direct,desktop,185,99,111,0.7363,0.346,69.92,1,1219.19,2026-07-13,2026-07-27 15:23:56
2026-07-19|www.example.com|/category/solutions|Referral|mobile,2026-07-19,www.example.com,/category/solutions,Solutions,Referral,mobile,348,140,158,0.7758,0.5146,143.57,4,442.94,2026-07-13,2026-07-27 15:23:56
2026-07-19|www.example.com|/category/solutions|Paid Search|tablet,2026-07-19,www.example.com,/category/solutions,Solutions,Paid Search,tablet,409,270,336,0.7756,0.3234,44.21,14,382.94,2026-07-13,2026-07-27 15:23:56
2026-07-19|www.example.com|/reference-designs|Organic Search|desktop,2026-07-19,www.example.com,/reference-designs,Reference Designs,Organic Search,desktop,385,223,248,0.4927,0.3631,83.95,13,1351.46,2026-07-13,2026-07-27 15:23:56
2026-07-19|www.example.com|/reference-designs|Direct|tablet,2026-07-19,www.example.com,/reference-designs,Reference Designs,Direct,tablet,825,290,366,0.5731,0.2246,72.48,26,743.45,2026-07-13,2026-07-27 15:23:56
2026-07-19|www.example.com|/reference-designs|Referral|desktop,2026-07-19,www.example.com,/reference-designs,Reference Designs,Referral,desktop,76,47,61,0.5247,0.5094,71.39,3,536.97,2026-07-13,2026-07-27 15:23:56
2026-07-19|www.example.com|/reference-designs|Paid Search|mobile,2026-07-19,www.example.com,/reference-designs,Reference Designs,Paid Search,mobile,666,277,382,0.763,0.3705,93.67,16,472.97,2026-07-13,2026-07-27 15:23:56
2026-07-19|www.example.com|/case-studies|Organic Search|mobile,2026-07-19,www.example.com,/case-studies,Case Studies,Organic Search,mobile,314,152,214,0.6975,0.2744,135.04,25,564.75,2026-07-13,2026-07-27 15:23:56
2026-07-19|www.example.com|/case-studies|Direct|desktop,2026-07-19,www.example.com,/case-studies,Case Studies,Direct,desktop,507,222,320,0.6922,0.4146,56.08,11,995.55,2026-07-13,2026-07-27 15:23:56
2026-07-19|www.example.com|/case-studies|Referral|tablet,2026-07-19,www.example.com,/case-studies,Case Studies,Referral,tablet,116,58,75,0.6556,0.416,43.13,3,914.99,2026-07-13,2026-07-27 15:23:56
2026-07-19|www.example.com|/case-studies|Paid Search|mobile,2026-07-19,www.example.com,/case-studies,Case Studies,Paid Search,mobile,80,29,31,0.5755,0.4006,88.76,4,287.69,2026-07-13,2026-07-27 15:23:56
2026-07-19|www.example.com|/contact|Organic Search|tablet,2026-07-19,www.example.com,/contact,Contact,Organic Search,tablet,59,27,35,0.6217,0.4255,112.98,13,1162.91,2026-07-13,2026-07-27 15:23:56
2026-07-19|www.example.com|/contact|Direct|mobile,2026-07-19,www.example.com,/contact,Contact,Direct,mobile,254,140,181,0.4876,0.2551,59.26,6,1089.14,2026-07-13,2026-07-27 15:23:56
2026-07-19|www.example.com|/contact|Referral|mobile,2026-07-19,www.example.com,/contact,Contact,Referral,mobile,1111,821,979,0.5475,0.233,91.11,6,963.49,2026-07-13,2026-07-27 15:23:56
2026-07-19|www.example.com|/contact|Paid Search|tablet,2026-07-19,www.example.com,/contact,Contact,Paid Search,tablet,1024,493,518,0.4794,0.2564,99.43,15,208.8,2026-07-13,2026-07-27 15:23:56
2026-07-20|www.example.com|/|Organic Search|tablet,2026-07-20,www.example.com,/,Home,Organic Search,tablet,224,148,159,0.4834,0.3044,62.73,9,369.78,2026-07-20,2026-07-27 15:23:56
2026-07-20|www.example.com|/|Direct|desktop,2026-07-20,www.example.com,/,Home,Direct,desktop,142,55,61,0.7312,0.3389,110.41,13,1033.96,2026-07-20,2026-07-27 15:23:56
2026-07-20|www.example.com|/|Referral|desktop,2026-07-20,www.example.com,/,Home,Referral,desktop,234,161,226,0.7312,0.4389,56.24,11,1252.34,2026-07-20,2026-07-27 15:23:56
2026-07-20|www.example.com|/|Paid Search|mobile,2026-07-20,www.example.com,/,Home,Paid Search,mobile,589,413,449,0.5103,0.3523,140.97,8,1169.99,2026-07-20,2026-07-27 15:23:56
2026-07-20|www.example.com|/category/solutions|Organic Search|desktop,2026-07-20,www.example.com,/category/solutions,Solutions,Organic Search,desktop,1019,682,893,0.4873,0.4497,44.28,27,223.15,2026-07-20,2026-07-27 15:23:56
2026-07-20|www.example.com|/category/solutions|Direct|tablet,2026-07-20,www.example.com,/category/solutions,Solutions,Direct,tablet,892,637,791,0.6739,0.2798,78.63,11,855.9,2026-07-20,2026-07-27 15:23:56
2026-07-20|www.example.com|/category/solutions|Referral|mobile,2026-07-20,www.example.com,/category/solutions,Solutions,Referral,mobile,307,166,206,0.5954,0.2409,108.08,0,986.4,2026-07-20,2026-07-27 15:23:56
2026-07-20|www.example.com|/category/solutions|Paid Search|tablet,2026-07-20,www.example.com,/category/solutions,Solutions,Paid Search,tablet,1114,731,936,0.5239,0.5354,131.43,16,732.34,2026-07-20,2026-07-27 15:23:56
2026-07-20|www.example.com|/reference-designs|Organic Search|mobile,2026-07-20,www.example.com,/reference-designs,Reference Designs,Organic Search,mobile,235,122,163,0.5641,0.4432,79.18,26,1157.01,2026-07-20,2026-07-27 15:23:56
2026-07-20|www.example.com|/reference-designs|Direct|tablet,2026-07-20,www.example.com,/reference-designs,Reference Designs,Direct,tablet,151,53,75,0.7301,0.5011,131.03,2,1052.0,2026-07-20,2026-07-27 15:23:56
2026-07-20|www.example.com|/reference-designs|Referral|desktop,2026-07-20,www.example.com,/reference-designs,Reference Designs,Referral,desktop,696,310,445,0.6173,0.4017,78.51,26,329.0,2026-07-20,2026-07-27 15:23:56
2026-07-20|www.example.com|/reference-designs|Paid Search|desktop,2026-07-20,www.example.com,/reference-designs,Reference Designs,Paid Search,desktop,980,517,661,0.7327,0.3675,50.7,15,1043.33,2026-07-20,2026-07-27 15:23:56
2026-07-20|www.example.com|/case-studies|Organic Search|tablet,2026-07-20,www.example.com,/case-studies,Case Studies,Organic Search,tablet,76,29,35,0.6312,0.4925,122.72,19,892.55,2026-07-20,2026-07-27 15:23:56
2026-07-20|www.example.com|/case-studies|Direct|mobile,2026-07-20,www.example.com,/case-studies,Case Studies,Direct,mobile,1081,621,814,0.7636,0.3399,43.81,7,1182.04,2026-07-20,2026-07-27 15:23:56
2026-07-20|www.example.com|/case-studies|Referral|mobile,2026-07-20,www.example.com,/case-studies,Case Studies,Referral,mobile,719,412,534,0.6865,0.3399,86.42,3,1063.05,2026-07-20,2026-07-27 15:23:56
2026-07-20|www.example.com|/case-studies|Paid Search|tablet,2026-07-20,www.example.com,/case-studies,Case Studies,Paid Search,tablet,494,173,206,0.7683,0.3164,93.85,22,148.85,2026-07-20,2026-07-27 15:23:56
2026-07-20|www.example.com|/contact|Organic Search|tablet,2026-07-20,www.example.com,/contact,Contact,Organic Search,tablet,376,205,282,0.6881,0.2553,103.36,6,169.04,2026-07-20,2026-07-27 15:23:56
2026-07-20|www.example.com|/contact|Direct|desktop,2026-07-20,www.example.com,/contact,Contact,Direct,desktop,844,368,507,0.6865,0.2556,82.35,20,1172.45,2026-07-20,2026-07-27 15:23:56
2026-07-20|www.example.com|/contact|Referral|tablet,2026-07-20,www.example.com,/contact,Contact,Referral,tablet,292,192,236,0.6445,0.3864,141.13,0,742.51,2026-07-20,2026-07-27 15:23:56
2026-07-20|www.example.com|/contact|Paid Search|tablet,2026-07-20,www.example.com,/contact,Contact,Paid Search,tablet,139,79,96,0.6094,0.3877,136.56,5,968.54,2026-07-20,2026-07-27 15:23:56
2026-07-21|www.example.com|/|Organic Search|mobile,2026-07-21,www.example.com,/,Home,Organic Search,mobile,395,253,278,0.667,0.42,72.44,28,538.53,2026-07-20,2026-07-27 15:23:56
2026-07-21|www.example.com|/|Direct|mobile,2026-07-21,www.example.com,/,Home,Direct,mobile,548,251,360,0.5994,0.264,82.16,22,1241.01,2026-07-20,2026-07-27 15:23:56
2026-07-21|www.example.com|/|Referral|mobile,2026-07-21,www.example.com,/,Home,Referral,mobile,1089,511,679,0.6849,0.5287,105.69,6,293.6,2026-07-20,2026-07-27 15:23:56
2026-07-21|www.example.com|/|Paid Search|desktop,2026-07-21,www.example.com,/,Home,Paid Search,desktop,635,396,561,0.7738,0.4345,140.54,16,759.49,2026-07-20,2026-07-27 15:23:56
2026-07-21|www.example.com|/category/solutions|Organic Search|tablet,2026-07-21,www.example.com,/category/solutions,Solutions,Organic Search,tablet,700,443,599,0.6085,0.4083,109.39,13,943.94,2026-07-20,2026-07-27 15:23:56
2026-07-21|www.example.com|/category/solutions|Direct|desktop,2026-07-21,www.example.com,/category/solutions,Solutions,Direct,desktop,1133,526,730,0.6225,0.2283,53.55,21,79.25,2026-07-20,2026-07-27 15:23:56
2026-07-21|www.example.com|/category/solutions|Referral|mobile,2026-07-21,www.example.com,/category/solutions,Solutions,Referral,mobile,586,380,423,0.6755,0.2683,44.64,25,413.2,2026-07-20,2026-07-27 15:23:56
2026-07-21|www.example.com|/category/solutions|Paid Search|desktop,2026-07-21,www.example.com,/category/solutions,Solutions,Paid Search,desktop,1148,416,572,0.6533,0.4429,98.12,7,1039.38,2026-07-20,2026-07-27 15:23:56
2026-07-21|www.example.com|/reference-designs|Organic Search|tablet,2026-07-21,www.example.com,/reference-designs,Reference Designs,Organic Search,tablet,1189,601,753,0.5449,0.4393,137.13,12,583.19,2026-07-20,2026-07-27 15:23:56
2026-07-21|www.example.com|/reference-designs|Direct|tablet,2026-07-21,www.example.com,/reference-designs,Reference Designs,Direct,tablet,680,500,535,0.5329,0.4248,121.56,27,620.29,2026-07-20,2026-07-27 15:23:56
2026-07-21|www.example.com|/reference-designs|Referral|tablet,2026-07-21,www.example.com,/reference-designs,Reference Designs,Referral,tablet,501,358,476,0.5714,0.4142,117.01,6,1086.61,2026-07-20,2026-07-27 15:23:56
2026-07-21|www.example.com|/reference-designs|Paid Search|tablet,2026-07-21,www.example.com,/reference-designs,Reference Designs,Paid Search,tablet,436,203,227,0.4746,0.5376,116.65,3,528.08,2026-07-20,2026-07-27 15:23:56
2026-07-21|www.example.com|/case-studies|Organic Search|desktop,2026-07-21,www.example.com,/case-studies,Case Studies,Organic Search,desktop,917,423,488,0.6427,0.3042,73.37,22,1312.49,2026-07-20,2026-07-27 15:23:56
2026-07-21|www.example.com|/case-studies|Direct|desktop,2026-07-21,www.example.com,/case-studies,Case Studies,Direct,desktop,121,49,57,0.7053,0.4264,128.22,9,686.77,2026-07-20,2026-07-27 15:23:56
2026-07-21|www.example.com|/case-studies|Referral|mobile,2026-07-21,www.example.com,/case-studies,Case Studies,Referral,mobile,1166,575,784,0.6234,0.5358,93.7,25,707.2,2026-07-20,2026-07-27 15:23:56
2026-07-21|www.example.com|/case-studies|Paid Search|mobile,2026-07-21,www.example.com,/case-studies,Case Studies,Paid Search,mobile,891,505,611,0.523,0.2904,73.51,11,411.0,2026-07-20,2026-07-27 15:23:56
2026-07-21|www.example.com|/contact|Organic Search|tablet,2026-07-21,www.example.com,/contact,Contact,Organic Search,tablet,1126,607,773,0.4529,0.4407,85.69,28,899.17,2026-07-20,2026-07-27 15:23:56
2026-07-21|www.example.com|/contact|Direct|mobile,2026-07-21,www.example.com,/contact,Contact,Direct,mobile,539,395,522,0.5759,0.4827,50.13,8,756.33,2026-07-20,2026-07-27 15:23:56
2026-07-21|www.example.com|/contact|Referral|mobile,2026-07-21,www.example.com,/contact,Contact,Referral,mobile,619,222,278,0.6197,0.3879,90.09,9,1257.59,2026-07-20,2026-07-27 15:23:56
2026-07-21|www.example.com|/contact|Paid Search|desktop,2026-07-21,www.example.com,/contact,Contact,Paid Search,desktop,434,207,224,0.5052,0.5356,95.56,0,877.71,2026-07-20,2026-07-27 15:23:56
2026-07-22|www.example.com|/|Organic Search|tablet,2026-07-22,www.example.com,/,Home,Organic Search,tablet,471,291,395,0.59,0.2543,95.54,22,1230.09,2026-07-20,2026-07-27 15:23:56
2026-07-22|www.example.com|/|Direct|tablet,2026-07-22,www.example.com,/,Home,Direct,tablet,931,566,807,0.6764,0.2278,114.7,1,122.53,2026-07-20,2026-07-27 15:23:56
2026-07-22|www.example.com|/|Referral|desktop,2026-07-22,www.example.com,/,Home,Referral,desktop,151,63,72,0.6397,0.2951,65.68,12,631.58,2026-07-20,2026-07-27 15:23:56
2026-07-22|www.example.com|/|Paid Search|tablet,2026-07-22,www.example.com,/,Home,Paid Search,tablet,868,454,479,0.489,0.2219,115.07,2,1058.34,2026-07-20,2026-07-27 15:23:56
2026-07-22|www.example.com|/category/solutions|Organic Search|tablet,2026-07-22,www.example.com,/category/solutions,Solutions,Organic Search,tablet,133,83,89,0.485,0.4797,70.24,2,394.12,2026-07-20,2026-07-27 15:23:56
2026-07-22|www.example.com|/category/solutions|Direct|desktop,2026-07-22,www.example.com,/category/solutions,Solutions,Direct,desktop,936,470,648,0.6064,0.396,52.59,12,1115.48,2026-07-20,2026-07-27 15:23:56
2026-07-22|www.example.com|/category/solutions|Referral|mobile,2026-07-22,www.example.com,/category/solutions,Solutions,Referral,mobile,1157,541,705,0.6735,0.5217,123.07,23,907.12,2026-07-20,2026-07-27 15:23:56
2026-07-22|www.example.com|/category/solutions|Paid Search|desktop,2026-07-22,www.example.com,/category/solutions,Solutions,Paid Search,desktop,62,35,44,0.4638,0.409,80.17,17,1325.77,2026-07-20,2026-07-27 15:23:56
2026-07-22|www.example.com|/reference-designs|Organic Search|tablet,2026-07-22,www.example.com,/reference-designs,Reference Designs,Organic Search,tablet,664,288,387,0.5635,0.3562,107.11,16,199.44,2026-07-20,2026-07-27 15:23:56
2026-07-22|www.example.com|/reference-designs|Direct|desktop,2026-07-22,www.example.com,/reference-designs,Reference Designs,Direct,desktop,416,182,251,0.4878,0.4414,98.7,1,1191.94,2026-07-20,2026-07-27 15:23:56
2026-07-22|www.example.com|/reference-designs|Referral|mobile,2026-07-22,www.example.com,/reference-designs,Reference Designs,Referral,mobile,1164,622,789,0.6717,0.3027,59.12,18,682.07,2026-07-20,2026-07-27 15:23:56
2026-07-22|www.example.com|/reference-designs|Paid Search|desktop,2026-07-22,www.example.com,/reference-designs,Reference Designs,Paid Search,desktop,717,353,465,0.483,0.4244,134.31,10,680.21,2026-07-20,2026-07-27 15:23:56
2026-07-22|www.example.com|/case-studies|Organic Search|tablet,2026-07-22,www.example.com,/case-studies,Case Studies,Organic Search,tablet,712,424,497,0.5003,0.4071,124.42,13,236.1,2026-07-20,2026-07-27 15:23:56
2026-07-22|www.example.com|/case-studies|Direct|tablet,2026-07-22,www.example.com,/case-studies,Case Studies,Direct,tablet,681,305,347,0.6615,0.3113,76.47,21,1026.16,2026-07-20,2026-07-27 15:23:56
2026-07-22|www.example.com|/case-studies|Referral|mobile,2026-07-22,www.example.com,/case-studies,Case Studies,Referral,mobile,1022,546,651,0.6107,0.2559,107.07,2,1178.51,2026-07-20,2026-07-27 15:23:56
2026-07-22|www.example.com|/case-studies|Paid Search|tablet,2026-07-22,www.example.com,/case-studies,Case Studies,Paid Search,tablet,326,230,259,0.7425,0.2452,46.07,0,1189.42,2026-07-20,2026-07-27 15:23:56
2026-07-22|www.example.com|/contact|Organic Search|tablet,2026-07-22,www.example.com,/contact,Contact,Organic Search,tablet,103,69,88,0.5202,0.2321,65.89,28,1398.22,2026-07-20,2026-07-27 15:23:56
2026-07-22|www.example.com|/contact|Direct|mobile,2026-07-22,www.example.com,/contact,Contact,Direct,mobile,1006,615,682,0.5237,0.4748,116.46,9,187.43,2026-07-20,2026-07-27 15:23:56
2026-07-22|www.example.com|/contact|Referral|tablet,2026-07-22,www.example.com,/contact,Contact,Referral,tablet,1066,590,713,0.4535,0.2988,141.15,19,957.83,2026-07-20,2026-07-27 15:23:56
2026-07-22|www.example.com|/contact|Paid Search|tablet,2026-07-22,www.example.com,/contact,Contact,Paid Search,tablet,1092,443,493,0.7631,0.4376,141.55,23,1024.81,2026-07-20,2026-07-27 15:23:56
2026-07-23|www.example.com|/|Organic Search|desktop,2026-07-23,www.example.com,/,Home,Organic Search,desktop,774,283,383,0.4707,0.3419,42.58,6,725.04,2026-07-20,2026-07-27 15:23:56
2026-07-23|www.example.com|/|Direct|desktop,2026-07-23,www.example.com,/,Home,Direct,desktop,779,393,556,0.4632,0.434,49.05,16,886.99,2026-07-20,2026-07-27 15:23:56
2026-07-23|www.example.com|/|Referral|tablet,2026-07-23,www.example.com,/,Home,Referral,tablet,600,410,473,0.6382,0.3443,78.5,18,914.67,2026-07-20,2026-07-27 15:23:56
2026-07-23|www.example.com|/|Paid Search|desktop,2026-07-23,www.example.com,/,Home,Paid Search,desktop,199,110,132,0.6204,0.3365,130.85,15,1109.72,2026-07-20,2026-07-27 15:23:56
2026-07-23|www.example.com|/category/solutions|Organic Search|desktop,2026-07-23,www.example.com,/category/solutions,Solutions,Organic Search,desktop,53,29,32,0.5259,0.3898,68.05,4,261.67,2026-07-20,2026-07-27 15:23:56
2026-07-23|www.example.com|/category/solutions|Direct|tablet,2026-07-23,www.example.com,/category/solutions,Solutions,Direct,tablet,781,461,634,0.526,0.4877,115.07,15,945.32,2026-07-20,2026-07-27 15:23:56
2026-07-23|www.example.com|/category/solutions|Referral|mobile,2026-07-23,www.example.com,/category/solutions,Solutions,Referral,mobile,1021,443,493,0.4574,0.2342,99.36,5,188.61,2026-07-20,2026-07-27 15:23:56
2026-07-23|www.example.com|/category/solutions|Paid Search|desktop,2026-07-23,www.example.com,/category/solutions,Solutions,Paid Search,desktop,1089,398,509,0.5049,0.5244,93.28,12,839.1,2026-07-20,2026-07-27 15:23:56
2026-07-23|www.example.com|/reference-designs|Organic Search|tablet,2026-07-23,www.example.com,/reference-designs,Reference Designs,Organic Search,tablet,1194,722,1011,0.6684,0.3135,47.18,14,849.14,2026-07-20,2026-07-27 15:23:56
2026-07-23|www.example.com|/reference-designs|Direct|mobile,2026-07-23,www.example.com,/reference-designs,Reference Designs,Direct,mobile,1005,700,782,0.6483,0.4822,125.79,5,872.5,2026-07-20,2026-07-27 15:23:56
2026-07-23|www.example.com|/reference-designs|Referral|mobile,2026-07-23,www.example.com,/reference-designs,Reference Designs,Referral,mobile,1086,495,663,0.7544,0.4169,45.37,12,539.65,2026-07-20,2026-07-27 15:23:56
2026-07-23|www.example.com|/reference-designs|Paid Search|tablet,2026-07-23,www.example.com,/reference-designs,Reference Designs,Paid Search,tablet,262,93,117,0.6758,0.4927,102.79,5,666.22,2026-07-20,2026-07-27 15:23:56
2026-07-23|www.example.com|/case-studies|Organic Search|desktop,2026-07-23,www.example.com,/case-studies,Case Studies,Organic Search,desktop,119,83,104,0.4808,0.4376,134.51,17,1158.53,2026-07-20,2026-07-27 15:23:56
2026-07-23|www.example.com|/case-studies|Direct|desktop,2026-07-23,www.example.com,/case-studies,Case Studies,Direct,desktop,923,515,617,0.6802,0.3616,138.41,15,1105.38,2026-07-20,2026-07-27 15:23:56
2026-07-23|www.example.com|/case-studies|Referral|tablet,2026-07-23,www.example.com,/case-studies,Case Studies,Referral,tablet,820,401,550,0.6401,0.3604,65.23,24,325.52,2026-07-20,2026-07-27 15:23:56
2026-07-23|www.example.com|/case-studies|Paid Search|mobile,2026-07-23,www.example.com,/case-studies,Case Studies,Paid Search,mobile,211,97,135,0.5351,0.2218,117.57,0,809.18,2026-07-20,2026-07-27 15:23:56
2026-07-23|www.example.com|/contact|Organic Search|desktop,2026-07-23,www.example.com,/contact,Contact,Organic Search,desktop,281,156,187,0.677,0.3242,76.76,4,596.5,2026-07-20,2026-07-27 15:23:56
2026-07-23|www.example.com|/contact|Direct|tablet,2026-07-23,www.example.com,/contact,Contact,Direct,tablet,559,254,321,0.5707,0.3109,110.82,24,285.17,2026-07-20,2026-07-27 15:23:56
2026-07-23|www.example.com|/contact|Referral|mobile,2026-07-23,www.example.com,/contact,Contact,Referral,mobile,1170,776,964,0.6345,0.3796,143.77,18,482.1,2026-07-20,2026-07-27 15:23:56
2026-07-23|www.example.com|/contact|Paid Search|tablet,2026-07-23,www.example.com,/contact,Contact,Paid Search,tablet,855,550,765,0.4893,0.2958,121.79,5,140.39,2026-07-20,2026-07-27 15:23:56
2026-07-24|www.example.com|/|Organic Search|tablet,2026-07-24,www.example.com,/,Home,Organic Search,tablet,1081,551,653,0.6526,0.4459,43.57,12,1350.4,2026-07-20,2026-07-27 15:23:56
2026-07-24|www.example.com|/|Direct|mobile,2026-07-24,www.example.com,/,Home,Direct,mobile,50,33,45,0.7555,0.3637,44.86,7,519.17,2026-07-20,2026-07-27 15:23:56
2026-07-24|www.example.com|/|Referral|mobile,2026-07-24,www.example.com,/,Home,Referral,mobile,117,74,105,0.6526,0.3919,114.14,19,80.45,2026-07-20,2026-07-27 15:23:56
2026-07-24|www.example.com|/|Paid Search|desktop,2026-07-24,www.example.com,/,Home,Paid Search,desktop,398,241,295,0.7307,0.5272,93.44,6,47.05,2026-07-20,2026-07-27 15:23:56
2026-07-24|www.example.com|/category/solutions|Organic Search|desktop,2026-07-24,www.example.com,/category/solutions,Solutions,Organic Search,desktop,1085,603,689,0.6724,0.3387,108.09,5,121.58,2026-07-20,2026-07-27 15:23:56
2026-07-24|www.example.com|/category/solutions|Direct|mobile,2026-07-24,www.example.com,/category/solutions,Solutions,Direct,mobile,605,400,476,0.5838,0.2861,39.64,22,96.06,2026-07-20,2026-07-27 15:23:56
2026-07-24|www.example.com|/category/solutions|Referral|tablet,2026-07-24,www.example.com,/category/solutions,Solutions,Referral,tablet,224,127,170,0.752,0.3349,141.07,8,316.81,2026-07-20,2026-07-27 15:23:56
2026-07-24|www.example.com|/category/solutions|Paid Search|desktop,2026-07-24,www.example.com,/category/solutions,Solutions,Paid Search,desktop,438,232,281,0.5362,0.3544,49.39,2,704.44,2026-07-20,2026-07-27 15:23:56
2026-07-24|www.example.com|/reference-designs|Organic Search|mobile,2026-07-24,www.example.com,/reference-designs,Reference Designs,Organic Search,mobile,736,536,734,0.7391,0.4883,99.51,22,619.88,2026-07-20,2026-07-27 15:23:56
2026-07-24|www.example.com|/reference-designs|Direct|mobile,2026-07-24,www.example.com,/reference-designs,Reference Designs,Direct,mobile,812,467,634,0.7672,0.3714,87.3,18,1206.83,2026-07-20,2026-07-27 15:23:56
2026-07-24|www.example.com|/reference-designs|Referral|tablet,2026-07-24,www.example.com,/reference-designs,Reference Designs,Referral,tablet,1027,407,438,0.7103,0.2927,113.03,25,442.02,2026-07-20,2026-07-27 15:23:56
2026-07-24|www.example.com|/reference-designs|Paid Search|mobile,2026-07-24,www.example.com,/reference-designs,Reference Designs,Paid Search,mobile,763,424,446,0.5319,0.2507,110.09,26,478.79,2026-07-20,2026-07-27 15:23:56
2026-07-24|www.example.com|/case-studies|Organic Search|mobile,2026-07-24,www.example.com,/case-studies,Case Studies,Organic Search,mobile,1175,849,1053,0.5221,0.4093,57.56,23,956.35,2026-07-20,2026-07-27 15:23:56
2026-07-24|www.example.com|/case-studies|Direct|tablet,2026-07-24,www.example.com,/case-studies,Case Studies,Direct,tablet,429,235,265,0.5299,0.3076,62.53,26,349.57,2026-07-20,2026-07-27 15:23:56
2026-07-24|www.example.com|/case-studies|Referral|desktop,2026-07-24,www.example.com,/case-studies,Case Studies,Referral,desktop,769,317,346,0.673,0.4389,103.68,24,1199.93,2026-07-20,2026-07-27 15:23:56
2026-07-24|www.example.com|/case-studies|Paid Search|mobile,2026-07-24,www.example.com,/case-studies,Case Studies,Paid Search,mobile,126,86,103,0.6125,0.5452,133.98,27,384.63,2026-07-20,2026-07-27 15:23:56
2026-07-24|www.example.com|/contact|Organic Search|mobile,2026-07-24,www.example.com,/contact,Contact,Organic Search,mobile,414,307,434,0.5813,0.4676,51.72,16,1118.98,2026-07-20,2026-07-27 15:23:56
2026-07-24|www.example.com|/contact|Direct|mobile,2026-07-24,www.example.com,/contact,Contact,Direct,mobile,1019,739,785,0.5799,0.4465,56.7,3,977.54,2026-07-20,2026-07-27 15:23:56
2026-07-24|www.example.com|/contact|Referral|tablet,2026-07-24,www.example.com,/contact,Contact,Referral,tablet,982,467,491,0.5195,0.4117,72.82,19,1206.58,2026-07-20,2026-07-27 15:23:56
2026-07-24|www.example.com|/contact|Paid Search|mobile,2026-07-24,www.example.com,/contact,Contact,Paid Search,mobile,423,240,274,0.7663,0.3332,57.68,13,294.75,2026-07-20,2026-07-27 15:23:56
2026-07-25|www.example.com|/|Organic Search|mobile,2026-07-25,www.example.com,/,Home,Organic Search,mobile,802,397,480,0.5094,0.2633,99.62,7,1139.87,2026-07-20,2026-07-27 15:23:56
2026-07-25|www.example.com|/|Direct|mobile,2026-07-25,www.example.com,/,Home,Direct,mobile,592,397,505,0.5147,0.484,117.02,15,1127.94,2026-07-20,2026-07-27 15:23:56
2026-07-25|www.example.com|/|Referral|tablet,2026-07-25,www.example.com,/,Home,Referral,tablet,401,207,228,0.6206,0.4578,122.03,9,351.36,2026-07-20,2026-07-27 15:23:56
2026-07-25|www.example.com|/|Paid Search|desktop,2026-07-25,www.example.com,/,Home,Paid Search,desktop,137,69,91,0.5211,0.3039,127.77,3,629.8,2026-07-20,2026-07-27 15:23:56
2026-07-25|www.example.com|/category/solutions|Organic Search|tablet,2026-07-25,www.example.com,/category/solutions,Solutions,Organic Search,tablet,725,329,392,0.7575,0.305,40.12,3,491.53,2026-07-20,2026-07-27 15:23:56
2026-07-25|www.example.com|/category/solutions|Direct|tablet,2026-07-25,www.example.com,/category/solutions,Solutions,Direct,tablet,447,259,339,0.5076,0.4775,76.0,21,714.62,2026-07-20,2026-07-27 15:23:56
2026-07-25|www.example.com|/category/solutions|Referral|mobile,2026-07-25,www.example.com,/category/solutions,Solutions,Referral,mobile,955,674,810,0.603,0.5357,130.9,20,1130.8,2026-07-20,2026-07-27 15:23:56
2026-07-25|www.example.com|/category/solutions|Paid Search|mobile,2026-07-25,www.example.com,/category/solutions,Solutions,Paid Search,mobile,730,378,489,0.7301,0.2435,55.33,7,438.87,2026-07-20,2026-07-27 15:23:56
2026-07-25|www.example.com|/reference-designs|Organic Search|mobile,2026-07-25,www.example.com,/reference-designs,Reference Designs,Organic Search,mobile,636,403,520,0.5395,0.3668,130.32,11,1047.05,2026-07-20,2026-07-27 15:23:56
2026-07-25|www.example.com|/reference-designs|Direct|desktop,2026-07-25,www.example.com,/reference-designs,Reference Designs,Direct,desktop,1106,814,989,0.7319,0.2613,63.11,8,1316.61,2026-07-20,2026-07-27 15:23:56
2026-07-25|www.example.com|/reference-designs|Referral|desktop,2026-07-25,www.example.com,/reference-designs,Reference Designs,Referral,desktop,203,88,106,0.4711,0.51,96.68,0,1079.31,2026-07-20,2026-07-27 15:23:56
2026-07-25|www.example.com|/reference-designs|Paid Search|mobile,2026-07-25,www.example.com,/reference-designs,Reference Designs,Paid Search,mobile,1113,730,790,0.654,0.2478,137.68,12,433.12,2026-07-20,2026-07-27 15:23:56
2026-07-25|www.example.com|/case-studies|Organic Search|desktop,2026-07-25,www.example.com,/case-studies,Case Studies,Organic Search,desktop,546,352,431,0.4933,0.4967,41.06,21,499.58,2026-07-20,2026-07-27 15:23:56
2026-07-25|www.example.com|/case-studies|Direct|tablet,2026-07-25,www.example.com,/case-studies,Case Studies,Direct,tablet,706,491,607,0.7585,0.401,52.46,22,755.0,2026-07-20,2026-07-27 15:23:56
2026-07-25|www.example.com|/case-studies|Referral|tablet,2026-07-25,www.example.com,/case-studies,Case Studies,Referral,tablet,975,587,765,0.5935,0.4311,95.11,11,674.31,2026-07-20,2026-07-27 15:23:56
2026-07-25|www.example.com|/case-studies|Paid Search|mobile,2026-07-25,www.example.com,/case-studies,Case Studies,Paid Search,mobile,505,339,415,0.586,0.2714,39.13,16,1141.53,2026-07-20,2026-07-27 15:23:56
2026-07-25|www.example.com|/contact|Organic Search|desktop,2026-07-25,www.example.com,/contact,Contact,Organic Search,desktop,319,155,191,0.677,0.3823,118.84,9,12.79,2026-07-20,2026-07-27 15:23:56
2026-07-25|www.example.com|/contact|Direct|desktop,2026-07-25,www.example.com,/contact,Contact,Direct,desktop,921,616,793,0.6309,0.2822,132.39,13,552.65,2026-07-20,2026-07-27 15:23:56
2026-07-25|www.example.com|/contact|Referral|mobile,2026-07-25,www.example.com,/contact,Contact,Referral,mobile,374,237,310,0.5228,0.2461,104.91,16,1070.35,2026-07-20,2026-07-27 15:23:56
2026-07-25|www.example.com|/contact|Paid Search|mobile,2026-07-25,www.example.com,/contact,Contact,Paid Search,mobile,596,276,371,0.5863,0.5016,57.52,9,154.5,2026-07-20,2026-07-27 15:23:56
2026-07-26|www.example.com|/|Organic Search|tablet,2026-07-26,www.example.com,/,Home,Organic Search,tablet,972,580,672,0.6124,0.3258,54.28,17,30.98,2026-07-20,2026-07-27 15:23:56
2026-07-26|www.example.com|/|Direct|mobile,2026-07-26,www.example.com,/,Home,Direct,mobile,249,115,126,0.6899,0.2968,54.12,15,304.06,2026-07-20,2026-07-27 15:23:56
2026-07-26|www.example.com|/|Referral|mobile,2026-07-26,www.example.com,/,Home,Referral,mobile,900,427,584,0.603,0.4812,73.34,26,1050.8,2026-07-20,2026-07-27 15:23:56
2026-07-26|www.example.com|/|Paid Search|desktop,2026-07-26,www.example.com,/,Home,Paid Search,desktop,339,126,171,0.6293,0.2799,133.84,8,1144.15,2026-07-20,2026-07-27 15:23:56
2026-07-26|www.example.com|/category/solutions|Organic Search|desktop,2026-07-26,www.example.com,/category/solutions,Solutions,Organic Search,desktop,65,25,33,0.577,0.5417,64.45,1,278.85,2026-07-20,2026-07-27 15:23:56
2026-07-26|www.example.com|/category/solutions|Direct|mobile,2026-07-26,www.example.com,/category/solutions,Solutions,Direct,mobile,232,129,186,0.5784,0.5372,138.18,5,880.83,2026-07-20,2026-07-27 15:23:56
2026-07-26|www.example.com|/category/solutions|Referral|desktop,2026-07-26,www.example.com,/category/solutions,Solutions,Referral,desktop,126,81,102,0.5336,0.4307,59.26,28,72.92,2026-07-20,2026-07-27 15:23:56
2026-07-26|www.example.com|/category/solutions|Paid Search|mobile,2026-07-26,www.example.com,/category/solutions,Solutions,Paid Search,mobile,486,359,410,0.5571,0.2752,67.54,3,554.13,2026-07-20,2026-07-27 15:23:56
2026-07-26|www.example.com|/reference-designs|Organic Search|tablet,2026-07-26,www.example.com,/reference-designs,Reference Designs,Organic Search,tablet,537,189,201,0.6068,0.4168,77.74,2,348.21,2026-07-20,2026-07-27 15:23:56
2026-07-26|www.example.com|/reference-designs|Direct|tablet,2026-07-26,www.example.com,/reference-designs,Reference Designs,Direct,tablet,1063,410,531,0.4698,0.3373,54.47,17,1108.05,2026-07-20,2026-07-27 15:23:56
2026-07-26|www.example.com|/reference-designs|Referral|tablet,2026-07-26,www.example.com,/reference-designs,Reference Designs,Referral,tablet,297,161,189,0.7102,0.4697,124.19,14,1026.46,2026-07-20,2026-07-27 15:23:56
2026-07-26|www.example.com|/reference-designs|Paid Search|desktop,2026-07-26,www.example.com,/reference-designs,Reference Designs,Paid Search,desktop,83,51,60,0.5327,0.233,113.61,17,412.6,2026-07-20,2026-07-27 15:23:56
2026-07-26|www.example.com|/case-studies|Organic Search|mobile,2026-07-26,www.example.com,/case-studies,Case Studies,Organic Search,mobile,1043,444,499,0.5568,0.3746,130.84,19,1280.26,2026-07-20,2026-07-27 15:23:56
2026-07-26|www.example.com|/case-studies|Direct|mobile,2026-07-26,www.example.com,/case-studies,Case Studies,Direct,mobile,1175,486,613,0.5476,0.3069,77.28,0,1086.29,2026-07-20,2026-07-27 15:23:56
2026-07-26|www.example.com|/case-studies|Referral|desktop,2026-07-26,www.example.com,/case-studies,Case Studies,Referral,desktop,1076,539,605,0.6545,0.3401,104.36,10,1009.4,2026-07-20,2026-07-27 15:23:56
2026-07-26|www.example.com|/case-studies|Paid Search|tablet,2026-07-26,www.example.com,/case-studies,Case Studies,Paid Search,tablet,1143,774,871,0.6142,0.402,103.6,10,573.73,2026-07-20,2026-07-27 15:23:56
2026-07-26|www.example.com|/contact|Organic Search|desktop,2026-07-26,www.example.com,/contact,Contact,Organic Search,desktop,699,275,346,0.4644,0.5295,57.11,1,282.91,2026-07-20,2026-07-27 15:23:56
2026-07-26|www.example.com|/contact|Direct|tablet,2026-07-26,www.example.com,/contact,Contact,Direct,tablet,1034,441,468,0.726,0.4371,94.26,22,826.42,2026-07-20,2026-07-27 15:23:56
2026-07-26|www.example.com|/contact|Referral|desktop,2026-07-26,www.example.com,/contact,Contact,Referral,desktop,140,69,89,0.4543,0.5239,108.17,28,1164.91,2026-07-20,2026-07-27 15:23:56
2026-07-26|www.example.com|/contact|Paid Search|tablet,2026-07-26,www.example.com,/contact,Contact,Paid Search,tablet,998,669,718,0.6953,0.5138,125.96,25,991.81,2026-07-20,2026-07-27 15:23:56
