Key,Date,Hostname,Page Path,Page Title,Channel Group,Device Category,Views,Active Users,Sessions,Engagement Rate,Bounce Rate,Avg Engagement Seconds,Conversions,Revenue,Week Start,Loaded At
2026-07-15|www.seeedstudio.com|/solutions-by-scenarios|Direct|desktop,2026-07-15,www.seeedstudio.com,/solutions-by-scenarios,Solutions by Scenarios,Direct,desktop,17,9,9,0.8888888888888888,0.1111111111111111,1.33,0,0.0,2026-07-13,2026-07-28 08:59:06
2026-07-19|www.seeedstudio.com|/solutions-by-scenarios|Direct|desktop,2026-07-19,www.seeedstudio.com,/solutions-by-scenarios,Solutions by Scenarios,Direct,desktop,12,6,6,1.0,0.0,45.33,0,0.0,2026-07-13,2026-07-28 08:59:06
2026-07-20|www.seeedstudio.com|/solutions-by-scenarios|Direct|desktop,2026-07-20,www.seeedstudio.com,/solutions-by-scenarios,Solutions by Scenarios,Direct,desktop,10,6,6,0.6666666666666666,0.3333333333333333,49.33,0,0.0,2026-07-20,2026-07-28 08:59:06
2026-06-30|www.seeedstudio.com|/solutions-by-scenarios|Direct|desktop,2026-06-30,www.seeedstudio.com,/solutions-by-scenarios,Solutions by Scenarios,Direct,desktop,8,4,4,1.0,0.0,5.75,0,0.0,2026-06-29,2026-07-28 08:59:06
2026-07-03|www.seeedstudio.com|/solutions-by-scenarios|Direct|desktop,2026-07-03,www.seeedstudio.com,/solutions-by-scenarios,Solutions by Scenarios,Direct,desktop,8,4,5,1.0,0.0,13.6,0,0.0,2026-06-29,2026-07-28 08:59:06
2026-07-12|www.seeedstudio.com|/solutions-by-scenarios|Direct|mobile,2026-07-12,www.seeedstudio.com,/solutions-by-scenarios,Solutions by Scenarios,Direct,mobile,8,4,4,1.0,0.0,52.25,0,0.0,2026-07-06,2026-07-28 08:59:06
2026-07-09|www.seeedstudio.com|/solutions-by-scenarios|Paid Search|desktop,2026-07-09,www.seeedstudio.com,/solutions-by-scenarios,Solutions by Scenarios,Paid Search,desktop,6,3,3,1.0,0.0,23.67,0,0.0,2026-07-06,2026-07-28 08:59:06
2026-07-13|www.seeedstudio.com|/solutions-by-scenarios|Direct|desktop,2026-07-13,www.seeedstudio.com,/solutions-by-scenarios,Solutions by Scenarios,Direct,desktop,6,3,3,1.0,0.0,18.67,0,0.0,2026-07-13,2026-07-28 08:59:06
2026-07-25|www.seeedstudio.com|/solutions-by-scenarios|Referral|mobile,2026-07-25,www.seeedstudio.com,/solutions-by-scenarios,Solutions by Scenarios,Referral,mobile,6,1,1,1.0,0.0,60.0,0,0.0,2026-07-20,2026-07-28 08:59:06
2026-07-16|www.seeedstudio.com|/solutions-by-scenarios|Direct|mobile,2026-07-16,www.seeedstudio.com,/solutions-by-scenarios,Solutions by Scenarios,Direct,mobile,5,2,2,1.0,0.0,86.0,0,0.0,2026-07-13,2026-07-28 08:59:06
2026-07-24|www.seeedstudio.com|/solutions-by-scenarios|Referral|desktop,2026-07-24,www.seeedstudio.com,/solutions-by-scenarios,Solutions by Scenarios,Referral,desktop,5,2,3,1.0,0.0,2.33,0,0.0,2026-07-20,2026-07-28 08:59:06
2026-07-02|www.seeedstudio.com|/solutions-by-scenarios|Direct|desktop,2026-07-02,www.seeedstudio.com,/solutions-by-scenarios,Solutions by Scenarios,Direct,desktop,4,1,1,1.0,0.0,34.0,0,0.0,2026-06-29,2026-07-28 08:59:06
2026-07-02|www.seeedstudio.com|/solutions-by-scenarios|Email|mobile,2026-07-02,www.seeedstudio.com,/solutions-by-scenarios,Solutions by Scenarios,Email,mobile,4,3,3,1.0,0.0,19.0,0,0.0,2026-06-29,2026-07-28 08:59:06
2026-07-02|www.seeedstudio.com|/solutions-by-scenarios|Paid Search|mobile,2026-07-02,www.seeedstudio.com,/solutions-by-scenarios,Solutions by Scenarios,Paid Search,mobile,4,1,1,1.0,0.0,1.0,0,0.0,2026-06-29,2026-07-28 08:59:06
2026-07-04|www.seeedstudio.com|/solutions-by-scenarios|Direct|desktop,2026-07-04,www.seeedstudio.com,/solutions-by-scenarios,Solutions by Scenarios,Direct,desktop,4,2,2,1.0,0.0,161.0,0,0.0,2026-06-29,2026-07-28 08:59:06
2026-07-04|www.seeedstudio.com|/solutions-by-scenarios|Organic Search|desktop,2026-07-04,www.seeedstudio.com,/solutions-by-scenarios,Solutions by Scenarios,Organic Search,desktop,4,2,2,1.0,0.0,2.5,0,0.0,2026-06-29,2026-07-28 08:59:06
2026-07-05|www.seeedstudio.com|/solutions-by-scenarios|Cross-network|mobile,2026-07-05,www.seeedstudio.com,/solutions-by-scenarios,Solutions by Scenarios,Cross-network,mobile,4,1,1,1.0,0.0,25.0,0,0.0,2026-06-29,2026-07-28 08:59:06
2026-07-06|www.seeedstudio.com|/solutions-by-scenarios|Organic Search|desktop,2026-07-06,www.seeedstudio.com,/solutions-by-scenarios,Solutions by Scenarios,Organic Search,desktop,4,2,2,1.0,0.0,14.5,0,0.0,2026-07-06,2026-07-28 08:59:06
2026-07-07|www.seeedstudio.com|/solutions-by-scenarios|Organic Search|desktop,2026-07-07,www.seeedstudio.com,/solutions-by-scenarios,Solutions by Scenarios,Organic Search,desktop,4,2,4,0.5,0.5,12.0,0,0.0,2026-07-06,2026-07-28 08:59:06
2026-07-08|www.seeedstudio.com|/solutions-by-scenarios|Direct|desktop,2026-07-08,www.seeedstudio.com,/solutions-by-scenarios,Solutions by Scenarios,Direct,desktop,4,2,2,1.0,0.0,4.0,0,0.0,2026-07-06,2026-07-28 08:59:06
2026-07-08|www.seeedstudio.com|/solutions-by-scenarios|Unassigned|mobile,2026-07-08,www.seeedstudio.com,/solutions-by-scenarios,Solutions by Scenarios,Unassigned,mobile,4,1,1,1.0,0.0,40.0,0,0.0,2026-07-06,2026-07-28 08:59:06
2026-07-10|www.seeedstudio.com|/solutions-by-scenarios|Direct|mobile,2026-07-10,www.seeedstudio.com,/solutions-by-scenarios,Solutions by Scenarios,Direct,mobile,4,2,2,1.0,0.0,30.5,0,0.0,2026-07-06,2026-07-28 08:59:06
2026-07-11|www.seeedstudio.com|/solutions-by-scenarios|Direct|mobile,2026-07-11,www.seeedstudio.com,/solutions-by-scenarios,Solutions by Scenarios,Direct,mobile,4,1,1,1.0,0.0,74.0,0,0.0,2026-07-06,2026-07-28 08:59:06
2026-07-17|www.seeedstudio.com|/solutions-by-scenarios|Direct|desktop,2026-07-17,www.seeedstudio.com,/solutions-by-scenarios,Solutions by Scenarios,Direct,desktop,4,3,3,0.6666666666666666,0.3333333333333333,4.0,0,0.0,2026-07-13,2026-07-28 08:59:06
2026-07-18|www.seeedstudio.com|/solutions-by-scenarios|Direct|desktop,2026-07-18,www.seeedstudio.com,/solutions-by-scenarios,Solutions by Scenarios,Direct,desktop,4,2,2,1.0,0.0,2.0,0,0.0,2026-07-13,2026-07-28 08:59:06
2026-07-19|www.seeedstudio.com|/solutions-by-scenarios|Direct|mobile,2026-07-19,www.seeedstudio.com,/solutions-by-scenarios,Solutions by Scenarios,Direct,mobile,4,1,1,1.0,0.0,139.0,0,0.0,2026-07-13,2026-07-28 08:59:06
2026-07-19|www.seeedstudio.com|/solutions-by-scenarios|Paid Search|mobile,2026-07-19,www.seeedstudio.com,/solutions-by-scenarios,Solutions by Scenarios,Paid Search,mobile,4,1,1,1.0,0.0,1.0,0,0.0,2026-07-13,2026-07-28 08:59:06
2026-07-20|www.seeedstudio.com|/solutions/intelligent-video-analytics|Direct|desktop,2026-07-20,www.seeedstudio.com,/solutions/intelligent-video-analytics,Intelligent Video Analytics - solution,Direct,desktop,4,2,2,1.0,0.0,99.0,0,0.0,2026-07-20,2026-07-28 08:59:06
2026-07-21|www.seeedstudio.com|/solutions/intelligent-video-analytics|Direct|desktop,2026-07-21,www.seeedstudio.com,/solutions/intelligent-video-analytics,Intelligent Video Analytics - solution,Direct,desktop,4,2,2,1.0,0.0,1.0,0,0.0,2026-07-20,2026-07-28 08:59:06
2026-07-23|www.seeedstudio.com|/solutions/intelligent-video-analytics|Organic Search|desktop,2026-07-23,www.seeedstudio.com,/solutions/intelligent-video-analytics,Intelligent Video Analytics - solution,Organic Search,desktop,4,2,3,0.6666666666666666,0.3333333333333333,15.33,0,0.0,2026-07-20,2026-07-28 08:59:06
2026-07-23|www.seeedstudio.com|/solutions/smart-warehouse-management|Paid Search|desktop,2026-07-23,www.seeedstudio.com,/solutions/smart-warehouse-management,404 Page not found,Paid Search,desktop,4,1,1,1.0,0.0,5.0,0,0.0,2026-07-20,2026-07-28 08:59:06
2026-07-26|www.seeedstudio.com|/solutions-by-scenarios|Organic Search|mobile,2026-07-26,www.seeedstudio.com,/solutions-by-scenarios,Solutions by Scenarios,Organic Search,mobile,4,1,1,1.0,0.0,16.0,0,0.0,2026-07-20,2026-07-28 08:59:06
2026-07-03|www.seeedstudio.com|/solutions-by-scenarios|Organic Search|mobile,2026-07-03,www.seeedstudio.com,/solutions-by-scenarios,Solutions by Scenarios,Organic Search,mobile,3,2,2,1.0,0.0,14.0,0,0.0,2026-06-29,2026-07-28 08:59:06
2026-07-09|www.seeedstudio.com|/blog/solutions-by-scenarios/|Paid Search|desktop,2026-07-09,www.seeedstudio.com,/blog/solutions-by-scenarios/,Solutions by Scenarios - Latest News from Seeed Studio,Paid Search,desktop,3,3,3,1.0,0.0,0.0,0,0.0,2026-07-06,2026-07-28 08:59:06
2026-07-10|www.seeedstudio.com|/solutions-by-scenarios|Direct|desktop,2026-07-10,www.seeedstudio.com,/solutions-by-scenarios,Solutions by Scenarios,Direct,desktop,3,2,2,1.0,0.0,5.0,0,0.0,2026-07-06,2026-07-28 08:59:06
2026-07-11|www.seeedstudio.com|/solutions-by-scenarios|Unassigned|mobile,2026-07-11,www.seeedstudio.com,/solutions-by-scenarios,Solutions by Scenarios,Unassigned,mobile,3,2,2,1.0,0.0,24.0,0,0.0,2026-07-06,2026-07-28 08:59:06
2026-07-12|www.seeedstudio.com|/blog/solutions-by-scenarios/|Direct|mobile,2026-07-12,www.seeedstudio.com,/blog/solutions-by-scenarios/,Solutions by Scenarios - Latest News from Seeed Studio,Direct,mobile,3,2,2,1.0,0.0,0.0,0,0.0,2026-07-06,2026-07-28 08:59:06
2026-07-13|www.seeedstudio.com|/blog/solutions-by-scenarios/|Direct|desktop,2026-07-13,www.seeedstudio.com,/blog/solutions-by-scenarios/,Solutions by Scenarios - Latest News from Seeed Studio,Direct,desktop,3,3,3,1.0,0.0,1.67,0,0.0,2026-07-13,2026-07-28 08:59:06
2026-07-13|www.seeedstudio.com|/solutions-by-scenarios|Direct|mobile,2026-07-13,www.seeedstudio.com,/solutions-by-scenarios,Solutions by Scenarios,Direct,mobile,3,2,2,1.0,0.0,18.0,0,0.0,2026-07-13,2026-07-28 08:59:06
2026-07-15|www.seeedstudio.com|/solutions-by-scenarios|Direct|mobile,2026-07-15,www.seeedstudio.com,/solutions-by-scenarios,Solutions by Scenarios,Direct,mobile,3,2,2,1.0,0.0,16.0,0,0.0,2026-07-13,2026-07-28 08:59:06
2026-07-25|www.seeedstudio.com|/blog/solutions-by-scenarios/|Referral|mobile,2026-07-25,www.seeedstudio.com,/blog/solutions-by-scenarios/,Solutions by Scenarios - Latest News from Seeed Studio,Referral,mobile,3,1,1,1.0,0.0,0.0,0,0.0,2026-07-20,2026-07-28 08:59:06
2026-06-30|www.seeedstudio.com|/solutions/intelligent-video-analytics|Direct|desktop,2026-06-30,www.seeedstudio.com,/solutions/intelligent-video-analytics,Intelligent Video Analytics - solution,Direct,desktop,2,1,1,1.0,0.0,2.0,0,0.0,2026-06-29,2026-07-28 08:59:06
2026-06-30|www.seeedstudio.com|/solutions/intelligent-video-analytics|Unassigned|desktop,2026-06-30,www.seeedstudio.com,/solutions/intelligent-video-analytics,Intelligent Video Analytics - solution,Unassigned,desktop,2,1,1,1.0,0.0,11.0,0,0.0,2026-06-29,2026-07-28 08:59:06
2026-07-01|www.seeedstudio.com|/solutions-by-scenarios|Direct|mobile,2026-07-01,www.seeedstudio.com,/solutions-by-scenarios,Solutions by Scenarios,Direct,mobile,2,1,1,1.0,0.0,31.0,0,0.0,2026-06-29,2026-07-28 08:59:06
2026-07-01|www.seeedstudio.com|/solutions-by-scenarios|Direct|tablet,2026-07-01,www.seeedstudio.com,/solutions-by-scenarios,Solutions by Scenarios,Direct,tablet,2,1,1,1.0,0.0,39.0,0,0.0,2026-06-29,2026-07-28 08:59:06
2026-07-01|www.seeedstudio.com|/solutions-by-scenarios|Organic Search|mobile,2026-07-01,www.seeedstudio.com,/solutions-by-scenarios,Solutions by Scenarios,Organic Search,mobile,2,1,1,1.0,0.0,3.0,0,0.0,2026-06-29,2026-07-28 08:59:06
2026-07-01|www.seeedstudio.com|/solutions-by-scenarios|Paid Search|desktop,2026-07-01,www.seeedstudio.com,/solutions-by-scenarios,Solutions by Scenarios,Paid Search,desktop,2,1,1,1.0,0.0,53.0,0,0.0,2026-06-29,2026-07-28 08:59:06
2026-07-01|www.seeedstudio.com|/solutions-by-scenarios|Paid Search|mobile,2026-07-01,www.seeedstudio.com,/solutions-by-scenarios,Solutions by Scenarios,Paid Search,mobile,2,2,2,1.0,0.0,14.5,0,0.0,2026-06-29,2026-07-28 08:59:06
2026-07-02|www.seeedstudio.com|/blog/solutions-by-scenarios/|Cross-network|mobile,2026-07-02,www.seeedstudio.com,/blog/solutions-by-scenarios/,Solutions by Scenarios - Latest News from Seeed Studio,Cross-network,mobile,2,1,1,1.0,0.0,0.0,0,0.0,2026-06-29,2026-07-28 08:59:06
2026-07-02|www.seeedstudio.com|/blog/solutions-by-scenarios/|Direct|desktop,2026-07-02,www.seeedstudio.com,/blog/solutions-by-scenarios/,Solutions by Scenarios - Latest News from Seeed Studio,Direct,desktop,2,1,1,1.0,0.0,0.0,0,0.0,2026-06-29,2026-07-28 08:59:06
2026-07-02|www.seeedstudio.com|/blog/solutions-by-scenarios/|Direct|mobile,2026-07-02,www.seeedstudio.com,/blog/solutions-by-scenarios/,Solutions by Scenarios - Latest News from Seeed Studio,Direct,mobile,2,1,1,1.0,0.0,4.0,0,0.0,2026-06-29,2026-07-28 08:59:06
2026-07-02|www.seeedstudio.com|/blog/solutions-by-scenarios/|Email|mobile,2026-07-02,www.seeedstudio.com,/blog/solutions-by-scenarios/,Solutions by Scenarios - Latest News from Seeed Studio,Email,mobile,2,2,2,1.0,0.0,1.5,0,0.0,2026-06-29,2026-07-28 08:59:06
2026-07-02|www.seeedstudio.com|/blog/solutions-by-scenarios/|Paid Search|mobile,2026-07-02,www.seeedstudio.com,/blog/solutions-by-scenarios/,Solutions by Scenarios - Latest News from Seeed Studio,Paid Search,mobile,2,1,1,1.0,0.0,48.0,0,0.0,2026-06-29,2026-07-28 08:59:06
2026-07-02|www.seeedstudio.com|/solutions-by-scenarios|Cross-network|mobile,2026-07-02,www.seeedstudio.com,/solutions-by-scenarios,Solutions by Scenarios,Cross-network,mobile,2,1,1,1.0,0.0,30.0,0,0.0,2026-06-29,2026-07-28 08:59:06
2026-07-02|www.seeedstudio.com|/solutions-by-scenarios|Direct|mobile,2026-07-02,www.seeedstudio.com,/solutions-by-scenarios,Solutions by Scenarios,Direct,mobile,2,1,1,1.0,0.0,22.0,0,0.0,2026-06-29,2026-07-28 08:59:06
2026-07-02|www.seeedstudio.com|/solutions-by-scenarios|Unassigned|desktop,2026-07-02,www.seeedstudio.com,/solutions-by-scenarios,Solutions by Scenarios,Unassigned,desktop,2,1,1,1.0,0.0,1.0,0,0.0,2026-06-29,2026-07-28 08:59:06
2026-07-02|www.seeedstudio.com|/solutions-by-scenarios|Unassigned|tablet,2026-07-02,www.seeedstudio.com,/solutions-by-scenarios,Solutions by Scenarios,Unassigned,tablet,2,1,1,1.0,0.0,15.0,0,0.0,2026-06-29,2026-07-28 08:59:06
2026-07-02|www.seeedstudio.com|/solutions/intelligent-video-analytics|Organic Search|desktop,2026-07-02,www.seeedstudio.com,/solutions/intelligent-video-analytics,Intelligent Video Analytics - solution,Organic Search,desktop,2,1,1,1.0,0.0,0.0,0,0.0,2026-06-29,2026-07-28 08:59:06
2026-07-03|www.seeedstudio.com|/blog/solutions-by-scenarios/|Direct|desktop,2026-07-03,www.seeedstudio.com,/blog/solutions-by-scenarios/,Solutions by Scenarios - Latest News from Seeed Studio,Direct,desktop,2,2,2,1.0,0.0,0.0,0,0.0,2026-06-29,2026-07-28 08:59:06
2026-07-03|www.seeedstudio.com|/blog/solutions-by-scenarios/|Organic Search|mobile,2026-07-03,www.seeedstudio.com,/blog/solutions-by-scenarios/,Solutions by Scenarios - Latest News from Seeed Studio,Organic Search,mobile,2,2,2,1.0,0.0,0.0,0,0.0,2026-06-29,2026-07-28 08:59:06
2026-07-03|www.seeedstudio.com|/solutions-by-scenarios|Organic Search|desktop,2026-07-03,www.seeedstudio.com,/solutions-by-scenarios,Solutions by Scenarios,Organic Search,desktop,2,1,1,1.0,0.0,0.0,0,0.0,2026-06-29,2026-07-28 08:59:06
2026-07-03|www.seeedstudio.com|/solutions/intelligent-video-analytics|Organic Search|desktop,2026-07-03,www.seeedstudio.com,/solutions/intelligent-video-analytics,Intelligent Video Analytics - solution,Organic Search,desktop,2,2,2,1.0,0.0,37.5,0,0.0,2026-06-29,2026-07-28 08:59:06
2026-07-04|www.seeedstudio.com|/solutions-by-scenarios|Paid Search|desktop,2026-07-04,www.seeedstudio.com,/solutions-by-scenarios,Solutions by Scenarios,Paid Search,desktop,2,1,1,1.0,0.0,34.0,0,0.0,2026-06-29,2026-07-28 08:59:06
2026-07-04|www.seeedstudio.com|/solutions-by-scenarios|Paid Search|mobile,2026-07-04,www.seeedstudio.com,/solutions-by-scenarios,Solutions by Scenarios,Paid Search,mobile,2,1,1,1.0,0.0,0.0,0,0.0,2026-06-29,2026-07-28 08:59:06
2026-07-05|www.seeedstudio.com|/blog/solutions-by-scenarios/|Cross-network|mobile,2026-07-05,www.seeedstudio.com,/blog/solutions-by-scenarios/,Solutions by Scenarios - Latest News from Seeed Studio,Cross-network,mobile,2,1,1,1.0,0.0,0.0,0,0.0,2026-06-29,2026-07-28 08:59:06
2026-07-05|www.seeedstudio.com|/solutions-by-scenarios|Organic Search|desktop,2026-07-05,www.seeedstudio.com,/solutions-by-scenarios,Solutions by Scenarios,Organic Search,desktop,2,1,1,1.0,0.0,7.0,0,0.0,2026-06-29,2026-07-28 08:59:06
2026-07-05|www.seeedstudio.com|/solutions-by-scenarios|Organic Video|mobile,2026-07-05,www.seeedstudio.com,/solutions-by-scenarios,Solutions by Scenarios,Organic Video,mobile,2,1,1,1.0,0.0,51.0,0,0.0,2026-06-29,2026-07-28 08:59:06
2026-07-05|www.seeedstudio.com|/solutions-by-scenarios|Paid Search|mobile,2026-07-05,www.seeedstudio.com,/solutions-by-scenarios,Solutions by Scenarios,Paid Search,mobile,2,1,1,1.0,0.0,23.0,0,0.0,2026-06-29,2026-07-28 08:59:06
2026-07-06|www.seeedstudio.com|/solutions-by-scenarios|Paid Search|desktop,2026-07-06,www.seeedstudio.com,/solutions-by-scenarios,Solutions by Scenarios,Paid Search,desktop,2,1,1,1.0,0.0,4.0,0,0.0,2026-07-06,2026-07-28 08:59:06
2026-07-06|www.seeedstudio.com|/solutions-by-scenarios|Paid Search|mobile,2026-07-06,www.seeedstudio.com,/solutions-by-scenarios,Solutions by Scenarios,Paid Search,mobile,2,1,1,1.0,0.0,12.0,0,0.0,2026-07-06,2026-07-28 08:59:06
2026-07-07|www.seeedstudio.com|/blog/solutions-by-scenarios/|Organic Search|desktop,2026-07-07,www.seeedstudio.com,/blog/solutions-by-scenarios/,Solutions by Scenarios - Latest News from Seeed Studio,Organic Search,desktop,2,2,2,1.0,0.0,0.0,0,0.0,2026-07-06,2026-07-28 08:59:06
2026-07-07|www.seeedstudio.com|/solutions-by-scenarios|Direct|desktop,2026-07-07,www.seeedstudio.com,/solutions-by-scenarios,Solutions by Scenarios,Direct,desktop,2,1,1,1.0,0.0,10.0,0,0.0,2026-07-06,2026-07-28 08:59:06
2026-07-07|www.seeedstudio.com|/solutions-by-scenarios|Organic Social|mobile,2026-07-07,www.seeedstudio.com,/solutions-by-scenarios,Solutions by Scenarios,Organic Social,mobile,2,1,1,1.0,0.0,1.0,0,0.0,2026-07-06,2026-07-28 08:59:06
2026-07-07|www.seeedstudio.com|/solutions-by-scenarios|Paid Search|desktop,2026-07-07,www.seeedstudio.com,/solutions-by-scenarios,Solutions by Scenarios,Paid Search,desktop,2,1,1,1.0,0.0,3.0,0,0.0,2026-07-06,2026-07-28 08:59:06
2026-07-07|www.seeedstudio.com|/solutions-by-scenarios|Paid Search|mobile,2026-07-07,www.seeedstudio.com,/solutions-by-scenarios,Solutions by Scenarios,Paid Search,mobile,2,1,1,1.0,0.0,22.0,0,0.0,2026-07-06,2026-07-28 08:59:06
2026-07-07|www.seeedstudio.com|/solutions/intelligent-video-analytics|AI Assistant|desktop,2026-07-07,www.seeedstudio.com,/solutions/intelligent-video-analytics,Intelligent Video Analytics - solution,AI Assistant,desktop,2,1,1,1.0,0.0,32.0,0,0.0,2026-07-06,2026-07-28 08:59:06
2026-07-07|www.seeedstudio.com|/solutions/intelligent-video-analytics|Organic Search|desktop,2026-07-07,www.seeedstudio.com,/solutions/intelligent-video-analytics,Intelligent Video Analytics - solution,Organic Search,desktop,2,1,1,1.0,0.0,1.0,0,0.0,2026-07-06,2026-07-28 08:59:06
2026-07-07|www.seeedstudio.com|/solutions/intelligent-video-analytics|Referral|desktop,2026-07-07,www.seeedstudio.com,/solutions/intelligent-video-analytics,Intelligent Video Analytics - solution,Referral,desktop,2,1,2,1.0,0.0,0.0,0,0.0,2026-07-06,2026-07-28 08:59:06
2026-07-08|www.seeedstudio.com|/blog/solutions-by-scenarios/|Unassigned|mobile,2026-07-08,www.seeedstudio.com,/blog/solutions-by-scenarios/,Solutions by Scenarios - Latest News from Seeed Studio,Unassigned,mobile,2,1,1,1.0,0.0,0.0,0,0.0,2026-07-06,2026-07-28 08:59:06
2026-07-08|www.seeedstudio.com|/solutions-by-scenarios|Organic Search|desktop,2026-07-08,www.seeedstudio.com,/solutions-by-scenarios,Solutions by Scenarios,Organic Search,desktop,2,1,1,1.0,0.0,182.0,0,0.0,2026-07-06,2026-07-28 08:59:06
2026-07-08|www.seeedstudio.com|/solutions-by-scenarios|Referral|desktop,2026-07-08,www.seeedstudio.com,/solutions-by-scenarios,Solutions by Scenarios,Referral,desktop,2,1,1,1.0,0.0,7.0,0,0.0,2026-07-06,2026-07-28 08:59:06
2026-07-09|www.seeedstudio.com|/solutions-by-scenarios|Cross-network|mobile,2026-07-09,www.seeedstudio.com,/solutions-by-scenarios,Solutions by Scenarios,Cross-network,mobile,2,1,1,1.0,0.0,1.0,0,0.0,2026-07-06,2026-07-28 08:59:06
2026-07-09|www.seeedstudio.com|/solutions-by-scenarios|Direct|mobile,2026-07-09,www.seeedstudio.com,/solutions-by-scenarios,Solutions by Scenarios,Direct,mobile,2,1,1,1.0,0.0,0.0,0,0.0,2026-07-06,2026-07-28 08:59:06
2026-07-09|www.seeedstudio.com|/solutions-by-scenarios|Organic Search|desktop,2026-07-09,www.seeedstudio.com,/solutions-by-scenarios,Solutions by Scenarios,Organic Search,desktop,2,1,1,1.0,0.0,0.0,0,0.0,2026-07-06,2026-07-28 08:59:06
2026-07-10|www.seeedstudio.com|/blog/solutions-by-scenarios/|Direct|mobile,2026-07-10,www.seeedstudio.com,/blog/solutions-by-scenarios/,Solutions by Scenarios - Latest News from Seeed Studio,Direct,mobile,2,2,2,1.0,0.0,0.0,0,0.0,2026-07-06,2026-07-28 08:59:06
2026-07-10|www.seeedstudio.com|/solutions-by-scenarios|Organic Search|desktop,2026-07-10,www.seeedstudio.com,/solutions-by-scenarios,Solutions by Scenarios,Organic Search,desktop,2,1,1,1.0,0.0,31.0,0,0.0,2026-07-06,2026-07-28 08:59:06
2026-07-10|www.seeedstudio.com|/solutions/intelligent-video-analytics|Referral|desktop,2026-07-10,www.seeedstudio.com,/solutions/intelligent-video-analytics,Intelligent Video Analytics - solution,Referral,desktop,2,1,1,1.0,0.0,30.0,0,0.0,2026-07-06,2026-07-28 08:59:06
2026-07-11|www.seeedstudio.com|/blog/solutions-by-scenarios/|Direct|mobile,2026-07-11,www.seeedstudio.com,/blog/solutions-by-scenarios/,Solutions by Scenarios - Latest News from Seeed Studio,Direct,mobile,2,1,1,1.0,0.0,3.0,0,0.0,2026-07-06,2026-07-28 08:59:06
2026-07-11|www.seeedstudio.com|/solutions-by-scenarios|Organic Video|mobile,2026-07-11,www.seeedstudio.com,/solutions-by-scenarios,Solutions by Scenarios,Organic Video,mobile,2,1,1,1.0,0.0,48.0,0,0.0,2026-07-06,2026-07-28 08:59:06
2026-07-11|www.seeedstudio.com|/solutions/intelligent-video-analytics|Direct|desktop,2026-07-11,www.seeedstudio.com,/solutions/intelligent-video-analytics,Intelligent Video Analytics - solution,Direct,desktop,2,1,1,1.0,0.0,66.0,0,0.0,2026-07-06,2026-07-28 08:59:06
2026-07-12|www.seeedstudio.com|/solutions-by-scenarios|Cross-network|mobile,2026-07-12,www.seeedstudio.com,/solutions-by-scenarios,Solutions by Scenarios,Cross-network,mobile,2,1,1,1.0,0.0,33.0,0,0.0,2026-07-06,2026-07-28 08:59:06
2026-07-12|www.seeedstudio.com|/solutions-by-scenarios|Paid Search|mobile,2026-07-12,www.seeedstudio.com,/solutions-by-scenarios,Solutions by Scenarios,Paid Search,mobile,2,1,1,1.0,0.0,28.0,0,0.0,2026-07-06,2026-07-28 08:59:06
2026-07-12|www.seeedstudio.com|/solutions-by-scenarios|Referral|desktop,2026-07-12,www.seeedstudio.com,/solutions-by-scenarios,Solutions by Scenarios,Referral,desktop,2,1,1,1.0,0.0,3.0,0,0.0,2026-07-06,2026-07-28 08:59:06
2026-07-13|www.seeedstudio.com|/solutions/intelligent-video-analytics|Display|desktop,2026-07-13,www.seeedstudio.com,/solutions/intelligent-video-analytics,Intelligent Video Analytics - solution,Display,desktop,2,1,1,1.0,0.0,0.0,0,0.0,2026-07-13,2026-07-28 08:59:06
2026-07-14|www.seeedstudio.com|/solutions-by-scenarios|Cross-network|mobile,2026-07-14,www.seeedstudio.com,/solutions-by-scenarios,Solutions by Scenarios,Cross-network,mobile,2,1,1,1.0,0.0,90.0,0,0.0,2026-07-13,2026-07-28 08:59:06
2026-07-14|www.seeedstudio.com|/solutions-by-scenarios|Direct|desktop,2026-07-14,www.seeedstudio.com,/solutions-by-scenarios,Solutions by Scenarios,Direct,desktop,2,1,1,1.0,0.0,10.0,0,0.0,2026-07-13,2026-07-28 08:59:06
2026-07-14|www.seeedstudio.com|/solutions-by-scenarios|Paid Search|mobile,2026-07-14,www.seeedstudio.com,/solutions-by-scenarios,Solutions by Scenarios,Paid Search,mobile,2,1,1,1.0,0.0,109.0,0,0.0,2026-07-13,2026-07-28 08:59:06
2026-07-14|www.seeedstudio.com|/solutions-by-scenarios|Referral|desktop,2026-07-14,www.seeedstudio.com,/solutions-by-scenarios,Solutions by Scenarios,Referral,desktop,2,1,2,0.5,0.5,0.0,0,0.0,2026-07-13,2026-07-28 08:59:06
2026-07-14|www.seeedstudio.com|/solutions/intelligent-video-analytics|Direct|desktop,2026-07-14,www.seeedstudio.com,/solutions/intelligent-video-analytics,Intelligent Video Analytics - solution,Direct,desktop,2,1,1,1.0,0.0,1.0,0,0.0,2026-07-13,2026-07-28 08:59:06
2026-07-14|www.seeedstudio.com|/solutions/intelligent-video-analytics|Display|desktop,2026-07-14,www.seeedstudio.com,/solutions/intelligent-video-analytics,Intelligent Video Analytics - solution,Display,desktop,2,1,1,1.0,0.0,0.0,0,0.0,2026-07-13,2026-07-28 08:59:06
2026-07-14|www.seeedstudio.com|/solutions/intelligent-video-analytics|Organic Search|desktop,2026-07-14,www.seeedstudio.com,/solutions/intelligent-video-analytics,Intelligent Video Analytics - solution,Organic Search,desktop,2,1,1,1.0,0.0,1.0,0,0.0,2026-07-13,2026-07-28 08:59:06
2026-07-14|www.seeedstudio.com|/solutions/intelligent-video-analytics|Paid Search|desktop,2026-07-14,www.seeedstudio.com,/solutions/intelligent-video-analytics,Intelligent Video Analytics - solution,Paid Search,desktop,2,1,1,1.0,0.0,10.0,0,0.0,2026-07-13,2026-07-28 08:59:06
2026-07-15|www.seeedstudio.com|/solutions-by-scenarios|Display|desktop,2026-07-15,www.seeedstudio.com,/solutions-by-scenarios,Solutions by Scenarios,Display,desktop,2,1,2,1.0,0.0,1.0,0,0.0,2026-07-13,2026-07-28 08:59:06
2026-07-15|www.seeedstudio.com|/solutions-by-scenarios|Organic Search|mobile,2026-07-15,www.seeedstudio.com,/solutions-by-scenarios,Solutions by Scenarios,Organic Search,mobile,2,1,1,1.0,0.0,2.0,0,0.0,2026-07-13,2026-07-28 08:59:06
2026-07-15|www.seeedstudio.com|/solutions-by-scenarios|Paid Search|mobile,2026-07-15,www.seeedstudio.com,/solutions-by-scenarios,Solutions by Scenarios,Paid Search,mobile,2,1,1,1.0,0.0,60.0,0,0.0,2026-07-13,2026-07-28 08:59:06
2026-07-15|www.seeedstudio.com|/solutions/intelligent-video-analytics|Direct|desktop,2026-07-15,www.seeedstudio.com,/solutions/intelligent-video-analytics,Intelligent Video Analytics - solution,Direct,desktop,2,1,1,1.0,0.0,2.0,0,0.0,2026-07-13,2026-07-28 08:59:06
2026-07-15|www.seeedstudio.com|/solutions/intelligent-video-analytics|Display|desktop,2026-07-15,www.seeedstudio.com,/solutions/intelligent-video-analytics,Intelligent Video Analytics - solution,Display,desktop,2,1,1,1.0,0.0,0.0,0,0.0,2026-07-13,2026-07-28 08:59:06
2026-07-16|www.seeedstudio.com|/blog/solutions-by-scenarios/|Direct|mobile,2026-07-16,www.seeedstudio.com,/blog/solutions-by-scenarios/,Solutions by Scenarios - Latest News from Seeed Studio,Direct,mobile,2,2,2,1.0,0.0,0.0,0,0.0,2026-07-13,2026-07-28 08:59:06
2026-07-16|www.seeedstudio.com|/solutions-by-scenarios|Direct|desktop,2026-07-16,www.seeedstudio.com,/solutions-by-scenarios,Solutions by Scenarios,Direct,desktop,2,1,1,1.0,0.0,3.0,0,0.0,2026-07-13,2026-07-28 08:59:06
2026-07-16|www.seeedstudio.com|/solutions-by-scenarios|Organic Search|desktop,2026-07-16,www.seeedstudio.com,/solutions-by-scenarios,Solutions by Scenarios,Organic Search,desktop,2,1,1,1.0,0.0,48.0,0,0.0,2026-07-13,2026-07-28 08:59:06
2026-07-16|www.seeedstudio.com|/solutions-by-scenarios|Paid Shopping|mobile,2026-07-16,www.seeedstudio.com,/solutions-by-scenarios,Solutions by Scenarios,Paid Shopping,mobile,2,1,1,1.0,0.0,23.0,0,0.0,2026-07-13,2026-07-28 08:59:06
2026-07-16|www.seeedstudio.com|/solutions-by-scenarios|Referral|mobile,2026-07-16,www.seeedstudio.com,/solutions-by-scenarios,Solutions by Scenarios,Referral,mobile,2,1,1,1.0,0.0,17.0,0,0.0,2026-07-13,2026-07-28 08:59:06
2026-07-16|www.seeedstudio.com|/solutions-by-scenarios|Unassigned|mobile,2026-07-16,www.seeedstudio.com,/solutions-by-scenarios,Solutions by Scenarios,Unassigned,mobile,2,1,2,0.5,0.5,0.5,0,0.0,2026-07-13,2026-07-28 08:59:06
2026-07-16|www.seeedstudio.com|/solutions/intelligent-video-analytics|Direct|desktop,2026-07-16,www.seeedstudio.com,/solutions/intelligent-video-analytics,Intelligent Video Analytics - solution,Direct,desktop,2,1,1,1.0,0.0,4.0,0,0.0,2026-07-13,2026-07-28 08:59:06
2026-07-17|www.seeedstudio.com|/solutions-by-scenarios|Email|desktop,2026-07-17,www.seeedstudio.com,/solutions-by-scenarios,Solutions by Scenarios,Email,desktop,2,1,1,1.0,0.0,35.0,0,0.0,2026-07-13,2026-07-28 08:59:06
2026-07-17|www.seeedstudio.com|/solutions-by-scenarios|Unassigned|mobile,2026-07-17,www.seeedstudio.com,/solutions-by-scenarios,Solutions by Scenarios,Unassigned,mobile,2,1,1,1.0,0.0,0.0,0,0.0,2026-07-13,2026-07-28 08:59:06
2026-07-17|www.seeedstudio.com|/solutions/intelligent-video-analytics|Direct|desktop,2026-07-17,www.seeedstudio.com,/solutions/intelligent-video-analytics,Intelligent Video Analytics - solution,Direct,desktop,2,1,1,1.0,0.0,6.0,0,0.0,2026-07-13,2026-07-28 08:59:06
2026-07-18|www.seeedstudio.com|/solutions-by-scenarios|Direct|mobile,2026-07-18,www.seeedstudio.com,/solutions-by-scenarios,Solutions by Scenarios,Direct,mobile,2,1,1,1.0,0.0,29.0,0,0.0,2026-07-13,2026-07-28 08:59:06
2026-07-18|www.seeedstudio.com|/solutions-by-scenarios|Organic Search|mobile,2026-07-18,www.seeedstudio.com,/solutions-by-scenarios,Solutions by Scenarios,Organic Search,mobile,2,1,1,1.0,0.0,2.0,0,0.0,2026-07-13,2026-07-28 08:59:06
2026-07-18|www.seeedstudio.com|/solutions-by-scenarios|Paid Search|mobile,2026-07-18,www.seeedstudio.com,/solutions-by-scenarios,Solutions by Scenarios,Paid Search,mobile,2,1,1,1.0,0.0,40.0,0,0.0,2026-07-13,2026-07-28 08:59:06
2026-07-18|www.seeedstudio.com|/solutions-by-scenarios|Referral|mobile,2026-07-18,www.seeedstudio.com,/solutions-by-scenarios,Solutions by Scenarios,Referral,mobile,2,1,1,1.0,0.0,64.0,0,0.0,2026-07-13,2026-07-28 08:59:06
2026-07-18|www.seeedstudio.com|/solutions/intelligent-video-analytics|Paid Search|desktop,2026-07-18,www.seeedstudio.com,/solutions/intelligent-video-analytics,Intelligent Video Analytics - solution,Paid Search,desktop,2,1,1,1.0,0.0,70.0,0,0.0,2026-07-13,2026-07-28 08:59:06
2026-07-19|www.seeedstudio.com|/blog/solutions-by-scenarios/|Direct|desktop,2026-07-19,www.seeedstudio.com,/blog/solutions-by-scenarios/,Solutions by Scenarios - Latest News from Seeed Studio,Direct,desktop,2,2,2,1.0,0.0,0.0,0,0.0,2026-07-13,2026-07-28 08:59:06
2026-07-19|www.seeedstudio.com|/blog/solutions-by-scenarios/|Direct|mobile,2026-07-19,www.seeedstudio.com,/blog/solutions-by-scenarios/,Solutions by Scenarios - Latest News from Seeed Studio,Direct,mobile,2,1,1,1.0,0.0,0.0,0,0.0,2026-07-13,2026-07-28 08:59:06
2026-07-20|www.seeedstudio.com|/solutions-by-scenarios|Email|mobile,2026-07-20,www.seeedstudio.com,/solutions-by-scenarios,Solutions by Scenarios,Email,mobile,2,1,1,1.0,0.0,41.0,0,0.0,2026-07-20,2026-07-28 08:59:06
2026-07-21|www.seeedstudio.com|/solutions-by-scenarios|Direct|desktop,2026-07-21,www.seeedstudio.com,/solutions-by-scenarios,Solutions by Scenarios,Direct,desktop,2,1,1,1.0,0.0,3.0,0,0.0,2026-07-20,2026-07-28 08:59:06
2026-07-22|www.seeedstudio.com|/blog/solutions-by-scenarios/|Organic Search|desktop,2026-07-22,www.seeedstudio.com,/blog/solutions-by-scenarios/,Solutions by Scenarios - Latest News from Seeed Studio,Organic Search,desktop,2,1,1,1.0,0.0,5.0,0,0.0,2026-07-20,2026-07-28 08:59:06
2026-07-22|www.seeedstudio.com|/blog/solutions-by-scenarios/|Paid Search|desktop,2026-07-22,www.seeedstudio.com,/blog/solutions-by-scenarios/,Solutions by Scenarios - Latest News from Seeed Studio,Paid Search,desktop,2,1,1,1.0,0.0,5.0,0,0.0,2026-07-20,2026-07-28 08:59:06
2026-07-22|www.seeedstudio.com|/solutions-by-scenarios|Direct|desktop,2026-07-22,www.seeedstudio.com,/solutions-by-scenarios,Solutions by Scenarios,Direct,desktop,2,2,2,0.5,0.5,7.5,0,0.0,2026-07-20,2026-07-28 08:59:06
2026-07-22|www.seeedstudio.com|/solutions-by-scenarios|Display|desktop,2026-07-22,www.seeedstudio.com,/solutions-by-scenarios,Solutions by Scenarios,Display,desktop,2,1,1,1.0,0.0,22.0,0,0.0,2026-07-20,2026-07-28 08:59:06
2026-07-22|www.seeedstudio.com|/solutions-by-scenarios|Organic Search|desktop,2026-07-22,www.seeedstudio.com,/solutions-by-scenarios,Solutions by Scenarios,Organic Search,desktop,2,1,1,1.0,0.0,25.0,0,0.0,2026-07-20,2026-07-28 08:59:06
2026-07-22|www.seeedstudio.com|/solutions-by-scenarios|Paid Search|desktop,2026-07-22,www.seeedstudio.com,/solutions-by-scenarios,Solutions by Scenarios,Paid Search,desktop,2,1,1,1.0,0.0,0.0,0,0.0,2026-07-20,2026-07-28 08:59:06
2026-07-22|www.seeedstudio.com|/solutions-by-scenarios|Unassigned|desktop,2026-07-22,www.seeedstudio.com,/solutions-by-scenarios,Solutions by Scenarios,Unassigned,desktop,2,1,1,1.0,0.0,32.0,0,0.0,2026-07-20,2026-07-28 08:59:06
2026-07-22|www.seeedstudio.com|/solutions-by-scenarios|Paid Search|desktop,2026-07-22,www.seeedstudio.com,/solutions-by-scenarios,更多场景划分的解决方案,Paid Search,desktop,2,1,1,1.0,0.0,22.0,0,0.0,2026-07-20,2026-07-28 08:59:06
2026-07-22|www.seeedstudio.com|/solutions/intelligent-video-analytics|Referral|desktop,2026-07-22,www.seeedstudio.com,/solutions/intelligent-video-analytics,Intelligent Video Analytics - solution,Referral,desktop,2,1,1,1.0,0.0,8.0,0,0.0,2026-07-20,2026-07-28 08:59:06
2026-07-23|www.seeedstudio.com|/solutions-by-scenarios|Direct|mobile,2026-07-23,www.seeedstudio.com,/solutions-by-scenarios,Solutions by Scenarios,Direct,mobile,2,1,1,1.0,0.0,2.0,0,0.0,2026-07-20,2026-07-28 08:59:06
2026-07-23|www.seeedstudio.com|/solutions-by-scenarios|Organic Search|desktop,2026-07-23,www.seeedstudio.com,/solutions-by-scenarios,Solutions by Scenarios,Organic Search,desktop,2,1,1,1.0,0.0,2.0,0,0.0,2026-07-20,2026-07-28 08:59:06
2026-07-23|www.seeedstudio.com|/solutions-by-scenarios|Unassigned|mobile,2026-07-23,www.seeedstudio.com,/solutions-by-scenarios,Solutions by Scenarios,Unassigned,mobile,2,1,1,1.0,0.0,9.0,0,0.0,2026-07-20,2026-07-28 08:59:06
2026-07-24|www.seeedstudio.com|/blog/solutions-by-scenarios/|Referral|desktop,2026-07-24,www.seeedstudio.com,/blog/solutions-by-scenarios/,Solutions by Scenarios - Latest News from Seeed Studio,Referral,desktop,2,2,3,1.0,0.0,18.0,0,0.0,2026-07-20,2026-07-28 08:59:06
2026-07-24|www.seeedstudio.com|/solutions-by-scenarios|Direct|desktop,2026-07-24,www.seeedstudio.com,/solutions-by-scenarios,Solutions by Scenarios,Direct,desktop,2,1,1,1.0,0.0,3.0,0,0.0,2026-07-20,2026-07-28 08:59:06
2026-07-24|www.seeedstudio.com|/solutions/smart-warehouse-management|Organic Search|desktop,2026-07-24,www.seeedstudio.com,/solutions/smart-warehouse-management,404 Page not found,Organic Search,desktop,2,1,1,1.0,0.0,0.0,0,0.0,2026-07-20,2026-07-28 08:59:06
2026-07-25|www.seeedstudio.com|/solutions-by-scenarios|Direct|desktop,2026-07-25,www.seeedstudio.com,/solutions-by-scenarios,Solutions by Scenarios,Direct,desktop,2,1,1,1.0,0.0,3.0,0,0.0,2026-07-20,2026-07-28 08:59:06
2026-07-25|www.seeedstudio.com|/solutions-by-scenarios|Organic Search|desktop,2026-07-25,www.seeedstudio.com,/solutions-by-scenarios,Solutions by Scenarios,Organic Search,desktop,2,1,1,1.0,0.0,2.0,0,0.0,2026-07-20,2026-07-28 08:59:06
2026-07-25|www.seeedstudio.com|/solutions-by-scenarios|Organic Search|mobile,2026-07-25,www.seeedstudio.com,/solutions-by-scenarios,Solutions by Scenarios,Organic Search,mobile,2,1,1,1.0,0.0,30.0,0,0.0,2026-07-20,2026-07-28 08:59:06
2026-07-25|www.seeedstudio.com|/solutions-by-scenarios|Referral|desktop,2026-07-25,www.seeedstudio.com,/solutions-by-scenarios,Solutions by Scenarios,Referral,desktop,2,1,1,1.0,0.0,16.0,0,0.0,2026-07-20,2026-07-28 08:59:06
2026-07-26|www.seeedstudio.com|/blog/solutions-by-scenarios/|Organic Search|mobile,2026-07-26,www.seeedstudio.com,/blog/solutions-by-scenarios/,Solutions by Scenarios - Latest News from Seeed Studio,Organic Search,mobile,2,1,1,1.0,0.0,0.0,0,0.0,2026-07-20,2026-07-28 08:59:06
2026-07-26|www.seeedstudio.com|/solutions-by-scenarios|Organic Search|desktop,2026-07-26,www.seeedstudio.com,/solutions-by-scenarios,Solutions by Scenarios,Organic Search,desktop,2,1,1,1.0,0.0,32.0,0,0.0,2026-07-20,2026-07-28 08:59:06
2026-07-26|www.seeedstudio.com|/solutions/intelligent-video-analytics|Direct|desktop,2026-07-26,www.seeedstudio.com,/solutions/intelligent-video-analytics,Intelligent Video Analytics - solution,Direct,desktop,2,1,1,1.0,0.0,0.0,0,0.0,2026-07-20,2026-07-28 08:59:06
2026-07-01|www.seeedstudio.com|/blog/solutions-by-scenarios/|Direct|mobile,2026-07-01,www.seeedstudio.com,/blog/solutions-by-scenarios/,Solutions by Scenarios - Latest News from Seeed Studio,Direct,mobile,1,1,1,1.0,0.0,0.0,0,0.0,2026-06-29,2026-07-28 08:59:06
2026-07-01|www.seeedstudio.com|/blog/solutions-by-scenarios/|Direct|tablet,2026-07-01,www.seeedstudio.com,/blog/solutions-by-scenarios/,Solutions by Scenarios - Latest News from Seeed Studio,Direct,tablet,1,1,1,1.0,0.0,0.0,0,0.0,2026-06-29,2026-07-28 08:59:06
2026-07-01|www.seeedstudio.com|/blog/solutions-by-scenarios/|Organic Search|mobile,2026-07-01,www.seeedstudio.com,/blog/solutions-by-scenarios/,Solutions by Scenarios - Latest News from Seeed Studio,Organic Search,mobile,1,1,1,1.0,0.0,0.0,0,0.0,2026-06-29,2026-07-28 08:59:06
2026-07-01|www.seeedstudio.com|/blog/solutions-by-scenarios/|Paid Search|desktop,2026-07-01,www.seeedstudio.com,/blog/solutions-by-scenarios/,Solutions by Scenarios - Latest News from Seeed Studio,Paid Search,desktop,1,1,1,1.0,0.0,0.0,0,0.0,2026-06-29,2026-07-28 08:59:06
2026-07-01|www.seeedstudio.com|/blog/solutions-by-scenarios/|Paid Search|mobile,2026-07-01,www.seeedstudio.com,/blog/solutions-by-scenarios/,Solutions by Scenarios - Latest News from Seeed Studio,Paid Search,mobile,1,1,1,1.0,0.0,0.0,0,0.0,2026-06-29,2026-07-28 08:59:06
2026-07-01|www.seeedstudio.com|/solutions-by-scenarios|Direct|desktop,2026-07-01,www.seeedstudio.com,/solutions-by-scenarios,Solutions by Scenarios,Direct,desktop,1,1,1,1.0,0.0,5.0,0,0.0,2026-06-29,2026-07-28 08:59:06
2026-07-02|www.seeedstudio.com|/blog/solutions-by-scenarios/|Unassigned|desktop,2026-07-02,www.seeedstudio.com,/blog/solutions-by-scenarios/,Solutions by Scenarios - Latest News from Seeed Studio,Unassigned,desktop,1,1,1,1.0,0.0,0.0,0,0.0,2026-06-29,2026-07-28 08:59:06
2026-07-02|www.seeedstudio.com|/blog/solutions-by-scenarios/|Unassigned|tablet,2026-07-02,www.seeedstudio.com,/blog/solutions-by-scenarios/,Solutions by Scenarios - Latest News from Seeed Studio,Unassigned,tablet,1,1,1,1.0,0.0,0.0,0,0.0,2026-06-29,2026-07-28 08:59:06
2026-07-02|www.seeedstudio.com|/solutions-by-scenarios|Email|mobile,2026-07-02,www.seeedstudio.com,/solutions-by-scenarios,Lösungen nach Szenarien,Email,mobile,1,1,1,1.0,0.0,101.0,0,0.0,2026-06-29,2026-07-28 08:59:06
2026-07-03|www.seeedstudio.com|/solutions-by-scenarios|Direct|mobile,2026-07-03,www.seeedstudio.com,/solutions-by-scenarios,Solutions by Scenarios,Direct,mobile,1,1,1,1.0,0.0,26.0,0,0.0,2026-06-29,2026-07-28 08:59:06
2026-07-04|www.seeedstudio.com|/blog/solutions-by-scenarios/|Direct|desktop,2026-07-04,www.seeedstudio.com,/blog/solutions-by-scenarios/,Solutions by Scenarios - Latest News from Seeed Studio,Direct,desktop,1,1,1,1.0,0.0,0.0,0,0.0,2026-06-29,2026-07-28 08:59:06
2026-07-04|www.seeedstudio.com|/blog/solutions-by-scenarios/|Organic Search|desktop,2026-07-04,www.seeedstudio.com,/blog/solutions-by-scenarios/,Solutions by Scenarios - Latest News from Seeed Studio,Organic Search,desktop,1,1,1,1.0,0.0,0.0,0,0.0,2026-06-29,2026-07-28 08:59:06
2026-07-04|www.seeedstudio.com|/blog/solutions-by-scenarios/|Paid Search|desktop,2026-07-04,www.seeedstudio.com,/blog/solutions-by-scenarios/,Solutions by Scenarios - Latest News from Seeed Studio,Paid Search,desktop,1,1,1,1.0,0.0,0.0,0,0.0,2026-06-29,2026-07-28 08:59:06
2026-07-04|www.seeedstudio.com|/blog/solutions-by-scenarios/|Paid Search|mobile,2026-07-04,www.seeedstudio.com,/blog/solutions-by-scenarios/,Solutions by Scenarios - Latest News from Seeed Studio,Paid Search,mobile,1,1,1,1.0,0.0,0.0,0,0.0,2026-06-29,2026-07-28 08:59:06
2026-07-05|www.seeedstudio.com|/blog/solutions-by-scenarios/|Organic Search|desktop,2026-07-05,www.seeedstudio.com,/blog/solutions-by-scenarios/,Solutions by Scenarios - Latest News from Seeed Studio,Organic Search,desktop,1,1,1,1.0,0.0,0.0,0,0.0,2026-06-29,2026-07-28 08:59:06
2026-07-05|www.seeedstudio.com|/blog/solutions-by-scenarios/|Organic Video|mobile,2026-07-05,www.seeedstudio.com,/blog/solutions-by-scenarios/,Solutions by Scenarios - Latest News from Seeed Studio,Organic Video,mobile,1,1,1,1.0,0.0,2.0,0,0.0,2026-06-29,2026-07-28 08:59:06
2026-07-05|www.seeedstudio.com|/blog/solutions-by-scenarios/|Paid Search|mobile,2026-07-05,www.seeedstudio.com,/blog/solutions-by-scenarios/,Solutions by Scenarios - Latest News from Seeed Studio,Paid Search,mobile,1,1,1,1.0,0.0,0.0,0,0.0,2026-06-29,2026-07-28 08:59:06
2026-07-05|www.seeedstudio.com|/blog/solutions-by-scenarios/|Paid Search|tablet,2026-07-05,www.seeedstudio.com,/blog/solutions-by-scenarios/,Solutions by Scenarios - Latest News from Seeed Studio,Paid Search,tablet,1,1,1,1.0,0.0,0.0,0,0.0,2026-06-29,2026-07-28 08:59:06
2026-07-05|www.seeedstudio.com|/solutions-by-scenarios|Paid Search|tablet,2026-07-05,www.seeedstudio.com,/solutions-by-scenarios,Solutions by Scenarios,Paid Search,tablet,1,1,1,1.0,0.0,44.0,0,0.0,2026-06-29,2026-07-28 08:59:06
2026-07-06|www.seeedstudio.com|/blog/solutions-by-scenarios/|Organic Search|desktop,2026-07-06,www.seeedstudio.com,/blog/solutions-by-scenarios/,Solutions by Scenarios - Latest News from Seeed Studio,Organic Search,desktop,1,1,1,1.0,0.0,0.0,0,0.0,2026-07-06,2026-07-28 08:59:06
2026-07-06|www.seeedstudio.com|/blog/solutions-by-scenarios/|Organic Video|mobile,2026-07-06,www.seeedstudio.com,/blog/solutions-by-scenarios/,Solutions by Scenarios - Latest News from Seeed Studio,Organic Video,mobile,1,1,1,1.0,0.0,0.0,0,0.0,2026-07-06,2026-07-28 08:59:06
2026-07-06|www.seeedstudio.com|/blog/solutions-by-scenarios/|Paid Search|desktop,2026-07-06,www.seeedstudio.com,/blog/solutions-by-scenarios/,Solutions by Scenarios - Latest News from Seeed Studio,Paid Search,desktop,1,1,1,1.0,0.0,0.0,0,0.0,2026-07-06,2026-07-28 08:59:06
2026-07-06|www.seeedstudio.com|/blog/solutions-by-scenarios/|Paid Search|mobile,2026-07-06,www.seeedstudio.com,/blog/solutions-by-scenarios/,Solutions by Scenarios - Latest News from Seeed Studio,Paid Search,mobile,1,1,1,1.0,0.0,56.0,0,0.0,2026-07-06,2026-07-28 08:59:06
2026-07-06|www.seeedstudio.com|/solutions-by-scenarios|Direct|mobile,2026-07-06,www.seeedstudio.com,/solutions-by-scenarios,Solutions by Scenarios,Direct,mobile,1,1,1,1.0,0.0,34.0,0,0.0,2026-07-06,2026-07-28 08:59:06
2026-07-06|www.seeedstudio.com|/solutions-by-scenarios|Organic Video|mobile,2026-07-06,www.seeedstudio.com,/solutions-by-scenarios,Solutions by Scenarios,Organic Video,mobile,1,1,1,1.0,0.0,0.0,0,0.0,2026-07-06,2026-07-28 08:59:06
2026-07-07|www.seeedstudio.com|/blog/solutions-by-scenarios/|Organic Social|mobile,2026-07-07,www.seeedstudio.com,/blog/solutions-by-scenarios/,Solutions by Scenarios - Latest News from Seeed Studio,Organic Social,mobile,1,1,1,1.0,0.0,0.0,0,0.0,2026-07-06,2026-07-28 08:59:06
2026-07-07|www.seeedstudio.com|/blog/solutions-by-scenarios/|Paid Search|desktop,2026-07-07,www.seeedstudio.com,/blog/solutions-by-scenarios/,Solutions by Scenarios - Latest News from Seeed Studio,Paid Search,desktop,1,1,1,1.0,0.0,0.0,0,0.0,2026-07-06,2026-07-28 08:59:06
2026-07-07|www.seeedstudio.com|/blog/solutions-by-scenarios/|Paid Search|mobile,2026-07-07,www.seeedstudio.com,/blog/solutions-by-scenarios/,Solutions by Scenarios - Latest News from Seeed Studio,Paid Search,mobile,1,1,1,1.0,0.0,0.0,0,0.0,2026-07-06,2026-07-28 08:59:06
2026-07-07|www.seeedstudio.com|/blog/solutions-by-scenarios/|Unassigned|mobile,2026-07-07,www.seeedstudio.com,/blog/solutions-by-scenarios/,Solutions by Scenarios - Latest News from Seeed Studio,Unassigned,mobile,1,1,1,1.0,0.0,0.0,0,0.0,2026-07-06,2026-07-28 08:59:06
2026-07-07|www.seeedstudio.com|/solutions-by-scenarios|Unassigned|mobile,2026-07-07,www.seeedstudio.com,/solutions-by-scenarios,Solutions by Scenarios,Unassigned,mobile,1,1,1,1.0,0.0,0.0,0,0.0,2026-07-06,2026-07-28 08:59:06
2026-07-08|www.seeedstudio.com|/blog/solutions-by-scenarios/|Direct|desktop,2026-07-08,www.seeedstudio.com,/blog/solutions-by-scenarios/,Solutions by Scenarios - Latest News from Seeed Studio,Direct,desktop,1,1,1,1.0,0.0,0.0,0,0.0,2026-07-06,2026-07-28 08:59:06
2026-07-08|www.seeedstudio.com|/blog/solutions-by-scenarios/|Organic Search|desktop,2026-07-08,www.seeedstudio.com,/blog/solutions-by-scenarios/,Solutions by Scenarios - Latest News from Seeed Studio,Organic Search,desktop,1,1,1,1.0,0.0,0.0,0,0.0,2026-07-06,2026-07-28 08:59:06
2026-07-08|www.seeedstudio.com|/blog/solutions-by-scenarios/|Referral|desktop,2026-07-08,www.seeedstudio.com,/blog/solutions-by-scenarios/,Solutions by Scenarios - Latest News from Seeed Studio,Referral,desktop,1,1,1,1.0,0.0,0.0,0,0.0,2026-07-06,2026-07-28 08:59:06
2026-07-09|www.seeedstudio.com|/blog/solutions-by-scenarios/|Direct|mobile,2026-07-09,www.seeedstudio.com,/blog/solutions-by-scenarios/,Solutions by Scenarios - Latest News from Seeed Studio,Direct,mobile,1,1,1,1.0,0.0,0.0,0,0.0,2026-07-06,2026-07-28 08:59:06
2026-07-09|www.seeedstudio.com|/blog/solutions-by-scenarios/|Organic Search|desktop,2026-07-09,www.seeedstudio.com,/blog/solutions-by-scenarios/,Solutions by Scenarios - Latest News from Seeed Studio,Organic Search,desktop,1,1,1,1.0,0.0,0.0,0,0.0,2026-07-06,2026-07-28 08:59:06
2026-07-09|www.seeedstudio.com|/blog/solutions-by-scenarios/|Organic Search|mobile,2026-07-09,www.seeedstudio.com,/blog/solutions-by-scenarios/,Solutions by Scenarios - Latest News from Seeed Studio,Organic Search,mobile,1,1,1,1.0,0.0,0.0,0,0.0,2026-07-06,2026-07-28 08:59:06
2026-07-09|www.seeedstudio.com|/solutions-by-scenarios|Organic Search|mobile,2026-07-09,www.seeedstudio.com,/solutions-by-scenarios,Solutions by Scenarios,Organic Search,mobile,1,1,1,1.0,0.0,39.0,0,0.0,2026-07-06,2026-07-28 08:59:06
2026-07-10|www.seeedstudio.com|/blog/solutions-by-scenarios/|Organic Search|desktop,2026-07-10,www.seeedstudio.com,/blog/solutions-by-scenarios/,Solutions by Scenarios - Latest News from Seeed Studio,Organic Search,desktop,1,1,1,1.0,0.0,12.0,0,0.0,2026-07-06,2026-07-28 08:59:06
2026-07-10|www.seeedstudio.com|/blog/solutions-by-scenarios/|Paid Search|mobile,2026-07-10,www.seeedstudio.com,/blog/solutions-by-scenarios/,Solutions by Scenarios - Latest News from Seeed Studio,Paid Search,mobile,1,1,1,1.0,0.0,0.0,0,0.0,2026-07-06,2026-07-28 08:59:06
2026-07-10|www.seeedstudio.com|/solutions-by-scenarios|Paid Search|mobile,2026-07-10,www.seeedstudio.com,/solutions-by-scenarios,Solutions by Scenarios,Paid Search,mobile,1,1,1,1.0,0.0,0.0,0,0.0,2026-07-06,2026-07-28 08:59:06
2026-07-11|www.seeedstudio.com|/blog/solutions-by-scenarios/|Organic Video|mobile,2026-07-11,www.seeedstudio.com,/blog/solutions-by-scenarios/,Solutions by Scenarios - Latest News from Seeed Studio,Organic Video,mobile,1,1,1,1.0,0.0,0.0,0,0.0,2026-07-06,2026-07-28 08:59:06
2026-07-11|www.seeedstudio.com|/blog/solutions-by-scenarios/|Paid Search|desktop,2026-07-11,www.seeedstudio.com,/blog/solutions-by-scenarios/,Solutions by Scenarios - Latest News from Seeed Studio,Paid Search,desktop,1,1,1,1.0,0.0,0.0,0,0.0,2026-07-06,2026-07-28 08:59:06
2026-07-11|www.seeedstudio.com|/blog/solutions-by-scenarios/|Paid Search|mobile,2026-07-11,www.seeedstudio.com,/blog/solutions-by-scenarios/,Solutions by Scenarios - Latest News from Seeed Studio,Paid Search,mobile,1,1,1,1.0,0.0,0.0,0,0.0,2026-07-06,2026-07-28 08:59:06
2026-07-11|www.seeedstudio.com|/blog/solutions-by-scenarios/|Unassigned|mobile,2026-07-11,www.seeedstudio.com,/blog/solutions-by-scenarios/,Solutions by Scenarios - Latest News from Seeed Studio,Unassigned,mobile,1,1,1,1.0,0.0,0.0,0,0.0,2026-07-06,2026-07-28 08:59:06
2026-07-11|www.seeedstudio.com|/solutions-by-scenarios|Organic Search|desktop,2026-07-11,www.seeedstudio.com,/solutions-by-scenarios,Solutions by Scenarios,Organic Search,desktop,1,1,1,1.0,0.0,14.0,0,0.0,2026-07-06,2026-07-28 08:59:06
2026-07-11|www.seeedstudio.com|/solutions-by-scenarios|Paid Search|desktop,2026-07-11,www.seeedstudio.com,/solutions-by-scenarios,Solutions by Scenarios,Paid Search,desktop,1,1,1,1.0,0.0,0.0,0,0.0,2026-07-06,2026-07-28 08:59:06
2026-07-11|www.seeedstudio.com|/solutions-by-scenarios|Paid Search|mobile,2026-07-11,www.seeedstudio.com,/solutions-by-scenarios,Solutions by Scenarios,Paid Search,mobile,1,1,1,1.0,0.0,0.0,0,0.0,2026-07-06,2026-07-28 08:59:06
2026-07-12|www.seeedstudio.com|/blog/solutions-by-scenarios/|Cross-network|mobile,2026-07-12,www.seeedstudio.com,/blog/solutions-by-scenarios/,Solutions by Scenarios - Latest News from Seeed Studio,Cross-network,mobile,1,1,1,1.0,0.0,0.0,0,0.0,2026-07-06,2026-07-28 08:59:06
2026-07-12|www.seeedstudio.com|/blog/solutions-by-scenarios/|Paid Search|mobile,2026-07-12,www.seeedstudio.com,/blog/solutions-by-scenarios/,Solutions by Scenarios - Latest News from Seeed Studio,Paid Search,mobile,1,1,1,1.0,0.0,0.0,0,0.0,2026-07-06,2026-07-28 08:59:06
2026-07-12|www.seeedstudio.com|/blog/solutions-by-scenarios/|Referral|desktop,2026-07-12,www.seeedstudio.com,/blog/solutions-by-scenarios/,Solutions by Scenarios - Latest News from Seeed Studio,Referral,desktop,1,1,1,1.0,0.0,0.0,0,0.0,2026-07-06,2026-07-28 08:59:06
2026-07-12|www.seeedstudio.com|/solutions-by-scenarios|Direct|desktop,2026-07-12,www.seeedstudio.com,/solutions-by-scenarios,Solutions by Scenarios,Direct,desktop,1,1,1,1.0,0.0,7.0,0,0.0,2026-07-06,2026-07-28 08:59:06
2026-07-13|www.seeedstudio.com|/blog/solutions-by-scenarios/|Direct|mobile,2026-07-13,www.seeedstudio.com,/blog/solutions-by-scenarios/,Solutions by Scenarios - Latest News from Seeed Studio,Direct,mobile,1,1,1,1.0,0.0,0.0,0,0.0,2026-07-13,2026-07-28 08:59:06
2026-07-13|www.seeedstudio.com|/blog/solutions-by-scenarios/|Organic Search|mobile,2026-07-13,www.seeedstudio.com,/blog/solutions-by-scenarios/,Solutions by Scenarios - Latest News from Seeed Studio,Organic Search,mobile,1,1,1,1.0,0.0,0.0,0,0.0,2026-07-13,2026-07-28 08:59:06
2026-07-13|www.seeedstudio.com|/solutions-by-scenarios|Organic Search|mobile,2026-07-13,www.seeedstudio.com,/solutions-by-scenarios,Solutions by Scenarios,Organic Search,mobile,1,1,1,1.0,0.0,6.0,0,0.0,2026-07-13,2026-07-28 08:59:06
2026-07-14|www.seeedstudio.com|/blog/solutions-by-scenarios/|Cross-network|mobile,2026-07-14,www.seeedstudio.com,/blog/solutions-by-scenarios/,Solutions by Scenarios - Latest News from Seeed Studio,Cross-network,mobile,1,1,1,1.0,0.0,0.0,0,0.0,2026-07-13,2026-07-28 08:59:06
2026-07-14|www.seeedstudio.com|/blog/solutions-by-scenarios/|Paid Search|mobile,2026-07-14,www.seeedstudio.com,/blog/solutions-by-scenarios/,Solutions by Scenarios - Latest News from Seeed Studio,Paid Search,mobile,1,1,1,1.0,0.0,0.0,0,0.0,2026-07-13,2026-07-28 08:59:06
2026-07-14|www.seeedstudio.com|/blog/solutions-by-scenarios/|Referral|desktop,2026-07-14,www.seeedstudio.com,/blog/solutions-by-scenarios/,Solutions by Scenarios - Latest News from Seeed Studio,Referral,desktop,1,1,1,1.0,0.0,0.0,0,0.0,2026-07-13,2026-07-28 08:59:06
2026-07-15|www.seeedstudio.com|/blog/solutions-by-scenarios/|Display|desktop,2026-07-15,www.seeedstudio.com,/blog/solutions-by-scenarios/,Solutions by Scenarios - Latest News from Seeed Studio,Display,desktop,1,1,1,1.0,0.0,0.0,0,0.0,2026-07-13,2026-07-28 08:59:06
2026-07-15|www.seeedstudio.com|/blog/solutions-by-scenarios/|Organic Search|mobile,2026-07-15,www.seeedstudio.com,/blog/solutions-by-scenarios/,Solutions by Scenarios - Latest News from Seeed Studio,Organic Search,mobile,1,1,1,1.0,0.0,0.0,0,0.0,2026-07-13,2026-07-28 08:59:06
2026-07-15|www.seeedstudio.com|/blog/solutions-by-scenarios/|Paid Search|mobile,2026-07-15,www.seeedstudio.com,/blog/solutions-by-scenarios/,Solutions by Scenarios - Latest News from Seeed Studio,Paid Search,mobile,1,1,1,1.0,0.0,0.0,0,0.0,2026-07-13,2026-07-28 08:59:06
2026-07-15|www.seeedstudio.com|/blog/solutions-by-scenarios/|Unassigned|mobile,2026-07-15,www.seeedstudio.com,/blog/solutions-by-scenarios/,Solutions by Scenarios - Latest News from Seeed Studio,Unassigned,mobile,1,1,1,1.0,0.0,0.0,0,0.0,2026-07-13,2026-07-28 08:59:06
2026-07-15|www.seeedstudio.com|/solutions-by-scenarios|Unassigned|mobile,2026-07-15,www.seeedstudio.com,/solutions-by-scenarios,Solutions by Scenarios,Unassigned,mobile,1,1,1,1.0,0.0,35.0,0,0.0,2026-07-13,2026-07-28 08:59:06
2026-07-16|www.seeedstudio.com|/blog/solutions-by-scenarios/|Organic Search|desktop,2026-07-16,www.seeedstudio.com,/blog/solutions-by-scenarios/,Solutions by Scenarios - Latest News from Seeed Studio,Organic Search,desktop,1,1,1,1.0,0.0,0.0,0,0.0,2026-07-13,2026-07-28 08:59:06
2026-07-16|www.seeedstudio.com|/blog/solutions-by-scenarios/|Organic Social|mobile,2026-07-16,www.seeedstudio.com,/blog/solutions-by-scenarios/,Solutions by Scenarios - Latest News from Seeed Studio,Organic Social,mobile,1,1,1,1.0,0.0,0.0,0,0.0,2026-07-13,2026-07-28 08:59:06
2026-07-16|www.seeedstudio.com|/blog/solutions-by-scenarios/|Paid Shopping|mobile,2026-07-16,www.seeedstudio.com,/blog/solutions-by-scenarios/,Solutions by Scenarios - Latest News from Seeed Studio,Paid Shopping,mobile,1,1,1,1.0,0.0,0.0,0,0.0,2026-07-13,2026-07-28 08:59:06
2026-07-16|www.seeedstudio.com|/blog/solutions-by-scenarios/|Referral|mobile,2026-07-16,www.seeedstudio.com,/blog/solutions-by-scenarios/,Solutions by Scenarios - Latest News from Seeed Studio,Referral,mobile,1,1,1,1.0,0.0,19.0,0,0.0,2026-07-13,2026-07-28 08:59:06
2026-07-16|www.seeedstudio.com|/blog/solutions-by-scenarios/|Unassigned|mobile,2026-07-16,www.seeedstudio.com,/blog/solutions-by-scenarios/,Solutions by Scenarios - Latest News from Seeed Studio,Unassigned,mobile,1,1,1,1.0,0.0,0.0,0,0.0,2026-07-13,2026-07-28 08:59:06
2026-07-16|www.seeedstudio.com|/solutions-by-scenarios|Organic Social|mobile,2026-07-16,www.seeedstudio.com,/solutions-by-scenarios,Solutions by Scenarios,Organic Social,mobile,1,1,1,1.0,0.0,62.0,0,0.0,2026-07-13,2026-07-28 08:59:06
2026-07-17|www.seeedstudio.com|/blog/solutions-by-scenarios/|Email|desktop,2026-07-17,www.seeedstudio.com,/blog/solutions-by-scenarios/,Solutions by Scenarios - Latest News from Seeed Studio,Email,desktop,1,1,1,1.0,0.0,0.0,0,0.0,2026-07-13,2026-07-28 08:59:06
2026-07-17|www.seeedstudio.com|/blog/solutions-by-scenarios/|Unassigned|mobile,2026-07-17,www.seeedstudio.com,/blog/solutions-by-scenarios/,Solutions by Scenarios - Latest News from Seeed Studio,Unassigned,mobile,1,1,1,1.0,0.0,0.0,0,0.0,2026-07-13,2026-07-28 08:59:06
2026-07-18|www.seeedstudio.com|/blog/solutions-by-scenarios/|Direct|mobile,2026-07-18,www.seeedstudio.com,/blog/solutions-by-scenarios/,Solutions by Scenarios - Latest News from Seeed Studio,Direct,mobile,1,1,1,1.0,0.0,0.0,0,0.0,2026-07-13,2026-07-28 08:59:06
2026-07-18|www.seeedstudio.com|/blog/solutions-by-scenarios/|Organic Search|mobile,2026-07-18,www.seeedstudio.com,/blog/solutions-by-scenarios/,Solutions by Scenarios - Latest News from Seeed Studio,Organic Search,mobile,1,1,1,1.0,0.0,0.0,0,0.0,2026-07-13,2026-07-28 08:59:06
2026-07-18|www.seeedstudio.com|/blog/solutions-by-scenarios/|Paid Search|mobile,2026-07-18,www.seeedstudio.com,/blog/solutions-by-scenarios/,Solutions by Scenarios - Latest News from Seeed Studio,Paid Search,mobile,1,1,1,1.0,0.0,0.0,0,0.0,2026-07-13,2026-07-28 08:59:06
2026-07-18|www.seeedstudio.com|/blog/solutions-by-scenarios/|Referral|mobile,2026-07-18,www.seeedstudio.com,/blog/solutions-by-scenarios/,Solutions by Scenarios - Latest News from Seeed Studio,Referral,mobile,1,1,1,1.0,0.0,0.0,0,0.0,2026-07-13,2026-07-28 08:59:06
2026-07-19|www.seeedstudio.com|/blog/solutions-by-scenarios/|Paid Search|mobile,2026-07-19,www.seeedstudio.com,/blog/solutions-by-scenarios/,Solutions by Scenarios - Latest News from Seeed Studio,Paid Search,mobile,1,1,1,1.0,0.0,0.0,0,0.0,2026-07-13,2026-07-28 08:59:06
2026-07-19|www.seeedstudio.com|/solutions-by-scenarios|Email|desktop,2026-07-19,www.seeedstudio.com,/solutions-by-scenarios,Solutions by Scenarios,Email,desktop,1,1,1,1.0,0.0,6.0,0,0.0,2026-07-13,2026-07-28 08:59:06
2026-07-20|www.seeedstudio.com|/blog/solutions-by-scenarios/|Email|mobile,2026-07-20,www.seeedstudio.com,/blog/solutions-by-scenarios/,Solutions by Scenarios - Latest News from Seeed Studio,Email,mobile,1,1,1,1.0,0.0,0.0,0,0.0,2026-07-20,2026-07-28 08:59:06
2026-07-21|www.seeedstudio.com|/solutions-by-scenarios|Direct|mobile,2026-07-21,www.seeedstudio.com,/solutions-by-scenarios,Solutions by Scenarios,Direct,mobile,1,1,1,1.0,0.0,0.0,0,0.0,2026-07-20,2026-07-28 08:59:06
2026-07-22|www.seeedstudio.com|/blog/solutions-by-scenarios/|Unassigned|desktop,2026-07-22,www.seeedstudio.com,/blog/solutions-by-scenarios/,Solutions by Scenarios - Latest News from Seeed Studio,Unassigned,desktop,1,1,1,1.0,0.0,0.0,0,0.0,2026-07-20,2026-07-28 08:59:06
2026-07-22|www.seeedstudio.com|/solutions/intelligent-video-analytics|Direct|desktop,2026-07-22,www.seeedstudio.com,/solutions/intelligent-video-analytics,Intelligent Video Analytics - solution,Direct,desktop,1,1,1,0.0,1.0,0.0,0,0.0,2026-07-20,2026-07-28 08:59:06
2026-07-23|www.seeedstudio.com|/blog/solutions-by-scenarios/|Direct|mobile,2026-07-23,www.seeedstudio.com,/blog/solutions-by-scenarios/,Solutions by Scenarios - Latest News from Seeed Studio,Direct,mobile,1,1,1,1.0,0.0,0.0,0,0.0,2026-07-20,2026-07-28 08:59:06
2026-07-23|www.seeedstudio.com|/blog/solutions-by-scenarios/|Organic Search|desktop,2026-07-23,www.seeedstudio.com,/blog/solutions-by-scenarios/,Solutions by Scenarios - Latest News from Seeed Studio,Organic Search,desktop,1,1,1,1.0,0.0,0.0,0,0.0,2026-07-20,2026-07-28 08:59:06
2026-07-23|www.seeedstudio.com|/solutions/intelligent-video-analytics|Email|mobile,2026-07-23,www.seeedstudio.com,/solutions/intelligent-video-analytics,Intelligent Video Analytics - solution,Email,mobile,1,1,1,1.0,0.0,0.0,0,0.0,2026-07-20,2026-07-28 08:59:06
2026-07-23|www.seeedstudio.com|/solutions/intelligent-video-analytics|Email|mobile,2026-07-23,www.seeedstudio.com,/solutions/intelligent-video-analytics,インテリジェントビデオ分析 - ソリューション,Email,mobile,1,1,2,0.5,0.5,1.0,0,0.0,2026-07-20,2026-07-28 08:59:06
2026-07-25|www.seeedstudio.com|/blog/solutions-by-scenarios/|Organic Search|desktop,2026-07-25,www.seeedstudio.com,/blog/solutions-by-scenarios/,Solutions by Scenarios - Latest News from Seeed Studio,Organic Search,desktop,1,1,1,1.0,0.0,0.0,0,0.0,2026-07-20,2026-07-28 08:59:06
2026-07-25|www.seeedstudio.com|/blog/solutions-by-scenarios/|Organic Search|mobile,2026-07-25,www.seeedstudio.com,/blog/solutions-by-scenarios/,Solutions by Scenarios - Latest News from Seeed Studio,Organic Search,mobile,1,1,1,1.0,0.0,0.0,0,0.0,2026-07-20,2026-07-28 08:59:06
2026-07-25|www.seeedstudio.com|/blog/solutions-by-scenarios/|Referral|desktop,2026-07-25,www.seeedstudio.com,/blog/solutions-by-scenarios/,Solutions by Scenarios - Latest News from Seeed Studio,Referral,desktop,1,1,1,1.0,0.0,0.0,0,0.0,2026-07-20,2026-07-28 08:59:06
2026-07-25|www.seeedstudio.com|/solutions-by-scenarios|Direct|mobile,2026-07-25,www.seeedstudio.com,/solutions-by-scenarios,Solutions by Scenarios,Direct,mobile,1,1,1,1.0,0.0,0.0,0,0.0,2026-07-20,2026-07-28 08:59:06
2026-07-26|www.seeedstudio.com|/blog/solutions-by-scenarios/|Organic Search|desktop,2026-07-26,www.seeedstudio.com,/blog/solutions-by-scenarios/,Solutions by Scenarios - Latest News from Seeed Studio,Organic Search,desktop,1,1,1,1.0,0.0,0.0,0,0.0,2026-07-20,2026-07-28 08:59:06
2026-07-27|www.seeedstudio.com|/blog/solutions-by-scenarios/|Unassigned|desktop,2026-07-27,www.seeedstudio.com,/blog/solutions-by-scenarios/,Solutions by Scenarios - Latest News from Seeed Studio,Unassigned,desktop,1,1,1,0.0,1.0,12.0,0,0.0,2026-07-27,2026-07-28 08:59:06
2026-07-27|www.seeedstudio.com|/solutions-by-scenarios|Cross-network|desktop,2026-07-27,www.seeedstudio.com,/solutions-by-scenarios,Solutions by Scenarios,Cross-network,desktop,1,1,1,0.0,1.0,0.0,0,0.0,2026-07-27,2026-07-28 08:59:06
2026-07-27|www.seeedstudio.com|/solutions-by-scenarios|Unassigned|desktop,2026-07-27,www.seeedstudio.com,/solutions-by-scenarios,Solutions by Scenarios,Unassigned,desktop,1,1,1,0.0,1.0,13.0,0,0.0,2026-07-27,2026-07-28 08:59:06
2026-07-02|www.seeedstudio.com|/solutions-by-scenarios|Unassigned|desktop,2026-07-02,www.seeedstudio.com,/solutions-by-scenarios,Решения по сценариям,Unassigned,desktop,0,1,1,1.0,0.0,7.0,0,0.0,2026-06-29,2026-07-28 08:59:06
2026-07-07|www.seeedstudio.com|/solutions-by-scenarios|Unassigned|mobile,2026-07-07,www.seeedstudio.com,/solutions-by-scenarios,Lösungen durch Szenarien,Unassigned,mobile,0,1,1,1.0,0.0,25.0,0,0.0,2026-07-06,2026-07-28 08:59:06
2026-07-08|www.seeedstudio.com|/solutions/intelligent-video-analytics|Organic Search|desktop,2026-07-08,www.seeedstudio.com,/solutions/intelligent-video-analytics,Intelligent Video Analytics - solution,Organic Search,desktop,0,1,1,1.0,0.0,0.0,0,0.0,2026-07-06,2026-07-28 08:59:06
2026-07-10|www.seeedstudio.com|/solutions-by-scenarios|Paid Search|mobile,2026-07-10,www.seeedstudio.com,/solutions-by-scenarios,Lösningar per scenario,Paid Search,mobile,0,1,1,1.0,0.0,66.0,0,0.0,2026-07-06,2026-07-28 08:59:06
2026-07-11|www.seeedstudio.com|/solutions-by-scenarios|Paid Search|desktop,2026-07-11,www.seeedstudio.com,/solutions-by-scenarios,Rozwiązania według scenariuszy,Paid Search,desktop,0,1,1,1.0,0.0,49.0,0,0.0,2026-07-06,2026-07-28 08:59:06
2026-07-17|www.seeedstudio.com|/solutions-by-scenarios|Unassigned|desktop,2026-07-17,www.seeedstudio.com,/solutions-by-scenarios,Solutions by Scenarios,Unassigned,desktop,0,1,1,0.0,1.0,2.0,0,0.0,2026-07-13,2026-07-28 08:59:06
2026-07-24|www.seeedstudio.com|/solutions/intelligent-video-analytics|Organic Search|desktop,2026-07-24,www.seeedstudio.com,/solutions/intelligent-video-analytics,Intelligent Video Analytics - solution,Organic Search,desktop,0,1,1,1.0,0.0,4.0,0,0.0,2026-07-20,2026-07-28 08:59:06
2026-07-23|www.seeedstudio.com|/solutions/smart-warehouse-management|Paid Search|desktop,2026-07-23,www.seeedstudio.com,/solutions/smart-warehouse-management,404 Page not found,Paid Search,desktop,4,1,1,1.0,0.0,5.0,0,0.0,2026-07-20,2026-07-28 08:59:06
2026-07-24|www.seeedstudio.com|/solutions/smart-warehouse-management|Organic Search|desktop,2026-07-24,www.seeedstudio.com,/solutions/smart-warehouse-management,404 Page not found,Organic Search,desktop,2,1,1,1.0,0.0,0.0,0,0.0,2026-07-20,2026-07-28 08:59:06
2026-07-05|www.seeedstudio.com|/intelligent-video-analytics|Paid Search|mobile,2026-07-05,www.seeedstudio.com,/intelligent-video-analytics,Intelligent Video Analytics,Paid Search,mobile,19,2,5,0.8,0.2,19.8,0,0.0,2026-06-29,2026-07-28 08:59:06
2026-07-04|www.seeedstudio.com|/intelligent-video-analytics|Paid Search|mobile,2026-07-04,www.seeedstudio.com,/intelligent-video-analytics,Intelligent Video Analytics,Paid Search,mobile,5,1,2,0.5,0.5,1.0,0,0.0,2026-06-29,2026-07-28 08:59:06
2026-07-07|www.seeedstudio.com|/intelligent-video-analytics|Paid Search|mobile,2026-07-07,www.seeedstudio.com,/intelligent-video-analytics,Intelligent Video Analytics,Paid Search,mobile,4,1,2,1.0,0.0,0.0,0,0.0,2026-07-06,2026-07-28 08:59:06
2026-07-13|www.seeedstudio.com|/intelligent-video-analytics|Organic Social|mobile,2026-07-13,www.seeedstudio.com,/intelligent-video-analytics,Intelligent Video Analytics,Organic Social,mobile,4,1,1,1.0,0.0,2.0,0,0.0,2026-07-13,2026-07-28 08:59:06
2026-07-20|www.seeedstudio.com|/solutions/intelligent-video-analytics|Direct|desktop,2026-07-20,www.seeedstudio.com,/solutions/intelligent-video-analytics,Intelligent Video Analytics - solution,Direct,desktop,4,2,2,1.0,0.0,99.0,0,0.0,2026-07-20,2026-07-28 08:59:06
2026-07-21|www.seeedstudio.com|/solutions/intelligent-video-analytics|Direct|desktop,2026-07-21,www.seeedstudio.com,/solutions/intelligent-video-analytics,Intelligent Video Analytics - solution,Direct,desktop,4,2,2,1.0,0.0,1.0,0,0.0,2026-07-20,2026-07-28 08:59:06
2026-07-23|www.seeedstudio.com|/solutions/intelligent-video-analytics|Organic Search|desktop,2026-07-23,www.seeedstudio.com,/solutions/intelligent-video-analytics,Intelligent Video Analytics - solution,Organic Search,desktop,4,2,3,0.6666666666666666,0.3333333333333333,15.33,0,0.0,2026-07-20,2026-07-28 08:59:06
2026-07-10|www.seeedstudio.com|/intelligent-video-analytics|Paid Search|mobile,2026-07-10,www.seeedstudio.com,/intelligent-video-analytics,Intelligent Video Analytics,Paid Search,mobile,3,1,1,1.0,0.0,3.0,0,0.0,2026-07-06,2026-07-28 08:59:06
2026-07-11|www.seeedstudio.com|/intelligent-video-analytics|Direct|mobile,2026-07-11,www.seeedstudio.com,/intelligent-video-analytics,Intelligent Video Analytics,Direct,mobile,3,1,1,1.0,0.0,32.0,0,0.0,2026-07-06,2026-07-28 08:59:06
2026-07-17|www.seeedstudio.com|/intelligent-video-analytics|Organic Search|mobile,2026-07-17,www.seeedstudio.com,/intelligent-video-analytics,Intelligent Video Analytics,Organic Search,mobile,3,1,2,0.5,0.5,0.0,0,0.0,2026-07-13,2026-07-28 08:59:06
2026-06-30|www.seeedstudio.com|/intelligent-video-analytics|Organic Search|mobile,2026-06-30,www.seeedstudio.com,/intelligent-video-analytics,Intelligent Video Analytics,Organic Search,mobile,2,1,1,1.0,0.0,22.0,0,0.0,2026-06-29,2026-07-28 08:59:06
2026-06-30|www.seeedstudio.com|/solutions/intelligent-video-analytics|Direct|desktop,2026-06-30,www.seeedstudio.com,/solutions/intelligent-video-analytics,Intelligent Video Analytics - solution,Direct,desktop,2,1,1,1.0,0.0,2.0,0,0.0,2026-06-29,2026-07-28 08:59:06
2026-06-30|www.seeedstudio.com|/solutions/intelligent-video-analytics|Unassigned|desktop,2026-06-30,www.seeedstudio.com,/solutions/intelligent-video-analytics,Intelligent Video Analytics - solution,Unassigned,desktop,2,1,1,1.0,0.0,11.0,0,0.0,2026-06-29,2026-07-28 08:59:06
2026-07-02|www.seeedstudio.com|/intelligent-video-analytics|Direct|desktop,2026-07-02,www.seeedstudio.com,/intelligent-video-analytics,Intelligent Video Analytics,Direct,desktop,2,1,1,1.0,0.0,0.0,0,0.0,2026-06-29,2026-07-28 08:59:06
2026-07-02|www.seeedstudio.com|/intelligent-video-analytics|Direct|mobile,2026-07-02,www.seeedstudio.com,/intelligent-video-analytics,Intelligent Video Analytics,Direct,mobile,2,1,1,1.0,0.0,82.0,0,0.0,2026-06-29,2026-07-28 08:59:06
2026-07-02|www.seeedstudio.com|/solutions/intelligent-video-analytics|Organic Search|desktop,2026-07-02,www.seeedstudio.com,/solutions/intelligent-video-analytics,Intelligent Video Analytics - solution,Organic Search,desktop,2,1,1,1.0,0.0,0.0,0,0.0,2026-06-29,2026-07-28 08:59:06
2026-07-03|www.seeedstudio.com|/intelligent-video-analytics|Email|mobile,2026-07-03,www.seeedstudio.com,/intelligent-video-analytics,Intelligent Video Analytics,Email,mobile,2,2,2,1.0,0.0,20.0,0,0.0,2026-06-29,2026-07-28 08:59:06
2026-07-03|www.seeedstudio.com|/solutions/intelligent-video-analytics|Organic Search|desktop,2026-07-03,www.seeedstudio.com,/solutions/intelligent-video-analytics,Intelligent Video Analytics - solution,Organic Search,desktop,2,2,2,1.0,0.0,37.5,0,0.0,2026-06-29,2026-07-28 08:59:06
2026-07-06|www.seeedstudio.com|/intelligent-video-analytics|Paid Search|mobile,2026-07-06,www.seeedstudio.com,/intelligent-video-analytics,Intelligent Video Analytics,Paid Search,mobile,2,1,1,1.0,0.0,0.0,0,0.0,2026-07-06,2026-07-28 08:59:06
2026-07-07|www.seeedstudio.com|/solutions/intelligent-video-analytics|AI Assistant|desktop,2026-07-07,www.seeedstudio.com,/solutions/intelligent-video-analytics,Intelligent Video Analytics - solution,AI Assistant,desktop,2,1,1,1.0,0.0,32.0,0,0.0,2026-07-06,2026-07-28 08:59:06
2026-07-07|www.seeedstudio.com|/solutions/intelligent-video-analytics|Organic Search|desktop,2026-07-07,www.seeedstudio.com,/solutions/intelligent-video-analytics,Intelligent Video Analytics - solution,Organic Search,desktop,2,1,1,1.0,0.0,1.0,0,0.0,2026-07-06,2026-07-28 08:59:06
2026-07-07|www.seeedstudio.com|/solutions/intelligent-video-analytics|Referral|desktop,2026-07-07,www.seeedstudio.com,/solutions/intelligent-video-analytics,Intelligent Video Analytics - solution,Referral,desktop,2,1,2,1.0,0.0,0.0,0,0.0,2026-07-06,2026-07-28 08:59:06
2026-07-10|www.seeedstudio.com|/solutions/intelligent-video-analytics|Referral|desktop,2026-07-10,www.seeedstudio.com,/solutions/intelligent-video-analytics,Intelligent Video Analytics - solution,Referral,desktop,2,1,1,1.0,0.0,30.0,0,0.0,2026-07-06,2026-07-28 08:59:06
2026-07-11|www.seeedstudio.com|/intelligent-video-analytics|Paid Search|mobile,2026-07-11,www.seeedstudio.com,/intelligent-video-analytics,Intelligent Video Analytics,Paid Search,mobile,2,1,1,1.0,0.0,60.0,0,0.0,2026-07-06,2026-07-28 08:59:06
2026-07-11|www.seeedstudio.com|/solutions/intelligent-video-analytics|Direct|desktop,2026-07-11,www.seeedstudio.com,/solutions/intelligent-video-analytics,Intelligent Video Analytics - solution,Direct,desktop,2,1,1,1.0,0.0,66.0,0,0.0,2026-07-06,2026-07-28 08:59:06
2026-07-13|www.seeedstudio.com|/intelligent-video-analytics|Cross-network|mobile,2026-07-13,www.seeedstudio.com,/intelligent-video-analytics,Intelligent Video Analytics,Cross-network,mobile,2,1,1,1.0,0.0,71.0,0,0.0,2026-07-13,2026-07-28 08:59:06
2026-07-13|www.seeedstudio.com|/intelligent-video-analytics|Organic Search|mobile,2026-07-13,www.seeedstudio.com,/intelligent-video-analytics,Intelligent Video Analytics,Organic Search,mobile,2,1,2,0.5,0.5,0.0,0,0.0,2026-07-13,2026-07-28 08:59:06
2026-07-13|www.seeedstudio.com|/solutions/intelligent-video-analytics|Display|desktop,2026-07-13,www.seeedstudio.com,/solutions/intelligent-video-analytics,Intelligent Video Analytics - solution,Display,desktop,2,1,1,1.0,0.0,0.0,0,0.0,2026-07-13,2026-07-28 08:59:06
2026-07-14|www.seeedstudio.com|/solutions/intelligent-video-analytics|Direct|desktop,2026-07-14,www.seeedstudio.com,/solutions/intelligent-video-analytics,Intelligent Video Analytics - solution,Direct,desktop,2,1,1,1.0,0.0,1.0,0,0.0,2026-07-13,2026-07-28 08:59:06
2026-07-14|www.seeedstudio.com|/solutions/intelligent-video-analytics|Display|desktop,2026-07-14,www.seeedstudio.com,/solutions/intelligent-video-analytics,Intelligent Video Analytics - solution,Display,desktop,2,1,1,1.0,0.0,0.0,0,0.0,2026-07-13,2026-07-28 08:59:06
2026-07-14|www.seeedstudio.com|/solutions/intelligent-video-analytics|Organic Search|desktop,2026-07-14,www.seeedstudio.com,/solutions/intelligent-video-analytics,Intelligent Video Analytics - solution,Organic Search,desktop,2,1,1,1.0,0.0,1.0,0,0.0,2026-07-13,2026-07-28 08:59:06
2026-07-14|www.seeedstudio.com|/solutions/intelligent-video-analytics|Paid Search|desktop,2026-07-14,www.seeedstudio.com,/solutions/intelligent-video-analytics,Intelligent Video Analytics - solution,Paid Search,desktop,2,1,1,1.0,0.0,10.0,0,0.0,2026-07-13,2026-07-28 08:59:06
2026-07-15|www.seeedstudio.com|/intelligent-video-analytics|Direct|mobile,2026-07-15,www.seeedstudio.com,/intelligent-video-analytics,Intelligent Video Analytics,Direct,mobile,2,1,1,1.0,0.0,15.0,0,0.0,2026-07-13,2026-07-28 08:59:06
2026-07-15|www.seeedstudio.com|/solutions/intelligent-video-analytics|Direct|desktop,2026-07-15,www.seeedstudio.com,/solutions/intelligent-video-analytics,Intelligent Video Analytics - solution,Direct,desktop,2,1,1,1.0,0.0,2.0,0,0.0,2026-07-13,2026-07-28 08:59:06
2026-07-15|www.seeedstudio.com|/solutions/intelligent-video-analytics|Display|desktop,2026-07-15,www.seeedstudio.com,/solutions/intelligent-video-analytics,Intelligent Video Analytics - solution,Display,desktop,2,1,1,1.0,0.0,0.0,0,0.0,2026-07-13,2026-07-28 08:59:06
2026-07-16|www.seeedstudio.com|/intelligent-video-analytics|Organic Search|mobile,2026-07-16,www.seeedstudio.com,/intelligent-video-analytics,Intelligent Video Analytics,Organic Search,mobile,2,1,1,1.0,0.0,0.0,0,0.0,2026-07-13,2026-07-28 08:59:06
2026-07-16|www.seeedstudio.com|/solutions/intelligent-video-analytics|Direct|desktop,2026-07-16,www.seeedstudio.com,/solutions/intelligent-video-analytics,Intelligent Video Analytics - solution,Direct,desktop,2,1,1,1.0,0.0,4.0,0,0.0,2026-07-13,2026-07-28 08:59:06
2026-07-17|www.seeedstudio.com|/solutions/intelligent-video-analytics|Direct|desktop,2026-07-17,www.seeedstudio.com,/solutions/intelligent-video-analytics,Intelligent Video Analytics - solution,Direct,desktop,2,1,1,1.0,0.0,6.0,0,0.0,2026-07-13,2026-07-28 08:59:06
2026-07-18|www.seeedstudio.com|/solutions/intelligent-video-analytics|Paid Search|desktop,2026-07-18,www.seeedstudio.com,/solutions/intelligent-video-analytics,Intelligent Video Analytics - solution,Paid Search,desktop,2,1,1,1.0,0.0,70.0,0,0.0,2026-07-13,2026-07-28 08:59:06
2026-07-22|www.seeedstudio.com|/solutions/intelligent-video-analytics|Referral|desktop,2026-07-22,www.seeedstudio.com,/solutions/intelligent-video-analytics,Intelligent Video Analytics - solution,Referral,desktop,2,1,1,1.0,0.0,8.0,0,0.0,2026-07-20,2026-07-28 08:59:06
2026-07-26|www.seeedstudio.com|/intelligent-video-analytics|Unassigned|mobile,2026-07-26,www.seeedstudio.com,/intelligent-video-analytics,Intelligent Video Analytics,Unassigned,mobile,2,1,1,1.0,0.0,29.0,0,0.0,2026-07-20,2026-07-28 08:59:06
2026-07-26|www.seeedstudio.com|/solutions/intelligent-video-analytics|Direct|desktop,2026-07-26,www.seeedstudio.com,/solutions/intelligent-video-analytics,Intelligent Video Analytics - solution,Direct,desktop,2,1,1,1.0,0.0,0.0,0,0.0,2026-07-20,2026-07-28 08:59:06
2026-06-30|www.seeedstudio.com|/intelligent-video-analytics|Direct|mobile,2026-06-30,www.seeedstudio.com,/intelligent-video-analytics,Intelligent Video Analytics,Direct,mobile,1,1,1,1.0,0.0,13.0,0,0.0,2026-06-29,2026-07-28 08:59:06
2026-07-01|www.seeedstudio.com|/intelligent-video-analytics|Direct|tablet,2026-07-01,www.seeedstudio.com,/intelligent-video-analytics,Intelligent Video Analytics,Direct,tablet,1,0,1,0.0,1.0,0.0,0,0.0,2026-06-29,2026-07-28 08:59:06
2026-07-01|www.seeedstudio.com|/intelligent-video-analytics|Referral|mobile,2026-07-01,www.seeedstudio.com,/intelligent-video-analytics,Intelligent Video Analytics,Referral,mobile,1,1,1,1.0,0.0,23.0,0,0.0,2026-06-29,2026-07-28 08:59:06
2026-07-03|www.seeedstudio.com|/intelligent-video-analytics|Direct|mobile,2026-07-03,www.seeedstudio.com,/intelligent-video-analytics,Intelligent Video Analytics,Direct,mobile,1,1,1,1.0,0.0,38.0,0,0.0,2026-06-29,2026-07-28 08:59:06
2026-07-12|www.seeedstudio.com|/intelligent-video-analytics|Organic Search|mobile,2026-07-12,www.seeedstudio.com,/intelligent-video-analytics,Intelligent Video Analytics,Organic Search,mobile,1,1,1,1.0,0.0,110.0,0,0.0,2026-07-06,2026-07-28 08:59:06
2026-07-16|www.seeedstudio.com|/intelligent-video-analytics|Direct|tablet,2026-07-16,www.seeedstudio.com,/intelligent-video-analytics,Intelligent Video Analytics,Direct,tablet,1,0,1,0.0,1.0,0.0,0,0.0,2026-07-13,2026-07-28 08:59:06
2026-07-22|www.seeedstudio.com|/solutions/intelligent-video-analytics|Direct|desktop,2026-07-22,www.seeedstudio.com,/solutions/intelligent-video-analytics,Intelligent Video Analytics - solution,Direct,desktop,1,1,1,0.0,1.0,0.0,0,0.0,2026-07-20,2026-07-28 08:59:06
2026-07-23|www.seeedstudio.com|/solutions/intelligent-video-analytics|Email|mobile,2026-07-23,www.seeedstudio.com,/solutions/intelligent-video-analytics,Intelligent Video Analytics - solution,Email,mobile,1,1,1,1.0,0.0,0.0,0,0.0,2026-07-20,2026-07-28 08:59:06
2026-07-23|www.seeedstudio.com|/solutions/intelligent-video-analytics|Email|mobile,2026-07-23,www.seeedstudio.com,/solutions/intelligent-video-analytics,インテリジェントビデオ分析 - ソリューション,Email,mobile,1,1,2,0.5,0.5,1.0,0,0.0,2026-07-20,2026-07-28 08:59:06
2026-07-27|www.seeedstudio.com|/intelligent-video-analytics|Direct|desktop,2026-07-27,www.seeedstudio.com,/intelligent-video-analytics,Intelligent Video Analytics,Direct,desktop,1,1,1,0.0,1.0,0.0,0,0.0,2026-07-27,2026-07-28 08:59:06
2026-07-08|www.seeedstudio.com|/solutions/intelligent-video-analytics|Organic Search|desktop,2026-07-08,www.seeedstudio.com,/solutions/intelligent-video-analytics,Intelligent Video Analytics - solution,Organic Search,desktop,0,1,1,1.0,0.0,0.0,0,0.0,2026-07-06,2026-07-28 08:59:06
2026-07-24|www.seeedstudio.com|/solutions/intelligent-video-analytics|Organic Search|desktop,2026-07-24,www.seeedstudio.com,/solutions/intelligent-video-analytics,Intelligent Video Analytics - solution,Organic Search,desktop,0,1,1,1.0,0.0,4.0,0,0.0,2026-07-20,2026-07-28 08:59:06
2026-07-24|www.seeedstudio.com|/Environment-Monitoring-c-2535.html|Organic Search|desktop,2026-07-24,www.seeedstudio.com,/Environment-Monitoring-c-2535.html,Environment Monitoring - Sensors & Actuators - Home Assistant,Organic Search,desktop,8,4,4,1.0,0.0,21.75,0,0.0,2026-07-20,2026-07-28 08:59:06
2026-07-26|www.seeedstudio.com|/Environment-Monitoring-c-2535.html|Direct|desktop,2026-07-26,www.seeedstudio.com,/Environment-Monitoring-c-2535.html,Environment Monitoring - Sensors & Actuators - Home Assistant,Direct,desktop,8,3,3,1.0,0.0,37.33,0,0.0,2026-07-20,2026-07-28 08:59:06
2026-07-27|www.seeedstudio.com|/Environment-Monitoring-c-2535.html|Unassigned|desktop,2026-07-27,www.seeedstudio.com,/Environment-Monitoring-c-2535.html,Environment Monitoring - Sensors & Actuators - Home Assistant,Unassigned,desktop,8,3,3,0.0,1.0,17.33,0,0.0,2026-07-27,2026-07-28 08:59:06
2026-07-02|www.seeedstudio.com|/Environment-Monitoring-c-2535.html|Organic Search|desktop,2026-07-02,www.seeedstudio.com,/Environment-Monitoring-c-2535.html,Environment Monitoring - Sensors & Actuators - Home Assistant,Organic Search,desktop,6,3,4,0.75,0.25,16.0,0,0.0,2026-06-29,2026-07-28 08:59:06
2026-07-16|www.seeedstudio.com|/Environment-Monitoring-c-2535.html|Referral|desktop,2026-07-16,www.seeedstudio.com,/Environment-Monitoring-c-2535.html,Environment Monitoring - Sensors & Actuators - Home Assistant,Referral,desktop,6,3,3,1.0,0.0,28.0,0,0.0,2026-07-13,2026-07-28 08:59:06
2026-06-30|www.seeedstudio.com|/Environment-Monitoring-c-2535.html|Organic Search|desktop,2026-06-30,www.seeedstudio.com,/Environment-Monitoring-c-2535.html,Environment Monitoring - Sensors & Actuators - Home Assistant,Organic Search,desktop,5,4,4,1.0,0.0,25.5,0,0.0,2026-06-29,2026-07-28 08:59:06
2026-06-30|www.seeedstudio.com|/Environment-Monitoring-c-2535.html|Paid Search|desktop,2026-06-30,www.seeedstudio.com,/Environment-Monitoring-c-2535.html,Environment Monitoring - Sensors & Actuators - Home Assistant,Paid Search,desktop,5,2,2,1.0,0.0,21.0,0,0.0,2026-06-29,2026-07-28 08:59:06
2026-07-10|www.seeedstudio.com|/Environment-Monitoring-c-2535.html|Paid Search|desktop,2026-07-10,www.seeedstudio.com,/Environment-Monitoring-c-2535.html,Environment Monitoring - Sensors & Actuators - Home Assistant,Paid Search,desktop,5,2,2,1.0,0.0,18.5,0,0.0,2026-07-06,2026-07-28 08:59:06
2026-07-15|www.seeedstudio.com|/Environment-Monitoring-c-2535.html|Unassigned|desktop,2026-07-15,www.seeedstudio.com,/Environment-Monitoring-c-2535.html,Environment Monitoring - Sensors & Actuators - Home Assistant,Unassigned,desktop,5,2,3,1.0,0.0,17.33,0,0.0,2026-07-13,2026-07-28 08:59:06
2026-07-01|www.seeedstudio.com|/Environment-Monitoring-c-2535.html|Referral|desktop,2026-07-01,www.seeedstudio.com,/Environment-Monitoring-c-2535.html,Environment Monitoring - Sensors & Actuators - Home Assistant,Referral,desktop,4,2,2,1.0,0.0,12.0,0,0.0,2026-06-29,2026-07-28 08:59:06
2026-07-04|www.seeedstudio.com|/industries/environment-monitoring|Unassigned|mobile,2026-07-04,www.seeedstudio.com,/industries/environment-monitoring,Environment monitoring - solution,Unassigned,mobile,4,2,2,0.0,1.0,6.0,0,0.0,2026-06-29,2026-07-28 08:59:06
2026-07-07|www.seeedstudio.com|/Environment-Monitoring-c-2535.html|Organic Search|desktop,2026-07-07,www.seeedstudio.com,/Environment-Monitoring-c-2535.html,Environment Monitoring - Sensors & Actuators - Home Assistant,Organic Search,desktop,4,3,3,1.0,0.0,11.33,0,0.0,2026-07-06,2026-07-28 08:59:06
2026-07-07|www.seeedstudio.com|/Environment-Monitoring-c-2535.html|Paid Search|desktop,2026-07-07,www.seeedstudio.com,/Environment-Monitoring-c-2535.html,Environment Monitoring - Sensors & Actuators - Home Assistant,Paid Search,desktop,4,2,2,1.0,0.0,17.0,0,0.0,2026-07-06,2026-07-28 08:59:06
2026-07-10|www.seeedstudio.com|/Environment-Monitoring-c-2535.html|Unassigned|desktop,2026-07-10,www.seeedstudio.com,/Environment-Monitoring-c-2535.html,Environment Monitoring - Sensors & Actuators - Home Assistant,Unassigned,desktop,4,2,2,1.0,0.0,12.5,0,0.0,2026-07-06,2026-07-28 08:59:06
2026-07-13|www.seeedstudio.com|/Environment-Monitoring-c-2535.html|Paid Search|desktop,2026-07-13,www.seeedstudio.com,/Environment-Monitoring-c-2535.html,Environment Monitoring - Sensors & Actuators - Home Assistant,Paid Search,desktop,4,2,2,1.0,0.0,23.5,0,0.0,2026-07-13,2026-07-28 08:59:06
2026-07-15|www.seeedstudio.com|/Environment-Monitoring-c-2535.html|Paid Search|desktop,2026-07-15,www.seeedstudio.com,/Environment-Monitoring-c-2535.html,Environment Monitoring - Sensors & Actuators - Home Assistant,Paid Search,desktop,4,2,2,1.0,0.0,6.0,0,0.0,2026-07-13,2026-07-28 08:59:06
2026-07-16|www.seeedstudio.com|/Environment-Monitoring-c-2535.html|Organic Search|desktop,2026-07-16,www.seeedstudio.com,/Environment-Monitoring-c-2535.html,Environment Monitoring - Sensors & Actuators - Home Assistant,Organic Search,desktop,4,2,2,1.0,0.0,29.5,0,0.0,2026-07-13,2026-07-28 08:59:06
2026-07-16|www.seeedstudio.com|/Environment-Monitoring-c-2535.html|Paid Search|desktop,2026-07-16,www.seeedstudio.com,/Environment-Monitoring-c-2535.html,Environment Monitoring - Sensors & Actuators - Home Assistant,Paid Search,desktop,4,1,2,1.0,0.0,2.5,0,0.0,2026-07-13,2026-07-28 08:59:06
2026-07-18|www.seeedstudio.com|/Environment-Monitoring-c-2535.html|Cross-network|desktop,2026-07-18,www.seeedstudio.com,/Environment-Monitoring-c-2535.html,Environment Monitoring - Sensors & Actuators - Home Assistant,Cross-network,desktop,4,1,1,1.0,0.0,42.0,0,0.0,2026-07-13,2026-07-28 08:59:06
2026-07-21|www.seeedstudio.com|/Environment-Monitoring-c-2535.html|Organic Search|desktop,2026-07-21,www.seeedstudio.com,/Environment-Monitoring-c-2535.html,Environment Monitoring - Sensors & Actuators - Home Assistant,Organic Search,desktop,4,2,2,1.0,0.0,19.5,0,0.0,2026-07-20,2026-07-28 08:59:06
2026-07-21|www.seeedstudio.com|/Environment-Monitoring-c-2535.html|Paid Search|desktop,2026-07-21,www.seeedstudio.com,/Environment-Monitoring-c-2535.html,Environment Monitoring - Sensors & Actuators - Home Assistant,Paid Search,desktop,4,1,2,1.0,0.0,0.0,0,0.0,2026-07-20,2026-07-28 08:59:06
2026-07-23|www.seeedstudio.com|/Environment-Monitoring-c-2535.html|Paid Shopping|tablet,2026-07-23,www.seeedstudio.com,/Environment-Monitoring-c-2535.html,Bazaar,Paid Shopping,tablet,4,1,1,1.0,0.0,14.0,0,0.0,2026-07-20,2026-07-28 08:59:06
2026-07-26|www.seeedstudio.com|/Environment-Monitoring-c-2535.html|Organic Search|desktop,2026-07-26,www.seeedstudio.com,/Environment-Monitoring-c-2535.html,Environment Monitoring - Sensors & Actuators - Home Assistant,Organic Search,desktop,4,2,2,1.0,0.0,19.0,0,0.0,2026-07-20,2026-07-28 08:59:06
2026-07-01|www.seeedstudio.com|/Environment-Monitoring-c-2535.html|Organic Search|desktop,2026-07-01,www.seeedstudio.com,/Environment-Monitoring-c-2535.html,Environment Monitoring - Sensors & Actuators - Home Assistant,Organic Search,desktop,3,2,2,1.0,0.0,2.5,0,0.0,2026-06-29,2026-07-28 08:59:06
2026-07-04|www.seeedstudio.com|/Environment-Monitoring-c-2535.html|Referral|desktop,2026-07-04,www.seeedstudio.com,/Environment-Monitoring-c-2535.html,Environment Monitoring - Sensors & Actuators - Home Assistant,Referral,desktop,3,2,2,1.0,0.0,0.5,0,0.0,2026-06-29,2026-07-28 08:59:06
2026-07-16|www.seeedstudio.com|/Environment-Monitoring-c-2535.html|Unassigned|desktop,2026-07-16,www.seeedstudio.com,/Environment-Monitoring-c-2535.html,Environment Monitoring - Sensors & Actuators - Home Assistant,Unassigned,desktop,3,2,2,1.0,0.0,29.0,0,0.0,2026-07-13,2026-07-28 08:59:06
2026-07-19|www.seeedstudio.com|/Environment-Monitoring-c-2535.html|Referral|desktop,2026-07-19,www.seeedstudio.com,/Environment-Monitoring-c-2535.html,Environment Monitoring - Sensors & Actuators - Home Assistant,Referral,desktop,3,1,1,1.0,0.0,19.0,0,0.0,2026-07-13,2026-07-28 08:59:06
2026-07-20|www.seeedstudio.com|/Environment-Monitoring-c-2535.html|Referral|desktop,2026-07-20,www.seeedstudio.com,/Environment-Monitoring-c-2535.html,Environment Monitoring - Sensors & Actuators - Home Assistant,Referral,desktop,3,2,2,1.0,0.0,35.5,0,0.0,2026-07-20,2026-07-28 08:59:06
2026-06-30|www.seeedstudio.com|/Environment-Monitoring-c-2535.html|Direct|desktop,2026-06-30,www.seeedstudio.com,/Environment-Monitoring-c-2535.html,Environment Monitoring - Sensors & Actuators - Home Assistant,Direct,desktop,2,2,2,1.0,0.0,20.5,0,0.0,2026-06-29,2026-07-28 08:59:06
2026-07-01|www.seeedstudio.com|/Environment-Monitoring-c-2535.html|Direct|desktop,2026-07-01,www.seeedstudio.com,/Environment-Monitoring-c-2535.html,Environment Monitoring - Sensors & Actuators - Home Assistant,Direct,desktop,2,1,1,1.0,0.0,3.0,0,0.0,2026-06-29,2026-07-28 08:59:06
2026-07-01|www.seeedstudio.com|/Environment-Monitoring-c-2535.html|Unassigned|desktop,2026-07-01,www.seeedstudio.com,/Environment-Monitoring-c-2535.html,Environment Monitoring - Sensors & Actuators - Home Assistant,Unassigned,desktop,2,1,1,1.0,0.0,16.0,0,0.0,2026-06-29,2026-07-28 08:59:06
2026-07-02|www.seeedstudio.com|/Environment-Monitoring-c-2535.html|Cross-network|desktop,2026-07-02,www.seeedstudio.com,/Environment-Monitoring-c-2535.html,Environment Monitoring - Sensors & Actuators - Home Assistant,Cross-network,desktop,2,1,1,1.0,0.0,2.0,0,0.0,2026-06-29,2026-07-28 08:59:06
2026-07-03|www.seeedstudio.com|/Environment-Monitoring-c-2535.html|Direct|desktop,2026-07-03,www.seeedstudio.com,/Environment-Monitoring-c-2535.html,Environment Monitoring - Sensors & Actuators - Home Assistant,Direct,desktop,2,1,1,1.0,0.0,3.0,0,0.0,2026-06-29,2026-07-28 08:59:06
2026-07-03|www.seeedstudio.com|/Environment-Monitoring-c-2535.html|Paid Shopping|desktop,2026-07-03,www.seeedstudio.com,/Environment-Monitoring-c-2535.html,Environment Monitoring - Sensors & Actuators - Home Assistant,Paid Shopping,desktop,2,1,1,1.0,0.0,0.0,0,0.0,2026-06-29,2026-07-28 08:59:06
2026-07-03|www.seeedstudio.com|/industries/environment-monitoring|Email|mobile,2026-07-03,www.seeedstudio.com,/industries/environment-monitoring,Environment monitoring - solution,Email,mobile,2,1,1,1.0,0.0,218.0,0,0.0,2026-06-29,2026-07-28 08:59:06
2026-07-03|www.seeedstudio.com|/industries/environment-monitoring|Unassigned|mobile,2026-07-03,www.seeedstudio.com,/industries/environment-monitoring,Environment monitoring - solution,Unassigned,mobile,2,1,1,1.0,0.0,42.0,0,0.0,2026-06-29,2026-07-28 08:59:06
2026-07-04|www.seeedstudio.com|/Environment-Monitoring-c-2535.html|Cross-network|desktop,2026-07-04,www.seeedstudio.com,/Environment-Monitoring-c-2535.html,Environment Monitoring - Sensors & Actuators - Home Assistant,Cross-network,desktop,2,1,1,1.0,0.0,18.0,0,0.0,2026-06-29,2026-07-28 08:59:06
2026-07-04|www.seeedstudio.com|/Environment-Monitoring-c-2535.html|Direct|desktop,2026-07-04,www.seeedstudio.com,/Environment-Monitoring-c-2535.html,Environment Monitoring - Sensors & Actuators - Home Assistant,Direct,desktop,2,1,2,1.0,0.0,6.0,0,0.0,2026-06-29,2026-07-28 08:59:06
2026-07-04|www.seeedstudio.com|/industries/environment-monitoring|Cross-network|mobile,2026-07-04,www.seeedstudio.com,/industries/environment-monitoring,Environment monitoring - solution,Cross-network,mobile,2,1,1,1.0,0.0,13.0,0,0.0,2026-06-29,2026-07-28 08:59:06
2026-07-04|www.seeedstudio.com|/industries/environment-monitoring|Direct|desktop,2026-07-04,www.seeedstudio.com,/industries/environment-monitoring,Environment monitoring - solution,Direct,desktop,2,1,1,1.0,0.0,37.0,0,0.0,2026-06-29,2026-07-28 08:59:06
2026-07-05|www.seeedstudio.com|/Environment-Monitoring-c-2535.html|Direct|desktop,2026-07-05,www.seeedstudio.com,/Environment-Monitoring-c-2535.html,Environment Monitoring - Sensors & Actuators - Home Assistant,Direct,desktop,2,1,1,1.0,0.0,3.0,0,0.0,2026-06-29,2026-07-28 08:59:06
2026-07-05|www.seeedstudio.com|/industries/environment-monitoring|Organic Video|mobile,2026-07-05,www.seeedstudio.com,/industries/environment-monitoring,Environment monitoring - solution,Organic Video,mobile,2,1,1,1.0,0.0,0.0,0,0.0,2026-06-29,2026-07-28 08:59:06
2026-07-06|shop.seeedstudio.com.cn|/Environment-Monitoring-c-2535.html|Direct|desktop,2026-07-06,shop.seeedstudio.com.cn,/Environment-Monitoring-c-2535.html,Environment Monitoring - Sensors & Actuators - Home Assistant,Direct,desktop,2,1,1,1.0,0.0,18.0,0,0.0,2026-07-06,2026-07-28 08:59:06
2026-07-06|www.seeedstudio.com|/Environment-Monitoring-c-2535.html|Direct|desktop,2026-07-06,www.seeedstudio.com,/Environment-Monitoring-c-2535.html,Environment Monitoring - Sensors & Actuators - Home Assistant,Direct,desktop,2,1,1,1.0,0.0,57.0,0,0.0,2026-07-06,2026-07-28 08:59:06
2026-07-06|www.seeedstudio.com|/industries/environment-monitoring|Organic Search|mobile,2026-07-06,www.seeedstudio.com,/industries/environment-monitoring,Environment monitoring - solution,Organic Search,mobile,2,1,1,1.0,0.0,2.0,0,0.0,2026-07-06,2026-07-28 08:59:06
2026-07-07|www.seeedstudio.com|/Environment-Monitoring-c-2535.html|Direct|desktop,2026-07-07,www.seeedstudio.com,/Environment-Monitoring-c-2535.html,Environment Monitoring - Sensors & Actuators - Home Assistant,Direct,desktop,2,1,1,1.0,0.0,9.0,0,0.0,2026-07-06,2026-07-28 08:59:06
2026-07-07|www.seeedstudio.com|/Environment-Monitoring-c-2535.html|Referral|desktop,2026-07-07,www.seeedstudio.com,/Environment-Monitoring-c-2535.html,Environment Monitoring - Sensors & Actuators - Home Assistant,Referral,desktop,2,1,1,1.0,0.0,25.0,0,0.0,2026-07-06,2026-07-28 08:59:06
2026-07-07|www.seeedstudio.com|/industries/environment-monitoring|Direct|desktop,2026-07-07,www.seeedstudio.com,/industries/environment-monitoring,Environment monitoring - solution,Direct,desktop,2,1,2,0.5,0.5,1.0,0,0.0,2026-07-06,2026-07-28 08:59:06
2026-07-08|www.seeedstudio.com|/industries/environment-monitoring|Referral|desktop,2026-07-08,www.seeedstudio.com,/industries/environment-monitoring,Environment monitoring - solution,Referral,desktop,2,1,1,1.0,0.0,13.0,0,0.0,2026-07-06,2026-07-28 08:59:06
2026-07-09|www.seeedstudio.com|/Environment-Monitoring-c-2535.html|Referral|desktop,2026-07-09,www.seeedstudio.com,/Environment-Monitoring-c-2535.html,Environment Monitoring - Sensors & Actuators - Home Assistant,Referral,desktop,2,1,1,1.0,0.0,40.0,0,0.0,2026-07-06,2026-07-28 08:59:06
2026-07-10|www.seeedstudio.com|/Environment-Monitoring-c-2535.html|Organic Search|desktop,2026-07-10,www.seeedstudio.com,/Environment-Monitoring-c-2535.html,Environment Monitoring - Sensors & Actuators - Home Assistant,Organic Search,desktop,2,1,1,1.0,0.0,3.0,0,0.0,2026-07-06,2026-07-28 08:59:06
2026-07-10|www.seeedstudio.com|/Environment-Monitoring-c-2535.html|Referral|desktop,2026-07-10,www.seeedstudio.com,/Environment-Monitoring-c-2535.html,Environment Monitoring - Sensors & Actuators - Home Assistant,Referral,desktop,2,1,1,1.0,0.0,46.0,0,0.0,2026-07-06,2026-07-28 08:59:06
2026-07-11|www.seeedstudio.com|/industries/environment-monitoring|Direct|desktop,2026-07-11,www.seeedstudio.com,/industries/environment-monitoring,Environment monitoring - solution,Direct,desktop,2,1,1,1.0,0.0,0.0,0,0.0,2026-07-06,2026-07-28 08:59:06
2026-07-11|www.seeedstudio.com|/industries/environment-monitoring|Direct|mobile,2026-07-11,www.seeedstudio.com,/industries/environment-monitoring,Environment monitoring - solution,Direct,mobile,2,1,1,1.0,0.0,45.0,0,0.0,2026-07-06,2026-07-28 08:59:06
2026-07-12|www.seeedstudio.com|/Environment-Monitoring-c-2535.html|Paid Search|desktop,2026-07-12,www.seeedstudio.com,/Environment-Monitoring-c-2535.html,Environment Monitoring - Sensors & Actuators - Home Assistant,Paid Search,desktop,2,1,1,1.0,0.0,3.0,0,0.0,2026-07-06,2026-07-28 08:59:06
2026-07-13|www.seeedstudio.com|/Environment-Monitoring-c-2535.html|Organic Search|desktop,2026-07-13,www.seeedstudio.com,/Environment-Monitoring-c-2535.html,Environment Monitoring - Sensors & Actuators - Home Assistant,Organic Search,desktop,2,1,1,1.0,0.0,24.0,0,0.0,2026-07-13,2026-07-28 08:59:06
2026-07-13|www.seeedstudio.com|/Environment-Monitoring-c-2535.html|Referral|desktop,2026-07-13,www.seeedstudio.com,/Environment-Monitoring-c-2535.html,Environment Monitoring - Sensors & Actuators - Home Assistant,Referral,desktop,2,1,1,1.0,0.0,4.0,0,0.0,2026-07-13,2026-07-28 08:59:06
2026-07-14|www.seeedstudio.com|/industries/environment-monitoring|Direct|mobile,2026-07-14,www.seeedstudio.com,/industries/environment-monitoring,Environment monitoring - solution,Direct,mobile,2,1,1,1.0,0.0,0.0,0,0.0,2026-07-13,2026-07-28 08:59:06
2026-07-15|www.seeedstudio.com|/Environment-Monitoring-c-2535.html|Display|desktop,2026-07-15,www.seeedstudio.com,/Environment-Monitoring-c-2535.html,Environment Monitoring - Sensors & Actuators - Home Assistant,Display,desktop,2,1,1,1.0,0.0,4.0,0,0.0,2026-07-13,2026-07-28 08:59:06
2026-07-16|www.seeedstudio.com|/Environment-Monitoring-c-2535.html|Direct|desktop,2026-07-16,www.seeedstudio.com,/Environment-Monitoring-c-2535.html,Environment Monitoring - Sensors & Actuators - Home Assistant,Direct,desktop,2,1,1,1.0,0.0,27.0,0,0.0,2026-07-13,2026-07-28 08:59:06
2026-07-17|www.seeedstudio.com|/Environment-Monitoring-c-2535.html|Organic Search|desktop,2026-07-17,www.seeedstudio.com,/Environment-Monitoring-c-2535.html,Environment Monitoring - Sensors & Actuators - Home Assistant,Organic Search,desktop,2,1,1,1.0,0.0,10.0,0,0.0,2026-07-13,2026-07-28 08:59:06
2026-07-17|www.seeedstudio.com|/industries/environment-monitoring|Direct|desktop,2026-07-17,www.seeedstudio.com,/industries/environment-monitoring,Environment monitoring - solution,Direct,desktop,2,1,1,1.0,0.0,25.0,0,0.0,2026-07-13,2026-07-28 08:59:06
2026-07-17|www.seeedstudio.com|/industries/environment-monitoring|Unassigned|mobile,2026-07-17,www.seeedstudio.com,/industries/environment-monitoring,Environment monitoring - solution,Unassigned,mobile,2,1,1,1.0,0.0,12.0,1,0.0,2026-07-13,2026-07-28 08:59:06
2026-07-18|www.seeedstudio.com|/Environment-Monitoring-c-2535.html|Direct|desktop,2026-07-18,www.seeedstudio.com,/Environment-Monitoring-c-2535.html,Environment Monitoring - Sensors & Actuators - Home Assistant,Direct,desktop,2,1,1,1.0,0.0,43.0,0,0.0,2026-07-13,2026-07-28 08:59:06
2026-07-18|www.seeedstudio.com|/Environment-Monitoring-c-2535.html|Paid Search|desktop,2026-07-18,www.seeedstudio.com,/Environment-Monitoring-c-2535.html,Environment Monitoring - Sensors & Actuators - Home Assistant,Paid Search,desktop,2,1,1,1.0,0.0,35.0,0,0.0,2026-07-13,2026-07-28 08:59:06
2026-07-18|www.seeedstudio.com|/Environment-Monitoring-c-2535.html|Referral|desktop,2026-07-18,www.seeedstudio.com,/Environment-Monitoring-c-2535.html,Environment Monitoring - Sensors & Actuators - Home Assistant,Referral,desktop,2,1,1,1.0,0.0,81.0,0,0.0,2026-07-13,2026-07-28 08:59:06
2026-07-18|www.seeedstudio.com|/Environment-Monitoring-c-2535.html|Unassigned|desktop,2026-07-18,www.seeedstudio.com,/Environment-Monitoring-c-2535.html,Environment Monitoring - Sensors & Actuators - Home Assistant,Unassigned,desktop,2,1,1,1.0,0.0,9.0,0,0.0,2026-07-13,2026-07-28 08:59:06
2026-07-18|www.seeedstudio.com|/industries/environment-monitoring|Paid Search|mobile,2026-07-18,www.seeedstudio.com,/industries/environment-monitoring,Environment monitoring - solution,Paid Search,mobile,2,1,1,1.0,0.0,0.0,0,0.0,2026-07-13,2026-07-28 08:59:06
2026-07-19|www.seeedstudio.com|/Environment-Monitoring-c-2535.html|Direct|desktop,2026-07-19,www.seeedstudio.com,/Environment-Monitoring-c-2535.html,Environment Monitoring - Sensors & Actuators - Home Assistant,Direct,desktop,2,1,1,1.0,0.0,9.0,0,0.0,2026-07-13,2026-07-28 08:59:06
2026-07-19|www.seeedstudio.com|/Environment-Monitoring-c-2535.html|Email|desktop,2026-07-19,www.seeedstudio.com,/Environment-Monitoring-c-2535.html,Environment Monitoring - Sensors & Actuators - Home Assistant,Email,desktop,2,1,1,1.0,0.0,16.0,0,0.0,2026-07-13,2026-07-28 08:59:06
2026-07-19|www.seeedstudio.com|/industries/environment-monitoring|Direct|mobile,2026-07-19,www.seeedstudio.com,/industries/environment-monitoring,Environment monitoring - solution,Direct,mobile,2,1,1,1.0,0.0,6.0,0,0.0,2026-07-13,2026-07-28 08:59:06
2026-07-20|www.seeedstudio.com|/Environment-Monitoring-c-2535.html|Organic Search|desktop,2026-07-20,www.seeedstudio.com,/Environment-Monitoring-c-2535.html,Environment Monitoring - Sensors & Actuators - Home Assistant,Organic Search,desktop,2,1,1,1.0,0.0,1.0,0,0.0,2026-07-20,2026-07-28 08:59:06
2026-07-20|www.seeedstudio.com|/Environment-Monitoring-c-2535.html|Paid Search|desktop,2026-07-20,www.seeedstudio.com,/Environment-Monitoring-c-2535.html,Environment Monitoring - Sensors & Actuators - Home Assistant,Paid Search,desktop,2,1,1,1.0,0.0,33.0,0,0.0,2026-07-20,2026-07-28 08:59:06
2026-07-21|www.seeedstudio.com|/Environment-Monitoring-c-2535.html|Unassigned|desktop,2026-07-21,www.seeedstudio.com,/Environment-Monitoring-c-2535.html,Environment Monitoring - Sensors & Actuators - Home Assistant,Unassigned,desktop,2,2,2,0.5,0.5,11.5,0,0.0,2026-07-20,2026-07-28 08:59:06
2026-07-22|www.seeedstudio.com|/Environment-Monitoring-c-2535.html|Cross-network|desktop,2026-07-22,www.seeedstudio.com,/Environment-Monitoring-c-2535.html,Environment Monitoring - Sensors & Actuators - Home Assistant,Cross-network,desktop,2,1,1,1.0,0.0,18.0,0,0.0,2026-07-20,2026-07-28 08:59:06
2026-07-22|www.seeedstudio.com|/Environment-Monitoring-c-2535.html|Email|desktop,2026-07-22,www.seeedstudio.com,/Environment-Monitoring-c-2535.html,Environment Monitoring - Sensors & Actuators - Home Assistant,Email,desktop,2,1,1,1.0,0.0,36.0,0,0.0,2026-07-20,2026-07-28 08:59:06
2026-07-22|www.seeedstudio.com|/industries/environment-monitoring|Paid Search|mobile,2026-07-22,www.seeedstudio.com,/industries/environment-monitoring,Environment monitoring - solution,Paid Search,mobile,2,1,1,1.0,0.0,44.0,0,0.0,2026-07-20,2026-07-28 08:59:06
2026-07-23|www.seeedstudio.com|/Environment-Monitoring-c-2535.html|Organic Search|desktop,2026-07-23,www.seeedstudio.com,/Environment-Monitoring-c-2535.html,Environment Monitoring - Sensors & Actuators - Home Assistant,Organic Search,desktop,2,1,1,1.0,0.0,15.0,0,0.0,2026-07-20,2026-07-28 08:59:06
2026-07-23|www.seeedstudio.com|/Environment-Monitoring-c-2535.html|Paid Search|desktop,2026-07-23,www.seeedstudio.com,/Environment-Monitoring-c-2535.html,Environment Monitoring - Sensors & Actuators - Home Assistant,Paid Search,desktop,2,1,1,1.0,0.0,6.0,0,0.0,2026-07-20,2026-07-28 08:59:06
2026-07-23|www.seeedstudio.com|/industries/environment-monitoring|Organic Search|mobile,2026-07-23,www.seeedstudio.com,/industries/environment-monitoring,Environment monitoring - solution,Organic Search,mobile,2,1,1,1.0,0.0,36.0,0,0.0,2026-07-20,2026-07-28 08:59:06
2026-07-24|www.seeedstudio.com|/Environment-Monitoring-c-2535.html|Referral|desktop,2026-07-24,www.seeedstudio.com,/Environment-Monitoring-c-2535.html,Environment Monitoring - Sensors & Actuators - Home Assistant,Referral,desktop,2,1,1,1.0,0.0,83.0,0,0.0,2026-07-20,2026-07-28 08:59:06
2026-07-24|www.seeedstudio.com|/industries/environment-monitoring|Referral|desktop,2026-07-24,www.seeedstudio.com,/industries/environment-monitoring,Environment monitoring - solution,Referral,desktop,2,1,1,1.0,0.0,39.0,0,0.0,2026-07-20,2026-07-28 08:59:06
2026-07-27|www.seeedstudio.com|/Environment-Monitoring-c-2535.html|Organic Search|desktop,2026-07-27,www.seeedstudio.com,/Environment-Monitoring-c-2535.html,Environment Monitoring - Sensors & Actuators - Home Assistant,Organic Search,desktop,2,2,2,0.5,0.5,25.5,0,0.0,2026-07-27,2026-07-28 08:59:06
2026-07-02|www.seeedstudio.com|/Environment-Monitoring-c-2535.html|Direct|desktop,2026-07-02,www.seeedstudio.com,/Environment-Monitoring-c-2535.html,Environment Monitoring - Sensors & Actuators - Home Assistant,Direct,desktop,1,1,1,1.0,0.0,22.0,0,0.0,2026-06-29,2026-07-28 08:59:06
2026-07-03|www.seeedstudio.com|/Environment-Monitoring-c-2535.html|Email|desktop,2026-07-03,www.seeedstudio.com,/Environment-Monitoring-c-2535.html,Environment Monitoring - Sensors & Actuators - Home Assistant,Email,desktop,1,1,1,1.0,0.0,23.0,0,0.0,2026-06-29,2026-07-28 08:59:06
2026-07-06|www.seeedstudio.com|/Environment-Monitoring-c-2535.html|Organic Search|desktop,2026-07-06,www.seeedstudio.com,/Environment-Monitoring-c-2535.html,Environment Monitoring - Sensors & Actuators - Home Assistant,Organic Search,desktop,1,1,1,1.0,0.0,0.0,0,0.0,2026-07-06,2026-07-28 08:59:06
2026-07-06|www.seeedstudio.com|/Environment-Monitoring-c-2535.html|Paid Search|desktop,2026-07-06,www.seeedstudio.com,/Environment-Monitoring-c-2535.html,Environment Monitoring - Sensors & Actuators - Home Assistant,Paid Search,desktop,1,1,2,0.5,0.5,23.0,0,0.0,2026-07-06,2026-07-28 08:59:06
2026-07-06|www.seeedstudio.com|/Environment-Monitoring-c-2535.html|Referral|desktop,2026-07-06,www.seeedstudio.com,/Environment-Monitoring-c-2535.html,Environment Monitoring - Sensors & Actuators - Home Assistant,Referral,desktop,1,1,1,1.0,0.0,45.0,0,0.0,2026-07-06,2026-07-28 08:59:06
2026-07-07|www.seeedstudio.com|/Environment-Monitoring-c-2535.html|Unassigned|desktop,2026-07-07,www.seeedstudio.com,/Environment-Monitoring-c-2535.html,Environment Monitoring - Sensors & Actuators - Home Assistant,Unassigned,desktop,1,1,1,1.0,0.0,5.0,0,0.0,2026-07-06,2026-07-28 08:59:06
2026-07-07|www.seeedstudio.com|/blog/environment-monitoring/|Direct|desktop,2026-07-07,www.seeedstudio.com,/blog/environment-monitoring/,ENVIRONMENT MONITORING - Latest News from Seeed Studio,Direct,desktop,1,1,1,0.0,1.0,0.0,0,0.0,2026-07-06,2026-07-28 08:59:06
2026-07-07|www.seeedstudio.com|/industries/environment-monitoring|Organic Search|mobile,2026-07-07,www.seeedstudio.com,/industries/environment-monitoring,Environment monitoring - solution,Organic Search,mobile,1,1,1,1.0,0.0,15.0,0,0.0,2026-07-06,2026-07-28 08:59:06
2026-07-09|www.seeedstudio.com|/Environment-Monitoring-c-2535.html|Organic Search|desktop,2026-07-09,www.seeedstudio.com,/Environment-Monitoring-c-2535.html,Environment Monitoring - Sensors & Actuators - Home Assistant,Organic Search,desktop,1,1,1,1.0,0.0,52.0,0,0.0,2026-07-06,2026-07-28 08:59:06
2026-07-10|www.seeedstudio.com|/Environment-Monitoring-c-2535.html|Organic Video|desktop,2026-07-10,www.seeedstudio.com,/Environment-Monitoring-c-2535.html,Environment Monitoring - Sensors & Actuators - Home Assistant,Organic Video,desktop,1,1,1,1.0,0.0,15.0,0,0.0,2026-07-06,2026-07-28 08:59:06
2026-07-13|www.seeedstudio.com|/blog/environment-monitoring/|Direct|desktop,2026-07-13,www.seeedstudio.com,/blog/environment-monitoring/,ENVIRONMENT MONITORING - Latest News from Seeed Studio,Direct,desktop,1,1,1,0.0,1.0,0.0,0,0.0,2026-07-13,2026-07-28 08:59:06
2026-07-14|www.seeedstudio.com|/Environment-Monitoring-c-2535.html|Referral|desktop,2026-07-14,www.seeedstudio.com,/Environment-Monitoring-c-2535.html,Environment Monitoring - Sensors & Actuators - Home Assistant,Referral,desktop,1,1,1,1.0,0.0,18.0,0,0.0,2026-07-13,2026-07-28 08:59:06
2026-07-14|www.seeedstudio.com|/blog/environment-monitoring/|Unassigned|desktop,2026-07-14,www.seeedstudio.com,/blog/environment-monitoring/,ENVIRONMENT MONITORING - Latest News from Seeed Studio,Unassigned,desktop,1,1,1,1.0,0.0,24.0,0,0.0,2026-07-13,2026-07-28 08:59:06
2026-07-17|www.seeedstudio.com|/industries/environment-monitoring|Direct|mobile,2026-07-17,www.seeedstudio.com,/industries/environment-monitoring,Environment monitoring - solution,Direct,mobile,1,1,1,1.0,0.0,24.0,0,0.0,2026-07-13,2026-07-28 08:59:06
2026-07-18|www.seeedstudio.com|/Environment-Monitoring-c-2535.html|Organic Search|desktop,2026-07-18,www.seeedstudio.com,/Environment-Monitoring-c-2535.html,Environment Monitoring - Sensors & Actuators - Home Assistant,Organic Search,desktop,1,1,1,1.0,0.0,30.0,0,0.0,2026-07-13,2026-07-28 08:59:06
2026-07-20|www.seeedstudio.com|/Environment-Monitoring-c-2535.html|Unassigned|desktop,2026-07-20,www.seeedstudio.com,/Environment-Monitoring-c-2535.html,Environment Monitoring - Sensors & Actuators - Home Assistant,Unassigned,desktop,1,1,1,0.0,1.0,7.0,0,0.0,2026-07-20,2026-07-28 08:59:06
2026-07-22|www.seeedstudio.com|/Environment-Monitoring-c-2535.html|Direct|desktop,2026-07-22,www.seeedstudio.com,/Environment-Monitoring-c-2535.html,Environment Monitoring - Sensors & Actuators - Home Assistant,Direct,desktop,1,1,1,1.0,0.0,33.0,0,0.0,2026-07-20,2026-07-28 08:59:06
2026-07-23|www.seeedstudio.com|/Environment-Monitoring-c-2535.html|Direct|desktop,2026-07-23,www.seeedstudio.com,/Environment-Monitoring-c-2535.html,Environment Monitoring - Sensors & Actuators - Home Assistant,Direct,desktop,1,1,1,1.0,0.0,31.0,0,0.0,2026-07-20,2026-07-28 08:59:06
2026-07-23|www.seeedstudio.com|/Environment-Monitoring-c-2535.html|Referral|desktop,2026-07-23,www.seeedstudio.com,/Environment-Monitoring-c-2535.html,Environment Monitoring - Sensors & Actuators - Home Assistant,Referral,desktop,1,1,1,1.0,0.0,50.0,0,0.0,2026-07-20,2026-07-28 08:59:06
2026-07-24|www.seeedstudio.com|/industries/environment-monitoring|Organic Social|mobile,2026-07-24,www.seeedstudio.com,/industries/environment-monitoring,Environment monitoring - solution,Organic Social,mobile,1,1,1,1.0,0.0,0.0,0,0.0,2026-07-20,2026-07-28 08:59:06
2026-07-26|www.seeedstudio.com|/Environment-Monitoring-c-2535.html|Organic Social|desktop,2026-07-26,www.seeedstudio.com,/Environment-Monitoring-c-2535.html,Environment Monitoring - Sensors & Actuators - Home Assistant,Organic Social,desktop,1,1,1,1.0,0.0,0.0,0,0.0,2026-07-20,2026-07-28 08:59:06
2026-07-26|www.seeedstudio.com|/Environment-Monitoring-c-2535.html|Referral|desktop,2026-07-26,www.seeedstudio.com,/Environment-Monitoring-c-2535.html,Environment Monitoring - Sensors & Actuators - Home Assistant,Referral,desktop,1,1,1,1.0,0.0,64.0,0,0.0,2026-07-20,2026-07-28 08:59:06
2026-07-27|www.seeedstudio.com|/Environment-Monitoring-c-2535.html|Direct|desktop,2026-07-27,www.seeedstudio.com,/Environment-Monitoring-c-2535.html,Environment Monitoring - Sensors & Actuators - Home Assistant,Direct,desktop,1,1,1,0.0,1.0,6.0,0,0.0,2026-07-27,2026-07-28 08:59:06
2026-07-06|www.seeedstudio.com|/Environment-Monitoring-c-2535.html|Organic Search|desktop,2026-07-06,www.seeedstudio.com,/Environment-Monitoring-c-2535.html,Monitorowanie środowiska – czujniki i siłowniki – asystent domowy,Organic Search,desktop,0,1,1,1.0,0.0,5.0,0,0.0,2026-07-06,2026-07-28 08:59:06
2026-07-09|www.seeedstudio.com|/Environment-Monitoring-c-2535.html|Unassigned|desktop,2026-07-09,www.seeedstudio.com,/Environment-Monitoring-c-2535.html,Environment Monitoring - Sensors & Actuators - Home Assistant,Unassigned,desktop,0,1,1,1.0,0.0,1.0,0,0.0,2026-07-06,2026-07-28 08:59:06
2026-07-25|www.seeedstudio.com|/Environment-Monitoring-c-2535.html|Organic Search|desktop,2026-07-25,www.seeedstudio.com,/Environment-Monitoring-c-2535.html,Environment Monitoring - Sensors & Actuators - Home Assistant,Organic Search,desktop,0,0,1,0.0,1.0,0.0,0,0.0,2026-07-20,2026-07-28 08:59:06
2026-07-18|www.seeedstudio.com|/blog/2023/11/29/hazard-response-mission-pack-october-workshops-recap/|Direct|mobile,2026-07-18,www.seeedstudio.com,/blog/2023/11/29/hazard-response-mission-pack-october-workshops-recap/,Hazard Response Mission Pack: October Workshops Recap - Latest News from Seeed Studio,Direct,mobile,2,1,1,1.0,0.0,214.0,0,0.0,2026-07-13,2026-07-28 08:59:06
2026-07-08|www.seeedstudio.com|/blog/2023/11/29/hazard-response-mission-pack-october-workshops-recap/|Email|desktop,2026-07-08,www.seeedstudio.com,/blog/2023/11/29/hazard-response-mission-pack-october-workshops-recap/,Hazard Response Mission Pack: October Workshops Recap - Latest News from Seeed Studio,Email,desktop,1,1,2,1.0,0.0,77.0,0,0.0,2026-07-06,2026-07-28 08:59:06
2026-07-20|www.seeedstudio.com|/blog/2023/11/29/hazard-response-mission-pack-october-workshops-recap/|Direct|desktop,2026-07-20,www.seeedstudio.com,/blog/2023/11/29/hazard-response-mission-pack-october-workshops-recap/,Hazard Response Mission Pack: October Workshops Recap - Latest News from Seeed Studio,Direct,desktop,1,1,1,0.0,1.0,0.0,0,0.0,2026-07-20,2026-07-28 08:59:06
